Order_ID,Order_Date,Customer_ID,Age,Gender,City,Product,Category,Quantity,Unit_Price,Discount_Percent,Gross_Sales,Discount_Amount,Purchase_Amount,Sales_Channel,Payment_Method,Order_Status,Year
ORD21168,2025-05-02,CUST1111,54.0,Male,Bengaluru,Mouse,Accessories,3,1151.22,0.0,3453.66,0.0,3453.66,Marketplace,Cash on Delivery,Completed,2025
ORD20882,2024-10-05,CUST1123,60.0,Female,Delhi,Air Fryer,Home & Kitchen,4,9038.35,0.15,36153.4,5423.01,30730.39,Marketplace,Cash on Delivery,Completed,2024
ORD21079,2025-02-26,CUST1263,28.0,Male,Mumbai,T-Shirt,Fashion,1,1087.43,0.1,1087.43,108.74,-978.69,Mobile App,UPI,Returned,2025
ORD20466,2023-12-06,CUST1048,49.0,Male,Jaipur,Smartwatch,Electronics,2,11211.95,0.15,22423.9,3363.58,19060.32,Website,Cash on Delivery,Completed,2023
ORD21387,2025-10-09,CUST1047,31.0,Male,Ahmedabad,Keyboard,Accessories,4,2374.82,0.15,9499.28,1424.89,8074.39,Marketplace,Debit Card,Completed,2025
ORD20695,2024-05-21,CUST1073,48.0,Female,Mumbai,Laptop,Electronics,4,69043.48,0.1,276173.92,27617.39,248556.53,Website,UPI,Completed,2024
ORD20604,2024-03-16,CUST1188,39.0,Male,Jaipur,Keyboard,Accessories,4,2390.25,0.1,9561.0,956.1,8604.9,Website,Net Banking,Completed,2024
ORD20876,2024-10-01,CUST1091,18.0,Male,Chennai,Air Fryer,Home & Kitchen,2,7919.17,0.05,15838.34,791.92,15046.42,Mobile App,Net Banking,Completed,2024
ORD20168,2023-05-02,CUST1043,30.0,Male,Hyderabad,Shoes,Fashion,3,4089.33,0.15,12267.99,1840.2,10427.79,Mobile App,Debit Card,Completed,2023
ORD20371,2023-09-28,CUST1213,61.0,Female,Delhi,Headphones,Electronics,3,3490.22,0.05,10470.66,523.53,9947.13,Website,Credit Card,Completed,2023
ORD20717,2024-06-07,CUST1280,46.0,Female,Nagpur,Backpack,Accessories,1,2212.78,0.0,2212.78,0.0,2212.78,Mobile App,Net Banking,Completed,2024
ORD20976,2024-12-13,CUST1199,33.0,Female,Jaipur,Desk,Furniture,1,17421.05,0.05,17421.05,871.05,16550.0,Website,UPI,Completed,2024
ORD20355,2023-09-16,CUST1234,49.0,Female,Nagpur,Laptop,Electronics,4,66452.2,0.1,265808.8,26580.88,239227.92,Website,Net Banking,Completed,2023
ORD21142,2025-04-13,CUST1172,28.0,Female,Chennai,Smartphone,Electronics,5,41618.77,0.0,208093.85,0.0,208093.85,Marketplace,Credit Card,Completed,2025
ORD20264,2023-07-12,CUST1100,30.0,Male,Bengaluru,Desk,Furniture,5,16992.43,0.0,84962.15,0.0,84962.15,Mobile App,Credit Card,Completed,2023
ORD21414,2025-10-29,CUST1043,30.0,Male,Hyderabad,Shoes,Fashion,2,4106.99,0.1,8213.98,821.4,7392.58,Mobile App,UPI,Completed,2025
ORD20096,2023-03-11,CUST1177,19.0,Male,Mumbai,Mouse,Accessories,2,1205.46,0.15,2410.92,361.64,2049.28,Mobile App,Net Banking,Completed,2023
ORD20612,2024-03-22,CUST1254,18.0,Male,Pune,Tablet,Electronics,3,28183.64,0.05,84550.92,4227.55,80323.37,Mobile App,Cash on Delivery,Completed,2024
ORD20072,2023-02-21,CUST1082,60.0,Male,Hyderabad,Tablet,Electronics,2,28902.45,0.0,57804.9,0.0,57804.9,Website,UPI,Completed,2023
ORD20678,2024-05-09,CUST1249,63.0,Male,Nagpur,Coffee Maker,Home & Kitchen,4,5979.87,0.15,23919.48,3587.92,20331.56,Website,Cash on Delivery,Completed,2024
ORD20758,2024-07-06,CUST1233,58.0,Female,Ahmedabad,Keyboard,Accessories,5,2746.36,0.1,13731.8,1373.18,-12358.62,Marketplace,Net Banking,Returned,2024
ORD20719,2024-06-08,CUST1138,30.0,Female,Nagpur,Keyboard,Accessories,5,2348.36,0.1,11741.8,1174.18,10567.62,Marketplace,Cash on Delivery,Completed,2024
ORD20375,2023-10-01,CUST1268,21.0,Male,Pune,Keyboard,Accessories,2,2542.49,0.15,5084.98,762.75,4322.23,Website,UPI,Completed,2023
ORD20345,2023-09-09,CUST1082,60.0,Male,Hyderabad,Shoes,Fashion,1,4237.23,0.0,4237.23,0.0,4237.23,Website,Cash on Delivery,Completed,2023
ORD20514,2024-01-10,CUST1177,19.0,Male,Mumbai,Tablet,Electronics,2,29291.95,0.0,58583.9,0.0,58583.9,Mobile App,Cash on Delivery,Completed,2024
ORD20518,2024-01-13,CUST1097,26.0,Female,Delhi,Air Fryer,Home & Kitchen,4,8368.99,0.05,33475.96,1673.8,31802.16,Mobile App,UPI,Completed,2024
ORD20207,2023-05-31,CUST1071,51.0,Male,Hyderabad,Air Fryer,Home & Kitchen,4,9064.07,0.1,36256.28,3625.63,32630.65,Marketplace,Credit Card,Completed,2023
ORD21187,2025-05-16,CUST1150,46.0,Male,Nagpur,Headphones,Electronics,3,3778.17,0.05,11334.51,566.73,10767.78,Mobile App,Credit Card,Completed,2025
ORD20117,2023-03-26,CUST1198,23.0,Female,Bengaluru,Jacket,Fashion,3,3616.2,0.1,10848.6,1084.86,0.0,Website,Cash on Delivery,Cancelled,2023
ORD20836,2024-09-01,CUST1071,51.0,Male,Hyderabad,Coffee Maker,Home & Kitchen,1,6209.46,0.15,6209.46,931.42,5278.04,Marketplace,Credit Card,Completed,2024
ORD20603,2024-03-15,CUST1236,26.0,Male,Ahmedabad,Jacket,Fashion,3,3715.96,0.0,11147.88,0.0,11147.88,Marketplace,Cash on Delivery,Completed,2024
ORD20287,2023-07-28,CUST1014,41.0,Male,Bengaluru,Jacket,Fashion,3,3426.82,0.15,10280.46,1542.07,8738.39,Mobile App,UPI,Completed,2023
ORD20044,2023-02-01,CUST1260,62.0,Male,Jaipur,Headphones,Electronics,1,3638.66,0.05,3638.66,181.93,-3456.73,Marketplace,Debit Card,Returned,2023
ORD21090,2025-03-06,CUST1300,39.0,Female,Hyderabad,Smartwatch,Electronics,3,12932.2,0.0,38796.6,0.0,38796.6,Mobile App,Cash on Delivery,Completed,2025
ORD20713,2024-06-04,CUST1045,,Female,Delhi,T-Shirt,Fashion,4,1174.16,0.15,4696.64,704.5,3992.14,Mobile App,Debit Card,Completed,2024
ORD20864,2024-09-22,CUST1031,62.0,Female,Pune,Air Fryer,Home & Kitchen,2,8296.56,0.05,16593.12,829.66,15763.46,Website,Net Banking,Completed,2024
ORD21203,2025-05-28,CUST1276,37.0,Male,Nagpur,Mouse,Accessories,1,1145.15,0.1,1145.15,114.52,0.0,Mobile App,Net Banking,Cancelled,2025
ORD20288,2023-07-29,CUST1192,41.0,Male,Bengaluru,Office Chair,Furniture,1,11168.66,0.0,11168.66,0.0,-11168.66,Marketplace,Debit Card,Returned,2023
ORD20187,2023-05-16,CUST1230,42.0,Male,Mumbai,Backpack,Accessories,3,2095.33,0.0,6285.99,0.0,6285.99,Mobile App,UPI,Completed,2023
ORD20408,2023-10-25,CUST1006,25.0,Male,Ahmedabad,Headphones,Electronics,3,3436.67,0.15,10310.01,1546.5,8763.51,Website,Debit Card,Completed,2023
ORD20118,2023-03-27,CUST1098,45.0,Other,Ahmedabad,Smartphone,Electronics,3,39290.35,0.1,117871.05,11787.11,106083.94,Website,Credit Card,Completed,2023
ORD20398,2023-10-18,CUST1006,25.0,Male,Ahmedabad,Jacket,Fashion,3,3196.99,0.15,9590.97,1438.65,8152.32,Marketplace,UPI,Completed,2023
ORD20061,2023-02-13,CUST1210,20.0,Female,Pune,Jacket,Fashion,5,3239.71,0.15,16198.55,2429.78,13768.77,Marketplace,Net Banking,Completed,2023
ORD20737,2024-06-21,CUST1018,45.0,Male,Hyderabad,T-Shirt,Fashion,2,1198.76,0.2,2397.52,479.5,1918.02,Marketplace,Debit Card,Completed,2024
ORD21245,2025-06-27,CUST1130,29.0,Male,Hyderabad,Desk,Furniture,4,19648.99,0.1,78595.96,7859.6,70736.36,Mobile App,Credit Card,Completed,2025
ORD20147,2023-04-17,CUST1082,60.0,Male,Hyderabad,Desk,Furniture,3,19359.17,0.05,58077.51,2903.88,55173.63,Mobile App,UPI,Completed,2023
ORD21012,2025-01-08,CUST1103,27.0,Male,Delhi,Mouse,Accessories,1,1174.14,0.05,1174.14,58.71,1115.43,Mobile App,Credit Card,Completed,2025
ORD20173,2023-05-06,CUST1263,28.0,Male,Mumbai,Air Fryer,Home & Kitchen,4,8028.47,0.1,32113.88,3211.39,28902.49,Mobile App,UPI,Completed,2023
ORD20128,2023-04-03,CUST1143,28.0,Female,Pune,Backpack,Accessories,4,2355.09,0.1,9420.36,942.04,8478.32,Marketplace,UPI,Completed,2023
ORD20657,2024-04-24,CUST1121,41.0,Male,Nagpur,Smartphone,Electronics,1,39198.81,0.1,39198.81,3919.88,35278.93,Mobile App,UPI,Completed,2024
ORD21195,2025-05-22,CUST1157,43.0,Female,Nagpur,Mouse,Accessories,4,1151.32,0.0,4605.28,0.0,4605.28,Mobile App,Cash on Delivery,Completed,2025
ORD21078,2025-02-25,CUST1067,49.0,Female,Delhi,Coffee Maker,Home & Kitchen,1,6743.46,0.15,6743.46,1011.52,0.0,Marketplace,Cash on Delivery,Cancelled,2025
ORD21054,2025-02-08,CUST1195,25.0,Male,Nagpur,Office Chair,Furniture,1,12108.16,0.1,12108.16,1210.82,10897.34,Marketplace,Credit Card,Completed,2025
ORD21448,2025-11-23,CUST1178,25.0,Male,Hyderabad,Laptop,Electronics,4,69842.81,0.15,279371.24,41905.69,237465.55,Website,Net Banking,Completed,2025
ORD20102,2023-03-15,CUST1171,20.0,Female,Hyderabad,Mouse,Accessories,1,1099.58,0.15,1099.58,164.94,934.64,Marketplace,Cash on Delivery,Completed,2023
ORD21247,2025-06-29,CUST1202,51.0,Female,Hyderabad,Smartwatch,Electronics,4,11848.34,0.05,47393.36,2369.67,45023.69,Website,Net Banking,Completed,2025
ORD21294,2025-08-02,CUST1026,33.0,Male,Mumbai,T-Shirt,Fashion,2,1111.11,0.1,2222.22,222.22,2000.0,Marketplace,Cash on Delivery,Completed,2025
ORD20112,2023-03-23,CUST1300,39.0,Female,Hyderabad,Jacket,Fashion,2,3573.85,0.1,7147.7,714.77,6432.93,Mobile App,Debit Card,Completed,2023
ORD20502,2024-01-01,CUST1299,37.0,Male,Chennai,Air Fryer,Home & Kitchen,2,8985.75,0.1,17971.5,1797.15,16174.35,Website,UPI,Completed,2024
ORD21021,2025-01-15,CUST1201,39.0,Female,Nagpur,Keyboard,Accessories,1,2603.16,0.15,2603.16,390.47,2212.69,Mobile App,Debit Card,Completed,2025
ORD21434,2025-11-12,CUST1113,37.0,Male,Chennai,Mouse,Accessories,4,1178.94,0.1,4715.76,471.58,4244.18,Mobile App,Net Banking,Completed,2025
ORD20889,2024-10-10,CUST1288,64.0,Female,Pune,Tablet,Electronics,4,27603.17,0.15,110412.68,16561.9,93850.78,Mobile App,Credit Card,Completed,2024
ORD20341,2023-09-06,CUST1058,51.0,Male,Bengaluru,Air Fryer,Home & Kitchen,3,9288.33,0.15,27864.99,4179.75,23685.24,Website,Cash on Delivery,Completed,2023
ORD20741,2024-06-24,CUST1147,32.0,Female,Jaipur,Air Fryer,Home & Kitchen,5,9137.91,0.15,45689.55,6853.43,0.0,Marketplace,UPI,Cancelled,2024
ORD20908,2024-10-24,CUST1172,28.0,Female,Chennai,Headphones,Electronics,4,3225.38,0.05,12901.52,645.08,12256.44,Marketplace,Net Banking,Completed,2024
ORD20705,2024-05-29,CUST1214,62.0,Female,Mumbai,Keyboard,Accessories,5,2494.03,0.05,12470.15,623.51,11846.64,Website,,Completed,2024
ORD21458,2025-11-30,CUST1193,40.0,Female,Jaipur,Smartphone,Electronics,2,41649.52,0.1,83299.04,8329.9,74969.14,Website,Net Banking,Completed,2025
ORD21282,2025-07-24,CUST1156,43.0,Male,Ahmedabad,Smartwatch,Electronics,3,12722.31,0.05,38166.93,1908.35,36258.58,Marketplace,Net Banking,Completed,2025
ORD20493,2023-12-26,CUST1297,63.0,Other,Chennai,Desk,Furniture,3,19421.97,0.0,58265.91,0.0,58265.91,Website,Debit Card,Completed,2023
ORD20929,2024-11-08,CUST1276,37.0,Male,Nagpur,T-Shirt,Fashion,5,1277.97,0.0,6389.85,0.0,6389.85,Mobile App,Debit Card,Completed,2024
ORD20064,2023-02-16,CUST1060,33.0,Female,Ahmedabad,T-Shirt,Fashion,4,1207.97,0.05,4831.88,241.59,-4590.29,Mobile App,Cash on Delivery,Returned,2023
ORD20982,2024-12-17,CUST1045,56.0,Female,Delhi,Coffee Maker,Home & Kitchen,5,6894.09,0.1,34470.45,3447.04,31023.41,Website,Net Banking,Completed,2024
ORD21452,2025-11-25,CUST1154,38.0,Male,Bengaluru,Office Chair,Furniture,4,12682.67,0.0,50730.68,0.0,50730.68,Website,UPI,Completed,2025
ORD20059,2023-02-12,CUST1277,34.0,Male,Bengaluru,Coffee Maker,Home & Kitchen,2,7050.89,0.1,14101.78,1410.18,12691.6,Marketplace,Debit Card,Completed,2023
ORD20659,2024-04-25,CUST1185,20.0,Female,Delhi,Desk,Furniture,5,18117.7,0.05,90588.5,4529.42,86059.08,Marketplace,Net Banking,Completed,2024
ORD20285,2023-07-27,CUST1261,43.0,Male,Jaipur,Office Chair,Furniture,3,10994.07,0.0,32982.21,0.0,32982.21,Mobile App,UPI,Completed,2023
ORD21128,2025-04-03,CUST1019,37.0,Female,Nagpur,Tablet,Electronics,3,30511.62,0.1,91534.86,9153.49,82381.37,Marketplace,Cash on Delivery,Completed,2025
ORD20675,2024-05-07,CUST1020,55.0,Female,Pune,Smartphone,Electronics,2,42432.34,0.1,84864.68,8486.47,76378.21,Website,Net Banking,Completed,2024
ORD20978,2024-12-14,CUST1142,50.0,Female,Delhi,Coffee Maker,Home & Kitchen,4,7053.42,0.0,28213.68,0.0,28213.68,Website,Net Banking,Completed,2024
ORD20417,2023-10-31,CUST1089,53.0,Female,Mumbai,Coffee Maker,Home & Kitchen,1,6427.5,0.1,6427.5,642.75,5784.75,Website,Cash on Delivery,Completed,2023
ORD20667,2024-05-01,CUST1016,46.0,Female,Chennai,Jacket,Fashion,3,3742.38,0.05,11227.14,561.36,10665.78,Website,Debit Card,Completed,2024
ORD20599,2024-03-12,CUST1164,33.0,Male,Hyderabad,Smartwatch,Electronics,2,12238.87,0.15,24477.74,3671.66,20806.08,Marketplace,UPI,Completed,2024
ORD20201,2023-05-27,CUST1238,49.0,Male,Kolkata,Keyboard,Accessories,1,2545.77,0.05,2545.77,127.29,2418.48,Mobile App,Net Banking,Completed,2023
ORD21379,2025-10-03,CUST1168,21.0,Female,Hyderabad,Shoes,Fashion,5,4375.21,0.05,21876.05,1093.8,20782.25,Mobile App,Debit Card,Completed,2025
ORD21409,2025-10-25,CUST1240,50.0,Female,Bengaluru,Tablet,Electronics,5,27217.91,0.1,136089.55,13608.96,122480.59,Mobile App,Cash on Delivery,Completed,2025
ORD21075,2025-02-23,CUST1049,45.0,Male,Nagpur,Mouse,Accessories,3,1121.53,0.15,3364.59,504.69,2859.9,Marketplace,Debit Card,Completed,2025
ORD21200,2025-05-25,CUST1197,59.0,Male,Bengaluru,Tablet,Electronics,5,27826.8,0.1,139134.0,13913.4,125220.6,Marketplace,Credit Card,Completed,2025
ORD21230,2025-06-16,CUST1047,31.0,Male,Ahmedabad,T-Shirt,Fashion,1,1233.61,0.1,1233.61,123.36,1110.25,Mobile App,Debit Card,Completed,2025
ORD20431,2023-11-11,CUST1081,23.0,Female,Mumbai,Laptop,Electronics,4,60781.34,0.2,243125.36,48625.07,194500.29,Website,Cash on Delivery,Completed,2023
ORD20028,2023-01-20,CUST1094,25.0,Male,Bengaluru,Shoes,Fashion,4,4909.96,0.05,19639.84,981.99,18657.85,Marketplace,UPI,Completed,2023
ORD20709,2024-06-01,CUST1026,33.0,Male,Mumbai,Coffee Maker,Home & Kitchen,4,6071.21,0.05,24284.84,1214.24,23070.6,Mobile App,Cash on Delivery,Completed,2024
ORD20010,2023-01-07,CUST1269,30.0,Female,Mumbai,Desk,Furniture,4,16847.73,0.1,67390.92,6739.09,60651.83,Marketplace,Credit Card,Completed,2023
ORD20411,2023-10-27,CUST1167,50.0,Male,Mumbai,Laptop,Electronics,4,68905.55,0.15,275622.2,41343.33,234278.87,Marketplace,UPI,Completed,2023
ORD20998,2024-12-29,CUST1238,49.0,Male,Kolkata,Coffee Maker,Home & Kitchen,2,6507.3,0.1,13014.6,1301.46,11713.14,Marketplace,Credit Card,Completed,2024
ORD20205,2023-05-30,CUST1119,20.0,Male,Jaipur,Air Fryer,Home & Kitchen,1,8962.39,0.2,8962.39,1792.48,7169.91,Website,Debit Card,Completed,2023
ORD20714,2024-06-04,CUST1158,64.0,Other,Kolkata,Shoes,Fashion,2,4317.49,0.0,8634.98,0.0,8634.98,Website,UPI,Completed,2024
ORD21308,2025-08-12,CUST1079,39.0,Female,Kolkata,Smartphone,Electronics,1,37584.58,0.0,37584.58,0.0,37584.58,Marketplace,Credit Card,Completed,2025
ORD20326,2023-08-26,CUST1004,26.0,Male,Jaipur,Desk,Furniture,2,17451.43,0.0,34902.86,0.0,34902.86,Mobile App,Net Banking,Completed,2023
ORD21059,2025-02-11,CUST1093,26.0,Female,Ahmedabad,Air Fryer,Home & Kitchen,5,8293.0,0.05,41465.0,2073.25,39391.75,Marketplace,Net Banking,Completed,2025
ORD20692,2024-05-19,CUST1224,65.0,Male,Ahmedabad,Desk,Furniture,5,17967.26,0.05,89836.3,4491.82,85344.48,Website,UPI,Completed,2024
ORD20141,2023-04-13,CUST1004,26.0,Male,Jaipur,Headphones,Electronics,5,3595.74,0.15,17978.7,2696.8,15281.9,Mobile App,Credit Card,Completed,2023
ORD20260,2023-07-09,CUST1164,33.0,Male,Hyderabad,Tablet,Electronics,1,29536.52,0.15,29536.52,4430.48,25106.04,Marketplace,Debit Card,Completed,2023
ORD20279,2023-07-23,CUST1157,43.0,Female,Nagpur,Laptop,Electronics,1,65492.11,0.05,65492.11,3274.61,62217.5,Mobile App,Debit Card,Completed,2023
ORD20263,2023-07-11,CUST1261,43.0,Male,Jaipur,Mouse,Accessories,1,1194.22,0.2,1194.22,238.84,955.38,Mobile App,Cash on Delivery,Completed,2023
ORD21284,2025-07-26,CUST1073,48.0,Female,Mumbai,Coffee Maker,Home & Kitchen,5,6043.12,0.15,30215.6,4532.34,25683.26,Website,Debit Card,Completed,2025
ORD20879,2024-10-03,CUST1190,43.0,Male,Chennai,Shoes,Fashion,1,4058.12,0.05,4058.12,202.91,-3855.21,Marketplace,UPI,Returned,2024
ORD20433,2023-11-12,CUST1232,19.0,Male,Mumbai,Desk,Furniture,4,19239.85,0.0,76959.4,0.0,76959.4,Marketplace,Cash on Delivery,Completed,2023
ORD20397,2023-10-17,CUST1266,41.0,Male,Hyderabad,Coffee Maker,Home & Kitchen,5,5965.02,0.0,29825.1,0.0,29825.1,Marketplace,Credit Card,Completed,2023
ORD20961,2024-12-02,CUST1047,31.0,Male,Ahmedabad,Mouse,Accessories,1,1268.35,0.0,1268.35,0.0,1268.35,Mobile App,Cash on Delivery,Completed,2024
ORD20752,2024-07-02,CUST1130,29.0,Male,Hyderabad,Jacket,Fashion,1,3154.6,0.0,3154.6,0.0,3154.6,Mobile App,Net Banking,Completed,2024
ORD20782,2024-07-24,CUST1159,42.0,Male,Delhi,Jacket,Fashion,5,3482.17,0.15,17410.85,2611.63,14799.22,Mobile App,Cash on Delivery,Completed,2024
ORD20685,2024-05-14,CUST1054,43.0,Female,Pune,Jacket,Fashion,4,3534.39,0.0,14137.56,0.0,14137.56,Website,UPI,Completed,2024
ORD21314,2025-08-17,CUST1207,49.0,Male,Kolkata,Tablet,Electronics,3,28415.85,0.1,85247.55,8524.76,76722.79,Marketplace,Cash on Delivery,Completed,2025
ORD20902,2024-10-20,CUST1133,44.0,Male,Ahmedabad,T-Shirt,Fashion,4,1236.76,0.15,4947.04,742.06,4204.98,Marketplace,Debit Card,Completed,2024
ORD20018,2023-01-13,CUST1144,56.0,Male,Mumbai,Coffee Maker,Home & Kitchen,4,6360.72,0.05,25442.88,1272.14,24170.74,Mobile App,Debit Card,Completed,2023
ORD20359,2023-09-19,CUST1018,45.0,Male,Hyderabad,Mouse,Accessories,2,1216.0,0.1,2432.0,243.2,2188.8,Website,UPI,Completed,2023
ORD21233,2025-06-18,CUST1159,42.0,Male,Delhi,Air Fryer,Home & Kitchen,1,7794.68,0.15,7794.68,1169.2,6625.48,Mobile App,UPI,Completed,2025
ORD21006,2025-01-04,CUST1181,41.0,Male,Jaipur,Keyboard,Accessories,4,2591.14,0.2,10364.56,2072.91,8291.65,Website,UPI,Completed,2025
ORD21083,2025-03-01,CUST1061,62.0,Other,Nagpur,T-Shirt,Fashion,4,1099.01,0.15,4396.04,659.41,3736.63,Website,Cash on Delivery,Completed,2025
ORD21227,2025-06-14,CUST1099,18.0,Female,Jaipur,Keyboard,Accessories,2,2575.01,0.1,5150.02,515.0,4635.02,Marketplace,UPI,Completed,2025
ORD21003,2025-01-01,CUST1187,18.0,Female,Hyderabad,Mouse,Accessories,5,1286.88,0.15,6434.4,965.16,5469.24,Marketplace,Debit Card,Completed,2025
ORD20904,2024-10-21,CUST1102,55.0,Male,Mumbai,Shoes,Fashion,5,4946.74,0.05,24733.7,1236.69,23497.01,Mobile App,Net Banking,Completed,2024
ORD20739,2024-06-23,CUST1099,18.0,Female,Jaipur,Shoes,Fashion,2,4900.58,0.0,9801.16,0.0,9801.16,Marketplace,UPI,Completed,2024
ORD20718,2024-06-07,CUST1251,53.0,Male,Chennai,Headphones,Electronics,3,3566.71,0.15,10700.13,1605.02,0.0,Mobile App,UPI,Cancelled,2024
ORD20119,2023-03-28,CUST1068,32.0,Male,Bengaluru,Office Chair,Furniture,4,12687.4,0.15,50749.6,7612.44,43137.16,Website,Credit Card,Completed,2023
ORD20485,2023-12-20,CUST1210,20.0,Female,Pune,Smartphone,Electronics,2,43065.25,0.0,86130.5,0.0,86130.5,Mobile App,Credit Card,Completed,2023
ORD20572,2024-02-22,CUST1283,61.0,Female,Nagpur,T-Shirt,Fashion,5,1264.17,0.05,6320.85,316.04,6004.81,Marketplace,Cash on Delivery,Completed,2024
ORD20636,2024-04-08,CUST1121,41.0,Male,Nagpur,T-Shirt,Fashion,2,1119.84,0.0,2239.68,0.0,2239.68,Marketplace,UPI,Completed,2024
ORD21430,2025-11-09,CUST1269,30.0,Female,Mumbai,T-Shirt,Fashion,1,1143.01,0.15,1143.01,171.45,971.56,Website,Debit Card,Completed,2025
ORD20142,2023-04-13,CUST1014,41.0,Male,Bengaluru,Laptop,Electronics,5,62338.38,0.0,311691.9,0.0,311691.9,Website,Net Banking,Completed,2023
ORD21085,2025-03-02,CUST1034,40.0,Male,Kolkata,Tablet,Electronics,1,27949.27,0.1,27949.27,2794.93,25154.34,Marketplace,Debit Card,Completed,2025
ORD20906,2024-10-23,CUST1081,23.0,Female,Mumbai,Desk,Furniture,2,18174.4,0.1,36348.8,3634.88,32713.92,Website,UPI,Completed,2024
ORD21198,2025-05-24,CUST1018,45.0,Male,Hyderabad,Smartwatch,Electronics,2,12501.98,0.15,25003.96,3750.59,21253.37,Mobile App,Cash on Delivery,Completed,2025
ORD20511,2024-01-08,CUST1088,55.0,Female,Nagpur,Smartwatch,Electronics,4,11422.2,0.0,45688.8,0.0,45688.8,Website,Credit Card,Completed,2024
ORD20801,2024-08-07,CUST1056,18.0,Female,Hyderabad,Shoes,Fashion,3,4324.59,0.0,12973.77,0.0,-12973.77,Website,Cash on Delivery,Returned,2024
ORD20654,2024-04-22,CUST1256,28.0,Female,Pune,Laptop,Electronics,5,67884.27,0.0,339421.35,0.0,339421.35,Website,UPI,Completed,2024
ORD20211,2023-06-03,CUST1150,46.0,Male,Nagpur,Tablet,Electronics,3,25234.09,0.1,75702.27,7570.23,-68132.04,Marketplace,Cash on Delivery,Returned,2023
ORD21218,2025-06-08,CUST1205,19.0,Female,Pune,Mouse,Accessories,4,1199.77,0.0,4799.08,0.0,4799.08,Marketplace,Debit Card,Completed,2025
ORD20024,2023-01-17,CUST1086,58.0,Male,Ahmedabad,Office Chair,Furniture,4,12419.47,0.0,49677.88,0.0,49677.88,Marketplace,UPI,Completed,2023
ORD20229,2023-06-16,CUST1004,26.0,Male,Jaipur,Laptop,Electronics,3,60392.22,0.1,181176.66,18117.67,163058.99,Website,UPI,Completed,2023
ORD20531,2024-01-23,CUST1286,33.0,Male,Chennai,Laptop,Electronics,1,64400.54,0.15,64400.54,9660.08,54740.46,Mobile App,UPI,Completed,2024
ORD21019,2025-01-13,CUST1112,55.0,Other,Hyderabad,Coffee Maker,Home & Kitchen,5,6829.61,0.15,34148.05,5122.21,29025.84,Mobile App,Net Banking,Completed,2025
ORD21106,2025-03-18,CUST1033,59.0,Male,Mumbai,Office Chair,Furniture,3,11208.69,0.15,33626.07,5043.91,28582.16,Marketplace,Debit Card,Completed,2025
ORD20846,2024-09-09,CUST1296,34.0,Female,Jaipur,Laptop,Electronics,1,63346.37,0.15,63346.37,9501.96,53844.41,Mobile App,Debit Card,Completed,2024
ORD21391,2025-10-12,CUST1133,44.0,Male,Ahmedabad,Smartwatch,Electronics,3,11180.42,0.05,33541.26,1677.06,31864.2,Website,Net Banking,Completed,2025
ORD21145,2025-04-15,CUST1186,47.0,Male,Jaipur,Office Chair,Furniture,2,11457.7,0.15,22915.4,3437.31,19478.09,Mobile App,UPI,Completed,2025
ORD20651,2024-04-19,CUST1075,26.0,Female,Pune,Backpack,Accessories,4,2120.7,0.0,8482.8,0.0,8482.8,Marketplace,Cash on Delivery,Completed,2024
ORD21336,2025-09-02,CUST1129,41.0,Male,Jaipur,Tablet,Electronics,2,29145.92,0.05,58291.84,2914.59,55377.25,Marketplace,Credit Card,Completed,2025
ORD21207,2025-05-30,CUST1009,18.0,Female,Nagpur,Smartphone,Electronics,1,38672.47,0.2,38672.47,7734.49,30937.98,Mobile App,Net Banking,Completed,2025
ORD20694,2024-05-21,CUST1300,39.0,Female,Hyderabad,Office Chair,Furniture,1,12777.71,0.0,12777.71,0.0,12777.71,Mobile App,Cash on Delivery,Completed,2024
ORD21201,2025-05-26,CUST1023,29.0,Male,Mumbai,Smartwatch,Electronics,5,12340.02,0.15,61700.1,9255.02,52445.08,Website,UPI,Completed,2025
ORD20701,2024-05-26,CUST1102,55.0,Male,Mumbai,Headphones,Electronics,1,3833.48,0.1,3833.48,383.35,3450.13,Website,UPI,Completed,2024
ORD20472,2023-12-11,CUST1119,20.0,Male,Jaipur,Desk,Furniture,1,19615.96,0.05,19615.96,980.8,18635.16,Mobile App,Cash on Delivery,Completed,2023
ORD21347,2025-09-10,CUST1264,45.0,Female,Jaipur,Keyboard,Accessories,1,2539.36,0.0,2539.36,0.0,2539.36,Mobile App,Cash on Delivery,Completed,2025
ORD20014,2023-01-10,CUST1122,49.0,Other,Mumbai,Mouse,Accessories,1,1193.35,0.05,1193.35,59.67,1133.68,Website,Cash on Delivery,Completed,2023
ORD20109,2023-03-20,CUST1282,43.0,Male,Kolkata,Smartwatch,Electronics,5,13050.55,0.05,65252.75,3262.64,61990.11,Website,Cash on Delivery,Completed,2023
ORD21281,2025-07-24,CUST1032,60.0,Male,Hyderabad,Shoes,Fashion,2,4514.02,0.0,9028.04,0.0,9028.04,Mobile App,UPI,Completed,2025
ORD20811,2024-08-14,CUST1098,45.0,Other,Ahmedabad,Tablet,Electronics,1,29890.25,0.15,29890.25,4483.54,25406.71,Marketplace,Net Banking,Completed,2024
ORD20733,2024-06-18,CUST1136,49.0,Female,Chennai,Backpack,Accessories,3,2086.38,0.15,6259.14,938.87,5320.27,Mobile App,Debit Card,Completed,2024
ORD20415,2023-10-30,CUST1125,35.0,Male,Mumbai,Mouse,Accessories,3,1158.34,0.0,3475.02,0.0,3475.02,Website,Net Banking,Completed,2023
ORD20035,2023-01-25,CUST1256,28.0,Female,Pune,Tablet,Electronics,3,25560.05,0.0,76680.15,0.0,76680.15,Marketplace,UPI,Completed,2023
ORD20393,2023-10-14,CUST1029,57.0,Female,Jaipur,Desk,Furniture,1,18778.62,0.1,18778.62,1877.86,0.0,Marketplace,UPI,Cancelled,2023
ORD20099,2023-03-13,CUST1118,58.0,Female,Mumbai,Desk,Furniture,3,19100.97,0.15,57302.91,8595.44,48707.47,Mobile App,Credit Card,Completed,2023
ORD20242,2023-06-26,CUST1252,31.0,Female,Jaipur,Headphones,Electronics,3,3192.53,0.0,9577.59,0.0,9577.59,Website,Net Banking,Completed,2023
ORD20706,2024-05-29,CUST1079,39.0,Female,Kolkata,Jacket,Fashion,5,3338.5,0.0,16692.5,0.0,16692.5,Website,Net Banking,Completed,2024
ORD20817,2024-08-19,CUST1173,62.0,Female,Pune,Smartphone,Electronics,5,41226.29,0.05,206131.45,10306.57,195824.88,Mobile App,Net Banking,Completed,2024
ORD20519,2024-01-14,CUST1115,29.0,Male,Delhi,Headphones,Electronics,1,3461.83,0.15,3461.83,519.27,-2942.56,Website,Debit Card,Returned,2024
ORD21082,2025-02-28,CUST1035,58.0,Female,Hyderabad,Smartphone,Electronics,5,38702.04,0.15,193510.2,29026.53,164483.67,Mobile App,Cash on Delivery,Completed,2025
ORD20871,2024-09-27,CUST1011,41.0,Female,Jaipur,Shoes,Fashion,4,4243.13,0.15,16972.52,2545.88,14426.64,Mobile App,Net Banking,Completed,2024
ORD21027,2025-01-19,CUST1046,46.0,Female,Bengaluru,Office Chair,Furniture,4,11348.49,0.15,45393.96,6809.09,38584.87,Website,UPI,Completed,2025
ORD20276,2023-07-20,CUST1015,18.0,Female,Ahmedabad,Tablet,Electronics,5,26564.48,0.05,132822.4,6641.12,126181.28,Website,Net Banking,Completed,2023
ORD20253,2023-07-04,CUST1284,40.0,Male,Hyderabad,Backpack,Accessories,3,2285.28,0.05,6855.84,342.79,6513.05,Marketplace,UPI,Completed,2023
ORD20830,2024-08-28,CUST1222,20.0,Female,Jaipur,Smartphone,Electronics,4,43159.48,0.0,172637.92,0.0,172637.92,Website,Cash on Delivery,Completed,2024
ORD20732,2024-06-17,CUST1205,19.0,Female,Pune,Air Fryer,Home & Kitchen,5,7660.74,0.05,38303.7,1915.18,-36388.52,Mobile App,Credit Card,Returned,2024
ORD20025,2023-01-18,CUST1023,29.0,Male,Mumbai,Backpack,Accessories,1,2128.34,0.0,2128.34,0.0,2128.34,Marketplace,UPI,Completed,2023
ORD20111,2023-03-22,CUST1071,51.0,Male,Hyderabad,Desk,Furniture,4,17087.32,0.2,68349.28,13669.86,-54679.42,Mobile App,Cash on Delivery,Returned,2023
ORD20016,2023-01-11,CUST1062,64.0,Female,Mumbai,Laptop,Electronics,1,60086.73,0.0,60086.73,0.0,60086.73,Website,Cash on Delivery,Completed,2023
ORD20180,2023-05-11,CUST1244,65.0,Female,Ahmedabad,Backpack,Accessories,5,2103.16,0.2,10515.8,2103.16,8412.64,Website,UPI,Completed,2023
ORD21070,2025-02-19,CUST1009,18.0,Female,Nagpur,Shoes,Fashion,3,4062.56,0.05,12187.68,609.38,11578.3,Mobile App,UPI,Completed,2025
ORD21436,2025-11-14,CUST1185,20.0,Female,Delhi,Headphones,Electronics,1,3485.05,0.0,3485.05,0.0,3485.05,Marketplace,Credit Card,Completed,2025
ORD21194,2025-05-21,CUST1155,45.0,Other,Kolkata,Desk,Furniture,2,16205.31,0.1,32410.62,3241.06,29169.56,Marketplace,UPI,Completed,2025
ORD20148,2023-04-18,CUST1295,60.0,Male,Hyderabad,T-Shirt,Fashion,3,1130.23,0.05,3390.69,169.53,3221.16,Mobile App,Cash on Delivery,Completed,2023
ORD20699,2024-05-24,CUST1150,46.0,Male,Nagpur,T-Shirt,Fashion,4,1132.84,0.15,4531.36,679.7,3851.66,Marketplace,Debit Card,Completed,2024
ORD20968,2024-12-07,CUST1034,40.0,Male,Kolkata,Laptop,Electronics,1,66905.88,0.15,66905.88,10035.88,56870.0,Mobile App,Debit Card,Completed,2024
ORD20666,2024-04-30,CUST1290,64.0,Other,Jaipur,Laptop,Electronics,2,62050.73,0.05,124101.46,6205.07,117896.39,Mobile App,Cash on Delivery,Completed,2024
ORD20862,2024-09-20,CUST1085,34.0,Other,Chennai,Smartphone,Electronics,2,40492.73,0.05,80985.46,4049.27,76936.19,Marketplace,UPI,Completed,2024
ORD20700,2024-05-25,CUST1264,45.0,Female,Jaipur,Keyboard,Accessories,5,2611.23,0.0,13056.15,0.0,13056.15,Mobile App,Cash on Delivery,Completed,2024
ORD21449,2025-11-23,CUST1064,59.0,Male,Mumbai,Keyboard,Accessories,3,2723.5,0.2,8170.5,1634.1,6536.4,Mobile App,Cash on Delivery,Completed,2025
ORD20186,2023-05-16,CUST1242,20.0,Female,Mumbai,Smartphone,Electronics,3,37270.28,0.2,111810.84,22362.17,89448.67,Mobile App,Debit Card,Completed,2023
ORD21477,2025-12-14,CUST1054,43.0,Female,Pune,Mouse,Accessories,3,1144.95,0.0,3434.85,0.0,3434.85,Mobile App,UPI,Completed,2025
ORD21432,2025-11-11,CUST1149,36.0,Male,Ahmedabad,T-Shirt,Fashion,1,1274.2,0.15,1274.2,191.13,1083.07,Mobile App,Net Banking,Completed,2025
ORD20858,2024-09-18,CUST1201,39.0,Female,Nagpur,Office Chair,Furniture,1,12002.6,0.15,12002.6,1800.39,10202.21,Mobile App,Net Banking,Completed,2024
ORD20427,2023-11-08,CUST1005,57.0,Female,Mumbai,Mouse,Accessories,1,1084.29,0.0,1084.29,0.0,1084.29,Website,Net Banking,Completed,2023
ORD20100,2023-03-14,CUST1291,25.0,Male,Jaipur,Office Chair,Furniture,1,11406.85,0.0,11406.85,0.0,11406.85,Mobile App,Cash on Delivery,Completed,2023
ORD20005,2023-01-03,CUST1150,46.0,Male,Nagpur,Office Chair,Furniture,4,12470.2,0.05,49880.8,2494.04,47386.76,Mobile App,Credit Card,Completed,2023
ORD21103,2025-03-15,CUST1285,23.0,Male,Hyderabad,Office Chair,Furniture,5,11900.49,0.1,59502.45,5950.24,53552.21,Mobile App,Credit Card,Completed,2025
ORD20047,2023-02-03,CUST1138,30.0,Female,Nagpur,Headphones,Electronics,4,3517.76,0.05,14071.04,703.55,-13367.49,Website,Net Banking,Returned,2023
ORD20455,2023-11-28,CUST1239,64.0,Female,Ahmedabad,Headphones,Electronics,4,3603.23,0.05,14412.92,720.65,13692.27,Marketplace,Cash on Delivery,Completed,2023
ORD20410,2023-10-26,CUST1273,51.0,Other,Bengaluru,Coffee Maker,Home & Kitchen,5,6470.65,0.05,32353.25,1617.66,30735.59,Marketplace,UPI,Completed,2023
ORD20194,2023-05-21,CUST1037,23.0,Male,Kolkata,Desk,Furniture,2,18486.77,0.0,36973.54,0.0,0.0,Website,Debit Card,Cancelled,2023
ORD21315,2025-08-17,CUST1098,45.0,Other,Ahmedabad,Laptop,Electronics,4,58641.28,0.1,234565.12,23456.51,211108.61,Marketplace,Credit Card,Completed,2025
ORD20329,2023-08-28,CUST1075,26.0,Female,Pune,Air Fryer,Home & Kitchen,2,8561.43,0.1,17122.86,1712.29,15410.57,Website,Debit Card,Completed,2023
ORD20190,2023-05-19,CUST1047,31.0,Male,Ahmedabad,Office Chair,Furniture,3,11906.18,0.1,35718.54,3571.85,32146.69,Mobile App,Debit Card,Completed,2023
ORD20250,2023-07-01,CUST1078,38.0,Male,Delhi,T-Shirt,Fashion,4,1295.39,0.15,5181.56,777.23,4404.33,Website,UPI,Completed,2023
ORD21364,2025-09-22,CUST1201,39.0,Female,Nagpur,T-Shirt,Fashion,5,1209.6,0.05,6048.0,302.4,5745.6,Website,Debit Card,Completed,2025
ORD20884,2024-10-07,CUST1154,38.0,Male,Bengaluru,Air Fryer,Home & Kitchen,2,7753.33,0.05,15506.66,775.33,14731.33,Website,Net Banking,Completed,2024
ORD20983,2024-12-18,CUST1012,37.0,Female,Mumbai,Office Chair,Furniture,5,12890.29,0.05,64451.45,3222.57,-61228.88,Website,Debit Card,Returned,2024
ORD21339,2025-09-04,CUST1288,64.0,Female,Pune,Jacket,Fashion,3,3596.08,0.1,10788.24,1078.82,9709.42,Mobile App,Net Banking,Completed,2025
ORD20295,2023-08-03,CUST1048,49.0,Male,Jaipur,Keyboard,Accessories,4,2455.23,0.05,9820.92,491.05,9329.87,Mobile App,Net Banking,Completed,2023
ORD21229,2025-06-16,CUST1017,54.0,Male,Bengaluru,Headphones,Electronics,2,3733.15,0.1,7466.3,746.63,-6719.67,Mobile App,Debit Card,Returned,2025
ORD20784,2024-07-25,CUST1020,55.0,Female,Pune,Smartphone,Electronics,2,42935.09,0.1,85870.18,8587.02,77283.16,Marketplace,Debit Card,Completed,2024
ORD21147,2025-04-17,CUST1167,50.0,Male,Mumbai,Smartphone,Electronics,4,43059.01,0.2,172236.04,34447.21,137788.83,Marketplace,UPI,Completed,2025
ORD21263,2025-07-10,CUST1012,37.0,Female,Mumbai,Office Chair,Furniture,2,11359.69,0.05,22719.38,1135.97,0.0,Marketplace,Net Banking,Cancelled,2025
ORD20384,2023-10-07,CUST1268,21.0,Male,Pune,Backpack,Accessories,1,2271.8,0.0,2271.8,0.0,2271.8,Website,Net Banking,Completed,2023
ORD20114,2023-03-24,CUST1092,20.0,Female,Hyderabad,Headphones,Electronics,4,3212.63,0.2,12850.52,2570.1,10280.42,Marketplace,Net Banking,Completed,2023
ORD21348,2025-09-10,CUST1156,43.0,Male,Ahmedabad,Desk,Furniture,5,18538.08,0.0,92690.4,0.0,92690.4,Mobile App,UPI,Completed,2025
ORD20052,2023-02-07,CUST1137,18.0,Male,Chennai,Desk,Furniture,3,16766.02,0.15,50298.06,7544.71,42753.35,Marketplace,Cash on Delivery,Completed,2023
ORD20465,2023-12-05,CUST1167,50.0,Male,Mumbai,Laptop,Electronics,5,61609.8,0.1,308049.0,30804.9,277244.1,Website,Net Banking,Completed,2023
ORD21017,2025-01-12,CUST1176,40.0,Male,Delhi,Backpack,Accessories,2,2380.06,0.1,4760.12,476.01,4284.11,Mobile App,Cash on Delivery,Completed,2025
ORD20684,2024-05-13,CUST1246,32.0,,Ahmedabad,Smartphone,Electronics,3,38412.02,0.05,115236.06,5761.8,109474.26,Marketplace,UPI,Completed,2024
ORD20351,2023-09-13,CUST1279,44.0,Female,Nagpur,Laptop,Electronics,5,64554.86,0.15,322774.3,48416.14,274358.16,Website,UPI,Completed,2023
ORD20783,2024-07-25,CUST1279,44.0,Female,Nagpur,Office Chair,Furniture,1,12865.39,0.05,12865.39,643.27,12222.12,Mobile App,Debit Card,Completed,2024
ORD21361,2025-09-20,CUST1032,60.0,Male,Hyderabad,Air Fryer,Home & Kitchen,1,8208.57,0.05,8208.57,410.43,7798.14,Website,Credit Card,Completed,2025
ORD20735,2024-06-20,CUST1275,25.0,Male,Chennai,Shoes,Fashion,5,4921.45,0.1,24607.25,2460.73,22146.52,Marketplace,Debit Card,Completed,2024
ORD20314,2023-08-17,CUST1214,62.0,Female,Mumbai,Shoes,Fashion,4,4485.18,0.05,17940.72,897.04,17043.68,Mobile App,Cash on Delivery,Completed,2023
ORD21160,2025-04-26,CUST1281,61.0,Male,Kolkata,T-Shirt,Fashion,2,1267.73,0.1,2535.46,253.55,2281.91,Marketplace,UPI,Completed,2025
ORD20956,2024-11-28,CUST1121,41.0,Male,Nagpur,Laptop,Electronics,1,66653.48,0.1,66653.48,6665.35,59988.13,Mobile App,Debit Card,Completed,2024
ORD20448,2023-11-23,CUST1045,56.0,Female,Delhi,Desk,Furniture,4,17692.38,0.15,70769.52,10615.43,60154.09,Website,Cash on Delivery,Completed,2023
ORD20368,2023-09-26,CUST1152,19.0,Male,Hyderabad,T-Shirt,Fashion,2,1266.09,0.15,2532.18,379.83,2152.35,Marketplace,UPI,Completed,2023
ORD20390,2023-10-12,CUST1164,33.0,Male,Hyderabad,Laptop,Electronics,4,58732.37,0.1,234929.48,23492.95,211436.53,Mobile App,Debit Card,Completed,2023
ORD20165,2023-04-30,CUST1294,65.0,Female,Jaipur,Headphones,Electronics,3,3484.07,0.05,10452.21,522.61,9929.6,Website,Cash on Delivery,Completed,2023
ORD20451,2023-11-25,CUST1215,30.0,Female,Mumbai,Smartwatch,Electronics,3,12187.15,0.0,36561.45,0.0,36561.45,Mobile App,Net Banking,Completed,2023
ORD21062,2025-02-14,CUST1010,32.0,Female,Nagpur,Smartphone,Electronics,2,38139.62,0.05,76279.24,3813.96,72465.28,Mobile App,Cash on Delivery,Completed,2025
ORD20208,2023-06-01,CUST1225,22.0,Female,Hyderabad,Tablet,Electronics,2,29889.62,0.1,59779.24,5977.92,-53801.32,Marketplace,Net Banking,Returned,2023
ORD21202,2025-05-27,CUST1132,60.0,Male,Kolkata,Laptop,Electronics,2,69361.6,0.0,138723.2,0.0,-138723.2,Website,UPI,Returned,2025
ORD21028,2025-01-20,CUST1292,32.0,Female,Delhi,Backpack,Accessories,4,2245.69,0.05,8982.76,449.14,8533.62,Website,UPI,Completed,2025
ORD21264,2025-07-11,CUST1211,57.0,Male,Jaipur,Jacket,Fashion,1,3658.74,0.1,3658.74,365.87,-3292.87,Mobile App,Cash on Delivery,Returned,2025
ORD20526,2024-01-19,CUST1110,59.0,Female,Delhi,Jacket,Fashion,1,3560.54,0.15,3560.54,534.08,3026.46,Mobile App,Cash on Delivery,Completed,2024
ORD21463,2025-12-03,CUST1068,32.0,Male,Bengaluru,Tablet,Electronics,3,28787.54,0.0,86362.62,0.0,86362.62,Mobile App,UPI,Completed,2025
ORD20347,2023-09-10,CUST1009,18.0,Female,Nagpur,Smartwatch,Electronics,5,11074.41,0.15,55372.05,8305.81,47066.24,Marketplace,Debit Card,Completed,2023
ORD20021,2023-01-15,CUST1266,41.0,Male,Hyderabad,Jacket,Fashion,2,3505.38,0.05,7010.76,350.54,6660.22,Mobile App,Debit Card,Completed,2023
ORD21143,2025-04-14,CUST1124,18.0,Female,Hyderabad,Smartwatch,Electronics,4,10939.75,0.0,43759.0,0.0,43759.0,Mobile App,Cash on Delivery,Completed,2025
ORD20453,2023-11-27,CUST1164,33.0,Male,Hyderabad,Backpack,Accessories,4,2267.92,0.15,9071.68,1360.75,7710.93,Website,Credit Card,Completed,2023
ORD21138,2025-04-10,CUST1065,58.0,Other,Pune,Coffee Maker,Home & Kitchen,1,6642.31,0.1,6642.31,664.23,5978.08,Mobile App,Debit Card,Completed,2025
ORD20452,2023-11-26,CUST1154,38.0,Male,Bengaluru,Tablet,Electronics,5,26710.68,0.1,133553.4,13355.34,120198.06,Mobile App,UPI,Completed,2023
ORD21470,2025-12-09,CUST1132,60.0,Male,Kolkata,Laptop,Electronics,4,63673.93,0.05,254695.72,12734.79,-241960.93,Marketplace,UPI,Returned,2025
ORD20877,2024-10-01,CUST1155,45.0,Other,Kolkata,Mouse,Accessories,4,1138.47,0.05,4553.88,227.69,4326.19,Mobile App,Debit Card,Completed,2024
ORD20644,2024-04-14,CUST1053,49.0,Female,Mumbai,Desk,Furniture,4,18092.66,0.05,72370.64,3618.53,68752.11,Marketplace,UPI,Completed,2024
ORD20962,2024-12-02,CUST1274,24.0,Female,Ahmedabad,Tablet,Electronics,2,26972.82,0.15,53945.64,8091.85,45853.79,Website,Net Banking,Completed,2024
ORD20027,2023-01-19,CUST1089,53.0,Female,Mumbai,Keyboard,Accessories,2,2454.79,0.1,4909.58,490.96,-4418.62,Website,UPI,Returned,2023
ORD20756,2024-07-05,CUST1204,27.0,Male,Nagpur,Keyboard,Accessories,1,2331.6,0.0,2331.6,0.0,-2331.6,Website,Credit Card,Returned,2024
ORD21246,2025-06-28,CUST1297,63.0,Other,Chennai,Headphones,Electronics,5,3571.68,0.1,17858.4,1785.84,16072.56,Mobile App,Debit Card,Completed,2025
ORD20413,2023-10-28,CUST1279,44.0,Female,Nagpur,Smartphone,Electronics,1,39767.87,0.05,39767.87,1988.39,37779.48,Marketplace,UPI,Completed,2023
ORD20923,2024-11-04,CUST1002,21.0,Other,Ahmedabad,Smartwatch,Electronics,2,11265.29,0.15,22530.58,3379.59,19150.99,Website,Net Banking,Completed,2024
ORD20716,2024-06-06,CUST1102,55.0,Male,Mumbai,Headphones,Electronics,3,3345.41,0.0,10036.23,0.0,10036.23,Website,UPI,Completed,2024
ORD20541,2024-01-30,CUST1137,18.0,Male,Chennai,Mouse,Accessories,1,1255.23,0.05,1255.23,62.76,1192.47,Marketplace,Cash on Delivery,Completed,2024
ORD20309,2023-08-13,CUST1135,41.0,Female,Hyderabad,Desk,Furniture,2,18262.05,0.1,36524.1,3652.41,32871.69,Mobile App,Credit Card,Completed,2023
ORD21040,2025-01-28,CUST1033,59.0,Male,Mumbai,Jacket,Fashion,5,3406.1,0.15,17030.5,2554.57,14475.93,Marketplace,Credit Card,Completed,2025
ORD20446,2023-11-22,CUST1076,33.0,Male,Chennai,Backpack,Accessories,2,2082.37,0.05,4164.74,208.24,3956.5,Marketplace,UPI,Completed,2023
ORD20129,2023-04-04,CUST1227,57.0,Female,Mumbai,Laptop,Electronics,4,68550.03,0.05,274200.12,13710.01,260490.11,Website,Debit Card,Completed,2023
ORD21499,2025-12-30,CUST1229,29.0,Male,Kolkata,Tablet,Electronics,4,26856.17,0.0,107424.68,0.0,107424.68,Marketplace,Cash on Delivery,Completed,2025
ORD20547,2024-02-03,CUST1020,55.0,Female,Pune,Mouse,Accessories,4,1181.56,0.15,4726.24,708.94,4017.3,Marketplace,UPI,Completed,2024
ORD20875,2024-09-30,CUST1028,61.0,Male,Delhi,Shoes,Fashion,1,4677.16,0.15,4677.16,701.57,3975.59,Website,Debit Card,Completed,2024
ORD21173,2025-05-06,CUST1021,49.0,Male,Delhi,Backpack,Accessories,3,2261.54,0.0,6784.62,0.0,6784.62,Website,UPI,Completed,2025
ORD20349,2023-09-12,CUST1045,56.0,Female,Delhi,Backpack,Accessories,2,2160.59,0.15,4321.18,648.18,3673.0,Website,Net Banking,Completed,2023
ORD20152,2023-04-21,CUST1117,28.0,Female,Hyderabad,Shoes,Fashion,3,4653.01,0.0,13959.03,0.0,13959.03,Marketplace,Cash on Delivery,Completed,2023
ORD20973,2024-12-11,CUST1130,29.0,Male,Hyderabad,Laptop,Electronics,2,60035.97,0.1,120071.94,12007.19,108064.75,Website,Cash on Delivery,Completed,2024
ORD21306,2025-08-11,CUST1089,53.0,Female,Mumbai,Smartwatch,Electronics,4,11827.53,0.05,47310.12,2365.51,44944.61,Marketplace,UPI,Completed,2025
ORD20638,2024-04-10,CUST1182,29.0,Male,Jaipur,T-Shirt,Fashion,4,1260.99,0.1,5043.96,504.4,4539.56,Marketplace,Credit Card,Completed,2024
ORD21386,2025-10-08,CUST1200,19.0,Female,Jaipur,Smartwatch,Electronics,3,12806.67,0.15,38420.01,5763.0,32657.01,Website,Cash on Delivery,Completed,2025
ORD21369,2025-09-26,CUST1219,18.0,Female,Ahmedabad,Mouse,Accessories,2,1190.55,0.15,2381.1,357.16,2023.94,Mobile App,Cash on Delivery,Completed,2025
ORD20598,2024-03-12,CUST1201,39.0,Female,Nagpur,Office Chair,Furniture,5,11395.53,0.0,56977.65,0.0,56977.65,Mobile App,UPI,Completed,2024
ORD20559,2024-02-12,CUST1025,27.0,Female,Hyderabad,Tablet,Electronics,5,29621.0,0.05,148105.0,7405.25,140699.75,Mobile App,UPI,Completed,2024
ORD20416,2023-10-31,CUST1157,43.0,Female,Nagpur,Shoes,Fashion,5,4751.12,0.1,23755.6,2375.56,0.0,Marketplace,UPI,Cancelled,2023
ORD21279,2025-07-22,CUST1192,41.0,Male,Bengaluru,Mouse,Accessories,3,1185.81,0.1,3557.43,355.74,3201.69,Mobile App,Credit Card,Completed,2025
ORD21472,2025-12-10,CUST1154,38.0,Male,Bengaluru,Tablet,Electronics,3,27923.38,0.0,83770.14,0.0,83770.14,Marketplace,UPI,Completed,2025
ORD20286,2023-07-28,CUST1040,39.0,Female,Nagpur,Backpack,Accessories,4,2226.26,0.1,8905.04,890.5,8014.54,Mobile App,Debit Card,Completed,2023
ORD21234,2025-06-19,CUST1142,50.0,Female,Delhi,Smartwatch,Electronics,1,11890.15,0.15,11890.15,1783.52,10106.63,Marketplace,Cash on Delivery,Completed,2025
ORD20798,2024-08-05,CUST1258,44.0,Female,Ahmedabad,Mouse,Accessories,5,1087.0,0.0,5435.0,0.0,5435.0,Website,Debit Card,Completed,2024
ORD20379,2023-10-04,CUST1170,59.0,Female,Nagpur,T-Shirt,Fashion,4,1315.7,0.1,5262.8,526.28,4736.52,Marketplace,Credit Card,Completed,2023
ORD20748,2024-06-29,CUST1202,51.0,Female,Hyderabad,Desk,Furniture,3,18184.34,0.0,54553.02,0.0,54553.02,Website,Net Banking,Completed,2024
ORD20325,2023-08-25,CUST1027,22.0,Female,Kolkata,T-Shirt,Fashion,1,1137.62,0.1,1137.62,113.76,1023.86,Marketplace,Credit Card,Completed,2023
ORD20586,2024-03-03,CUST1176,40.0,Male,Delhi,Coffee Maker,Home & Kitchen,4,6388.31,0.15,25553.24,3832.99,21720.25,Mobile App,Cash on Delivery,Completed,2024
ORD20056,2023-02-10,CUST1148,31.0,Female,Ahmedabad,Jacket,Fashion,2,3729.51,0.0,7459.02,0.0,7459.02,Website,Cash on Delivery,Completed,2023
ORD20569,2024-02-19,CUST1143,28.0,Female,Pune,Backpack,Accessories,3,2086.54,0.0,6259.62,0.0,6259.62,Website,UPI,Completed,2024
ORD21497,2025-12-28,CUST1191,18.0,Male,Ahmedabad,Laptop,Electronics,4,71126.15,0.1,284504.6,28450.46,256054.14,Website,Cash on Delivery,Completed,2025
ORD21486,2025-12-20,CUST1162,49.0,Female,Chennai,Smartphone,Electronics,5,43163.86,0.1,215819.3,21581.93,194237.37,Website,Cash on Delivery,Completed,2025
ORD20977,2024-12-13,CUST1220,32.0,Female,Ahmedabad,T-Shirt,Fashion,3,1246.8,0.0,3740.4,0.0,3740.4,Mobile App,Credit Card,Completed,2024
ORD21429,2025-11-09,CUST1116,34.0,Male,Delhi,Air Fryer,Home & Kitchen,3,8079.01,0.05,24237.03,1211.85,-23025.18,Mobile App,Net Banking,Returned,2025
ORD20888,2024-10-09,CUST1086,58.0,,Ahmedabad,Backpack,Accessories,2,2133.62,0.05,4267.24,213.36,4053.88,Mobile App,Credit Card,Completed,2024
ORD20171,2023-05-05,CUST1022,36.0,Female,Bengaluru,Keyboard,Accessories,3,2732.17,0.15,8196.51,1229.48,6967.03,Marketplace,Cash on Delivery,Completed,2023
ORD20587,2024-03-04,CUST1048,49.0,Male,Jaipur,Shoes,Fashion,2,4550.96,0.1,9101.92,910.19,8191.73,Website,Debit Card,Completed,2024
ORD21468,2025-12-07,CUST1219,18.0,Female,Ahmedabad,T-Shirt,Fashion,1,1279.02,0.05,1279.02,63.95,1215.07,Mobile App,Net Banking,Completed,2025
ORD21360,2025-09-19,CUST1096,53.0,Female,Pune,Shoes,Fashion,1,4286.86,0.15,4286.86,643.03,-3643.83,Website,Net Banking,Returned,2025
ORD20903,2024-10-20,CUST1195,25.0,Male,Nagpur,Smartwatch,Electronics,3,12117.39,0.0,36352.17,0.0,36352.17,Mobile App,UPI,Completed,2024
ORD20265,2023-07-12,CUST1043,30.0,Male,Hyderabad,Shoes,Fashion,1,4758.3,0.05,4758.3,237.92,4520.38,Website,Net Banking,Completed,2023
ORD20852,2024-09-13,CUST1067,49.0,Female,Delhi,Coffee Maker,Home & Kitchen,1,7132.81,0.0,7132.81,0.0,7132.81,Website,Debit Card,Completed,2024
ORD21043,2025-01-31,CUST1049,45.0,Male,Nagpur,Tablet,Electronics,4,30044.08,0.0,120176.32,0.0,120176.32,Website,Net Banking,Completed,2025
ORD20501,2024-01-01,CUST1002,21.0,Other,Ahmedabad,Office Chair,Furniture,5,11231.37,0.05,56156.85,2807.84,53349.01,Marketplace,UPI,Completed,2024
ORD20740,2024-06-23,CUST1202,51.0,Female,Hyderabad,Desk,Furniture,2,19541.46,0.05,39082.92,1954.15,37128.77,Mobile App,Debit Card,Completed,2024
ORD21280,2025-07-23,CUST1078,38.0,Male,Delhi,Headphones,Electronics,3,3259.02,0.15,9777.06,1466.56,8310.5,Mobile App,Cash on Delivery,Completed,2025
ORD20352,2023-09-14,CUST1122,49.0,Other,Mumbai,Smartwatch,Electronics,2,12239.31,0.05,24478.62,1223.93,23254.69,Website,Cash on Delivery,Completed,2023
ORD20490,2023-12-24,CUST1233,58.0,Female,Ahmedabad,Coffee Maker,Home & Kitchen,5,7146.48,0.15,35732.4,5359.86,30372.54,Marketplace,Cash on Delivery,Completed,2023
ORD21438,2025-11-15,CUST1292,32.0,Female,Delhi,Shoes,Fashion,2,4352.17,0.05,8704.34,435.22,0.0,Website,Debit Card,Cancelled,2025
ORD20755,2024-07-04,CUST1028,61.0,Male,Delhi,Air Fryer,Home & Kitchen,3,9119.86,0.1,27359.58,2735.96,24623.62,Marketplace,Cash on Delivery,Completed,2024
ORD21353,2025-09-14,CUST1214,62.0,Female,Mumbai,Mouse,Accessories,3,1173.49,0.1,3520.47,352.05,3168.42,Website,Net Banking,Completed,2025
ORD20699,2024-05-24,CUST1150,46.0,Male,Nagpur,T-Shirt,Fashion,4,1132.84,0.15,4531.36,679.7,3851.66,Marketplace,Debit Card,Completed,2024
ORD20504,2024-01-03,CUST1074,44.0,Male,Pune,Backpack,Accessories,2,2056.51,0.05,4113.02,205.65,3907.37,Mobile App,Debit Card,Completed,2024
ORD20214,2023-06-05,CUST1075,26.0,Female,Pune,Laptop,Electronics,2,67637.55,0.1,135275.1,13527.51,121747.59,Mobile App,Debit Card,Completed,2023
ORD20826,2024-08-25,CUST1185,20.0,Female,Delhi,Backpack,Accessories,5,2243.92,0.05,11219.6,560.98,10658.62,Mobile App,Debit Card,Completed,2024
ORD21481,2025-12-17,CUST1043,30.0,Male,Hyderabad,Coffee Maker,Home & Kitchen,1,6231.08,0.1,6231.08,623.11,5607.97,Marketplace,UPI,Completed,2025
ORD21485,2025-12-20,CUST1042,39.0,Male,Jaipur,Backpack,Accessories,3,2052.17,0.1,6156.51,615.65,5540.86,Mobile App,Credit Card,Completed,2025
ORD20331,2023-08-30,CUST1250,19.0,Female,Nagpur,Headphones,Electronics,4,3659.98,0.15,14639.92,2195.99,12443.93,Marketplace,Debit Card,Completed,2023
ORD21415,2025-10-29,CUST1267,34.0,Female,Bengaluru,Office Chair,Furniture,1,12856.41,0.0,12856.41,0.0,12856.41,Mobile App,Debit Card,Completed,2025
ORD21298,2025-08-05,CUST1132,60.0,Male,Kolkata,T-Shirt,Fashion,5,1144.35,0.0,5721.75,0.0,5721.75,Mobile App,UPI,Completed,2025
ORD20200,2023-05-26,CUST1058,51.0,Male,Bengaluru,Mouse,Accessories,1,1276.57,0.05,1276.57,63.83,1212.74,Marketplace,UPI,Completed,2023
ORD20507,2024-01-05,CUST1188,39.0,Male,Jaipur,Smartphone,Electronics,1,43884.62,0.0,43884.62,0.0,43884.62,Mobile App,UPI,Completed,2024
ORD20364,2023-09-23,CUST1069,59.0,Male,Bengaluru,Tablet,Electronics,1,30681.26,0.0,30681.26,0.0,30681.26,Mobile App,Net Banking,Completed,2023
ORD20631,2024-04-05,CUST1250,19.0,Female,Nagpur,Shoes,Fashion,3,4361.63,0.05,13084.89,654.24,0.0,Marketplace,UPI,Cancelled,2024
ORD20362,2023-09-21,CUST1136,49.0,Female,Chennai,Jacket,Fashion,2,3844.65,0.05,7689.3,384.46,7304.84,Marketplace,Net Banking,Completed,2023
ORD20327,2023-08-27,CUST1285,23.0,Male,Hyderabad,Smartphone,Electronics,4,38559.91,0.0,154239.64,0.0,154239.64,Marketplace,Credit Card,Completed,2023
ORD20217,2023-06-07,CUST1192,41.0,Male,Bengaluru,Coffee Maker,Home & Kitchen,5,6532.89,0.0,32664.45,0.0,32664.45,Mobile App,Debit Card,Completed,2023
ORD20650,2024-04-19,CUST1072,56.0,Male,Pune,Tablet,Electronics,3,27630.75,0.1,82892.25,8289.22,74603.03,Marketplace,Cash on Delivery,Completed,2024
ORD20254,2023-07-04,CUST1259,47.0,Male,Jaipur,Tablet,Electronics,1,29276.78,0.0,29276.78,0.0,-29276.78,Website,UPI,Returned,2023
ORD20153,2023-04-22,CUST1104,38.0,Female,Jaipur,Smartwatch,Electronics,5,11438.16,0.1,57190.8,5719.08,51471.72,Mobile App,Net Banking,Completed,2023
ORD20195,2023-05-22,CUST1212,28.0,Male,Mumbai,Keyboard,Accessories,2,2740.32,0.2,5480.64,1096.13,4384.51,Mobile App,Debit Card,Completed,2023
ORD20821,2024-08-21,CUST1246,32.0,Female,Ahmedabad,Backpack,Accessories,2,2388.28,0.1,4776.56,477.66,-4298.9,Website,Cash on Delivery,Returned,2024
ORD21052,2025-02-06,CUST1288,64.0,Female,Pune,Smartwatch,Electronics,4,12945.98,0.15,51783.92,7767.59,44016.33,Marketplace,Debit Card,Completed,2025
ORD20883,2024-10-06,CUST1111,54.0,Male,Bengaluru,Air Fryer,Home & Kitchen,4,8552.87,0.05,34211.48,1710.57,32500.91,Marketplace,UPI,Completed,2024
ORD20069,2023-02-19,CUST1044,25.0,Male,Nagpur,Headphones,Electronics,1,3639.73,0.1,3639.73,363.97,3275.76,Marketplace,UPI,Completed,2023
ORD20131,2023-04-05,CUST1033,59.0,Male,Mumbai,Smartwatch,Electronics,2,12891.2,0.15,25782.4,3867.36,21915.04,Mobile App,Debit Card,Completed,2023
ORD20873,2024-09-28,CUST1073,48.0,Female,Mumbai,Smartwatch,Electronics,2,11037.2,0.2,22074.4,4414.88,17659.52,Mobile App,Debit Card,Completed,2024
ORD21480,2025-12-16,CUST1147,32.0,Female,Jaipur,Smartphone,Electronics,4,38295.02,0.05,153180.08,7659.0,145521.08,Mobile App,UPI,Completed,2025
ORD20301,2023-08-08,CUST1004,26.0,Male,Jaipur,Shoes,Fashion,5,4738.42,0.1,23692.1,2369.21,21322.89,Website,UPI,Completed,2023
ORD20996,2024-12-27,CUST1028,61.0,Male,Delhi,Office Chair,Furniture,2,12808.56,0.1,25617.12,2561.71,23055.41,Mobile App,Cash on Delivery,Completed,2024
ORD21265,2025-07-12,CUST1109,63.0,Female,Nagpur,Mouse,Accessories,2,1083.35,0.0,2166.7,0.0,2166.7,Marketplace,UPI,Completed,2025
ORD21074,2025-02-22,CUST1285,23.0,Male,Hyderabad,Office Chair,Furniture,4,10996.35,0.05,43985.4,2199.27,41786.13,Website,Credit Card,Completed,2025
ORD20489,2023-12-23,CUST1006,25.0,Male,Ahmedabad,Desk,Furniture,2,17306.96,0.2,34613.92,6922.78,27691.14,Website,Debit Card,Completed,2023
ORD20807,2024-08-11,CUST1238,49.0,Male,Kolkata,T-Shirt,Fashion,2,1237.79,0.1,2475.58,247.56,2228.02,Website,Cash on Delivery,Completed,2024
ORD20241,2023-06-25,CUST1136,49.0,Female,Chennai,Air Fryer,Home & Kitchen,1,9022.59,0.05,9022.59,451.13,8571.46,Mobile App,Cash on Delivery,Completed,2023
ORD21473,2025-12-11,CUST1185,20.0,Female,Delhi,Office Chair,Furniture,2,12103.98,0.0,24207.96,0.0,-24207.96,Mobile App,Credit Card,Returned,2025
ORD20594,2024-03-09,CUST1073,48.0,Female,Mumbai,Smartwatch,Electronics,2,12553.44,0.15,25106.88,3766.03,-21340.85,Website,Credit Card,Returned,2024
ORD20188,2023-05-17,CUST1294,65.0,Female,Jaipur,Smartwatch,Electronics,5,12759.78,0.2,63798.9,12759.78,51039.12,Website,Credit Card,Completed,2023
ORD20922,2024-11-03,CUST1298,24.0,Male,Ahmedabad,Air Fryer,Home & Kitchen,4,8794.01,0.05,35176.04,1758.8,33417.24,Website,UPI,Completed,2024
ORD21118,2025-03-26,CUST1117,28.0,Female,Hyderabad,Keyboard,Accessories,3,2539.65,0.05,7618.95,380.95,7238.0,Marketplace,Cash on Delivery,Completed,2025
ORD21191,2025-05-19,CUST1076,33.0,Male,Chennai,Office Chair,Furniture,1,12935.52,0.05,12935.52,646.78,12288.74,Marketplace,UPI,Completed,2025
ORD21382,2025-10-05,CUST1163,57.0,Female,Jaipur,Jacket,Fashion,4,3635.49,0.15,14541.96,2181.29,12360.67,Marketplace,Net Banking,Completed,2025
ORD21212,2025-06-03,CUST1079,39.0,Female,Kolkata,Office Chair,Furniture,2,11406.52,0.15,22813.04,3421.96,19391.08,Website,Credit Card,Completed,2025
ORD20303,2023-08-09,CUST1098,45.0,Other,Ahmedabad,Headphones,Electronics,4,3394.4,0.1,13577.6,1357.76,12219.84,Mobile App,Net Banking,Completed,2023
ORD20284,2023-07-26,CUST1182,29.0,Male,Jaipur,Office Chair,Furniture,2,12076.27,0.0,24152.54,0.0,24152.54,Marketplace,Credit Card,Completed,2023
ORD20907,2024-10-23,CUST1278,26.0,Female,Jaipur,Backpack,Accessories,4,2297.96,0.15,9191.84,1378.78,7813.06,Marketplace,Debit Card,Completed,2024
ORD20620,2024-03-28,CUST1108,46.0,Male,Hyderabad,Smartphone,Electronics,3,38091.84,0.0,114275.52,0.0,-114275.52,Marketplace,Cash on Delivery,Returned,2024
ORD21116,2025-03-25,CUST1149,36.0,Male,Ahmedabad,Smartwatch,Electronics,5,11886.18,0.15,59430.9,8914.64,50516.26,Website,Credit Card,Completed,2025
ORD21055,2025-02-08,CUST1201,39.0,Female,Nagpur,Headphones,Electronics,2,3256.93,0.0,6513.86,0.0,6513.86,Website,UPI,Completed,2025
ORD20468,2023-12-08,CUST1275,25.0,Male,Chennai,T-Shirt,Fashion,3,1119.86,0.05,3359.58,167.98,3191.6,Mobile App,Debit Card,Completed,2023
ORD20110,2023-03-21,CUST1004,26.0,Male,Jaipur,Shoes,Fashion,4,4192.5,0.05,16770.0,838.5,15931.5,Website,Debit Card,Completed,2023
ORD21320,2025-08-21,CUST1177,19.0,Male,Mumbai,Headphones,Electronics,4,3172.72,0.2,12690.88,2538.18,10152.7,Website,Credit Card,Completed,2025
ORD20123,2023-03-31,CUST1261,43.0,Male,Jaipur,Coffee Maker,Home & Kitchen,5,7012.91,0.1,35064.55,3506.46,-31558.09,Mobile App,Net Banking,Returned,2023
ORD20894,2024-10-14,CUST1239,64.0,Female,Ahmedabad,Laptop,Electronics,3,63921.74,0.15,191765.22,28764.78,163000.44,Mobile App,UPI,Completed,2024
ORD20281,2023-07-24,CUST1159,42.0,Male,Delhi,Headphones,Electronics,5,3337.23,0.1,16686.15,1668.62,15017.53,Marketplace,UPI,Completed,2023
ORD21132,2025-04-06,CUST1048,49.0,Male,Jaipur,Desk,Furniture,3,16601.78,0.05,49805.34,2490.27,47315.07,Mobile App,,Completed,2025
ORD20674,2024-05-06,CUST1272,58.0,Male,Delhi,Desk,Furniture,2,19543.42,0.1,39086.84,3908.68,35178.16,Marketplace,UPI,Completed,2024
ORD20508,2024-01-06,CUST1287,20.0,Female,Hyderabad,Coffee Maker,Home & Kitchen,5,6364.61,0.15,31823.05,4773.46,27049.59,Mobile App,Debit Card,Completed,2024
ORD20745,2024-06-27,CUST1097,26.0,Female,Delhi,Coffee Maker,Home & Kitchen,1,6497.16,0.0,6497.16,0.0,6497.16,Marketplace,Net Banking,Completed,2024
ORD20499,2023-12-30,CUST1126,52.0,Female,Kolkata,Headphones,Electronics,1,3213.79,0.0,3213.79,0.0,3213.79,Website,Net Banking,Completed,2023
ORD20370,2023-09-27,CUST1030,56.0,Female,Chennai,Jacket,Fashion,4,3168.35,0.1,12673.4,1267.34,11406.06,Marketplace,Cash on Delivery,Completed,2023
ORD20955,2024-11-27,CUST1117,28.0,Female,Hyderabad,T-Shirt,Fashion,5,1111.68,0.0,5558.4,0.0,5558.4,Marketplace,Net Banking,Completed,2024
ORD21048,2025-02-03,CUST1074,44.0,Male,Pune,Smartphone,Electronics,3,37023.84,0.15,111071.52,16660.73,94410.79,Website,Net Banking,Completed,2025
ORD21253,2025-07-03,CUST1143,28.0,Female,Pune,Shoes,Fashion,2,4630.65,0.1,9261.3,926.13,8335.17,Marketplace,UPI,Completed,2025
ORD21018,2025-01-12,CUST1275,25.0,Male,Chennai,T-Shirt,Fashion,5,1110.61,0.05,5553.05,277.65,5275.4,Marketplace,UPI,Completed,2025
ORD20839,2024-09-04,CUST1273,51.0,Other,Bengaluru,Backpack,Accessories,1,2376.87,0.15,2376.87,356.53,2020.34,Mobile App,Net Banking,Completed,2024
ORD21140,2025-04-12,CUST1029,57.0,Female,Jaipur,Keyboard,Accessories,1,2342.02,0.05,2342.02,117.1,2224.92,Mobile App,Credit Card,Completed,2025
ORD20068,2023-02-18,CUST1290,64.0,Other,Jaipur,Mouse,Accessories,3,1129.77,0.05,3389.31,169.47,3219.84,Marketplace,Net Banking,Completed,2023
ORD20641,2024-04-12,CUST1029,57.0,Female,Jaipur,Desk,Furniture,1,17521.78,0.1,17521.78,1752.18,-15769.6,Marketplace,Credit Card,Returned,2024
ORD20565,2024-02-16,CUST1236,26.0,Male,Ahmedabad,Shoes,Fashion,3,4569.85,0.05,13709.55,685.48,-13024.07,Mobile App,Debit Card,Returned,2024
ORD21456,2025-11-28,CUST1066,64.0,Male,Mumbai,Tablet,Electronics,3,26746.84,0.05,80240.52,4012.03,76228.49,Marketplace,Cash on Delivery,Completed,2025
ORD20916,2024-10-30,CUST1126,52.0,Female,Kolkata,Office Chair,Furniture,4,12773.55,0.0,51094.2,0.0,51094.2,Website,Net Banking,Completed,2024
ORD20896,2024-10-15,CUST1087,57.0,Male,Delhi,Shoes,Fashion,2,4289.92,0.0,8579.84,0.0,8579.84,Marketplace,Net Banking,Completed,2024
ORD20596,2024-03-10,CUST1082,60.0,Male,Hyderabad,Keyboard,Accessories,1,2404.11,0.0,2404.11,0.0,2404.11,Marketplace,Debit Card,Completed,2024
ORD20743,2024-06-26,CUST1005,57.0,Female,Mumbai,Keyboard,Accessories,5,2336.01,0.1,11680.05,1168.0,-10512.05,Website,Debit Card,Returned,2024
ORD20373,2023-09-29,CUST1133,,Male,Ahmedabad,Air Fryer,Home & Kitchen,3,8885.27,0.05,26655.81,1332.79,-25323.02,Website,UPI,Returned,2023
ORD20672,2024-05-05,CUST1169,45.0,Female,Ahmedabad,Laptop,Electronics,1,64563.16,0.05,64563.16,3228.16,61335.0,Marketplace,Debit Card,Completed,2024
ORD21065,2025-02-16,CUST1075,26.0,Female,Pune,Office Chair,Furniture,3,11862.79,0.2,35588.37,7117.67,28470.7,Website,UPI,Completed,2025
ORD20319,2023-08-21,CUST1168,21.0,Female,Hyderabad,Desk,Furniture,4,17048.6,0.15,68194.4,10229.16,57965.24,Mobile App,UPI,Completed,2023
ORD20947,2024-11-22,CUST1143,28.0,Female,Pune,Shoes,Fashion,1,4723.37,0.2,4723.37,944.67,3778.7,Mobile App,UPI,Completed,2024
ORD21363,2025-09-21,CUST1026,33.0,Male,Mumbai,Keyboard,Accessories,3,2712.45,0.05,8137.35,406.87,7730.48,Mobile App,Debit Card,Completed,2025
ORD21091,2025-03-07,CUST1297,63.0,Other,Chennai,Laptop,Electronics,2,70651.76,0.05,141303.52,7065.18,134238.34,Website,Net Banking,Completed,2025
ORD21484,2025-12-19,CUST1038,30.0,Male,Kolkata,Headphones,Electronics,5,3462.73,0.05,17313.65,865.68,16447.97,Marketplace,Credit Card,Completed,2025
ORD20133,2023-04-07,CUST1052,31.0,Female,Pune,Shoes,Fashion,1,4611.85,0.0,4611.85,0.0,4611.85,Website,Credit Card,Completed,2023
ORD21371,2025-09-27,CUST1200,19.0,Female,Jaipur,Tablet,Electronics,3,25474.54,0.0,76423.62,0.0,76423.62,Marketplace,Credit Card,Completed,2025
ORD20464,2023-12-05,CUST1189,28.0,Female,Chennai,Backpack,Accessories,5,2270.95,0.15,11354.75,1703.21,9651.54,Mobile App,Debit Card,Completed,2023
ORD20919,2024-11-01,CUST1059,60.0,Female,Pune,Office Chair,Furniture,3,11603.22,0.15,34809.66,5221.45,29588.21,Marketplace,Net Banking,Completed,2024
ORD20548,2024-02-04,CUST1276,37.0,Male,Nagpur,Coffee Maker,Home & Kitchen,4,6820.26,0.05,27281.04,1364.05,25916.99,Website,Credit Card,Completed,2024
ORD21299,2025-08-06,CUST1085,34.0,Other,Chennai,Laptop,Electronics,4,62925.57,0.15,251702.28,37755.34,213946.94,Website,Cash on Delivery,Completed,2025
ORD21344,2025-09-08,CUST1296,,Female,Jaipur,Jacket,Fashion,5,3255.6,0.05,16278.0,813.9,15464.1,Marketplace,Debit Card,Completed,2025
ORD20749,2024-06-30,CUST1217,33.0,Female,Bengaluru,Shoes,Fashion,5,4557.64,0.2,22788.2,4557.64,18230.56,Marketplace,Net Banking,Completed,2024
ORD21330,2025-08-28,CUST1237,60.0,Female,Chennai,Laptop,Electronics,4,64429.06,0.15,257716.24,38657.44,219058.8,Mobile App,Cash on Delivery,Completed,2025
ORD20126,2023-04-02,CUST1049,45.0,Male,Nagpur,Desk,Furniture,1,19255.37,0.05,19255.37,962.77,18292.6,Marketplace,Credit Card,Completed,2023
ORD21072,2025-02-21,CUST1124,18.0,Female,Hyderabad,Jacket,Fashion,4,3448.17,0.05,13792.68,689.63,-13103.05,Website,UPI,Returned,2025
ORD21139,2025-04-11,CUST1013,34.0,Male,Ahmedabad,Desk,Furniture,2,18393.54,0.0,36787.08,0.0,36787.08,Marketplace,Debit Card,Completed,2025
ORD20738,2024-06-22,CUST1040,39.0,Female,Nagpur,Laptop,Electronics,3,71015.62,0.05,213046.86,10652.34,202394.52,Marketplace,Debit Card,Completed,2024
ORD21029,2025-01-20,CUST1017,54.0,Male,Bengaluru,Laptop,Electronics,4,61260.06,0.0,245040.24,0.0,245040.24,Marketplace,UPI,Completed,2025
ORD20512,2024-01-09,CUST1048,49.0,Male,Jaipur,Tablet,Electronics,1,28027.24,0.05,28027.24,1401.36,26625.88,Marketplace,Net Banking,Completed,2024
ORD20387,2023-10-09,CUST1174,64.0,Female,Jaipur,Coffee Maker,Home & Kitchen,5,5999.58,0.05,29997.9,1499.9,28498.0,Website,Net Banking,Completed,2023
ORD20290,2023-07-31,CUST1178,25.0,Male,Hyderabad,Laptop,Electronics,1,61137.1,0.0,61137.1,0.0,61137.1,Marketplace,Cash on Delivery,Completed,2023
ORD20899,2024-10-17,CUST1006,25.0,Male,Ahmedabad,Laptop,Electronics,3,69287.33,0.0,207861.99,0.0,-207861.99,Marketplace,Debit Card,Returned,2024
ORD20867,2024-09-24,CUST1169,45.0,Female,Ahmedabad,Smartwatch,Electronics,3,11889.23,0.1,35667.69,3566.77,32100.92,Website,Credit Card,Completed,2024
ORD20971,2024-12-09,CUST1298,24.0,Male,Ahmedabad,Backpack,Accessories,1,2274.99,0.15,2274.99,341.25,1933.74,Marketplace,Credit Card,Completed,2024
ORD20054,2023-02-08,CUST1294,65.0,Female,Jaipur,Shoes,Fashion,5,4361.73,0.1,21808.65,2180.87,0.0,Marketplace,Credit Card,Cancelled,2023
ORD21226,2025-06-13,CUST1275,25.0,Male,Chennai,Air Fryer,Home & Kitchen,1,8574.31,0.05,8574.31,428.72,8145.59,Marketplace,Net Banking,Completed,2025
ORD20610,2024-03-20,CUST1106,28.0,Female,Delhi,Mouse,Accessories,5,1190.73,0.1,5953.65,595.36,5358.29,Website,UPI,Completed,2024
ORD20818,2024-08-19,CUST1062,64.0,Female,Mumbai,Shoes,Fashion,1,4690.94,0.05,4690.94,234.55,4456.39,Mobile App,Debit Card,Completed,2024
ORD21327,2025-08-26,CUST1017,54.0,Male,Bengaluru,Headphones,Electronics,3,3601.29,0.0,10803.87,0.0,10803.87,Website,Credit Card,Completed,2025
ORD20041,2023-01-30,CUST1016,46.0,Female,Chennai,T-Shirt,Fashion,2,1110.19,0.1,2220.38,222.04,1998.34,Mobile App,Cash on Delivery,Completed,2023
ORD20340,2023-09-05,CUST1013,34.0,Male,Ahmedabad,Air Fryer,Home & Kitchen,4,8504.73,0.0,34018.92,0.0,-34018.92,Mobile App,Cash on Delivery,Returned,2023
ORD20721,2024-06-09,CUST1050,60.0,Female,Mumbai,Air Fryer,Home & Kitchen,1,7889.11,0.15,7889.11,1183.37,6705.74,Marketplace,,Completed,2024
ORD21217,2025-06-07,CUST1156,43.0,Male,Ahmedabad,Tablet,Electronics,3,29136.54,0.0,87409.62,0.0,87409.62,Marketplace,Net Banking,Completed,2025
ORD21134,2025-04-07,CUST1139,43.0,Female,Chennai,Mouse,Accessories,4,1190.92,0.0,4763.68,0.0,-4763.68,Website,Credit Card,Returned,2025
ORD20669,2024-05-02,CUST1281,61.0,Male,Kolkata,Coffee Maker,Home & Kitchen,1,6762.47,0.05,6762.47,338.12,6424.35,Marketplace,Debit Card,Completed,2024
ORD20084,2023-03-02,CUST1067,49.0,Female,Delhi,Desk,Furniture,2,17125.37,0.15,34250.74,5137.61,29113.13,Mobile App,Debit Card,Completed,2023
ORD20116,2023-03-26,CUST1083,64.0,Female,Delhi,Desk,Furniture,3,17928.84,0.15,53786.52,8067.98,45718.54,Website,Credit Card,Completed,2023
ORD21171,2025-05-04,CUST1021,49.0,Male,Delhi,Smartphone,Electronics,4,40773.87,0.1,163095.48,16309.55,146785.93,Website,Cash on Delivery,Completed,2025
ORD21181,2025-05-11,CUST1049,45.0,Male,Nagpur,Smartphone,Electronics,3,40709.82,0.15,122129.46,18319.42,103810.04,Marketplace,Net Banking,Completed,2025
ORD20621,2024-03-28,CUST1173,62.0,Female,Pune,Coffee Maker,Home & Kitchen,5,6018.65,0.15,30093.25,4513.99,25579.26,Website,Debit Card,Completed,2024
ORD21088,2025-03-05,CUST1123,60.0,Female,Delhi,Air Fryer,Home & Kitchen,5,8140.56,0.05,40702.8,2035.14,38667.66,Mobile App,Cash on Delivery,Completed,2025
ORD21121,2025-03-29,CUST1244,65.0,Female,Ahmedabad,Coffee Maker,Home & Kitchen,1,6208.42,0.1,6208.42,620.84,5587.58,Marketplace,Credit Card,Completed,2025
ORD20271,2023-07-17,CUST1120,47.0,Female,Hyderabad,Mouse,Accessories,4,1194.96,0.1,4779.84,477.98,4301.86,Marketplace,Credit Card,Completed,2023
ORD20946,2024-11-21,CUST1061,62.0,Other,Nagpur,Coffee Maker,Home & Kitchen,4,6048.15,0.1,24192.6,2419.26,21773.34,Marketplace,,Completed,2024
ORD21268,2025-07-14,CUST1211,57.0,Male,Jaipur,Backpack,Accessories,5,2159.9,0.15,10799.5,1619.92,-9179.58,Mobile App,UPI,Returned,2025
ORD20588,2024-03-04,CUST1105,38.0,Female,Mumbai,Keyboard,Accessories,4,2381.98,0.2,9527.92,1905.58,7622.34,Website,Cash on Delivery,Completed,2024
ORD20841,2024-09-05,CUST1030,56.0,Female,Chennai,Office Chair,Furniture,5,12231.1,0.0,61155.5,0.0,61155.5,Mobile App,Cash on Delivery,Completed,2024
ORD20378,2023-10-03,CUST1106,28.0,Female,Delhi,Keyboard,Accessories,1,2584.97,0.15,2584.97,387.75,2197.22,Marketplace,Debit Card,Completed,2023
ORD21238,2025-06-22,CUST1296,34.0,Female,Jaipur,Smartphone,Electronics,1,38080.24,0.05,38080.24,1904.01,36176.23,Website,UPI,Completed,2025
ORD20097,2023-03-12,CUST1010,32.0,Female,Nagpur,Tablet,Electronics,2,29993.11,0.15,59986.22,8997.93,50988.29,Website,Debit Card,Completed,2023
ORD20542,2024-01-31,CUST1127,46.0,Female,Chennai,Office Chair,Furniture,5,12685.31,0.1,63426.55,6342.66,57083.89,Marketplace,Cash on Delivery,Completed,2024
ORD20834,2024-08-31,CUST1245,40.0,Female,Ahmedabad,Jacket,Fashion,1,3183.56,0.05,3183.56,159.18,-3024.38,Website,Cash on Delivery,Returned,2024
ORD21385,2025-10-07,CUST1051,56.0,Female,Nagpur,Desk,Furniture,1,19071.45,0.1,19071.45,1907.15,17164.3,Marketplace,UPI,Completed,2025
ORD20573,2024-02-22,CUST1233,58.0,Female,Ahmedabad,Air Fryer,Home & Kitchen,5,7805.05,0.15,39025.25,5853.79,33171.46,Marketplace,Cash on Delivery,Completed,2024
ORD20049,2023-02-05,CUST1187,18.0,Female,Hyderabad,Smartphone,Electronics,3,37766.11,0.1,113298.33,11329.83,101968.5,Marketplace,Cash on Delivery,Completed,2023
ORD20792,2024-07-31,CUST1145,22.0,Male,Delhi,Air Fryer,Home & Kitchen,5,7929.68,0.15,39648.4,5947.26,33701.14,Website,,Completed,2024
ORD21292,2025-08-01,CUST1056,18.0,Female,Hyderabad,Coffee Maker,Home & Kitchen,4,6329.11,0.05,25316.44,1265.82,24050.62,Mobile App,Net Banking,Completed,2025
ORD21068,2025-02-18,CUST1157,43.0,Female,Nagpur,Desk,Furniture,3,19557.17,0.05,58671.51,2933.58,55737.93,Mobile App,Net Banking,Completed,2025
ORD20154,2023-04-22,CUST1090,53.0,Male,Hyderabad,Backpack,Accessories,3,2074.32,0.0,6222.96,0.0,6222.96,Marketplace,Credit Card,Completed,2023
ORD20238,2023-06-23,CUST1269,30.0,Female,Mumbai,Office Chair,Furniture,2,11803.1,0.15,23606.2,3540.93,20065.27,Mobile App,Credit Card,Completed,2023
ORD20055,2023-02-09,CUST1245,40.0,Female,Ahmedabad,Keyboard,Accessories,1,2253.27,0.1,2253.27,225.33,2027.94,Marketplace,Net Banking,Completed,2023
ORD20395,2023-10-15,CUST1023,29.0,Male,Mumbai,T-Shirt,Fashion,4,1162.33,0.0,4649.32,0.0,4649.32,Marketplace,Debit Card,Completed,2023
ORD20124,2023-03-31,CUST1286,33.0,Male,Chennai,Smartphone,Electronics,1,36939.07,0.1,36939.07,3693.91,33245.16,Website,Cash on Delivery,Completed,2023
ORD20356,2023-09-17,CUST1001,65.0,Male,Kolkata,Laptop,Electronics,2,61948.24,0.1,123896.48,12389.65,111506.83,Mobile App,Cash on Delivery,Completed,2023
ORD20432,2023-11-11,CUST1143,28.0,Female,Pune,Office Chair,Furniture,1,12766.67,0.15,12766.67,1915.0,10851.67,Website,Debit Card,Completed,2023
ORD20135,2023-04-08,CUST1133,44.0,Male,Ahmedabad,Smartphone,Electronics,4,36193.38,0.1,144773.52,14477.35,130296.17,Website,Net Banking,Completed,2023
ORD20269,2023-07-15,CUST1016,46.0,Female,Chennai,T-Shirt,Fashion,1,1243.36,0.1,1243.36,124.34,-1119.02,Website,Credit Card,Returned,2023
ORD20386,2023-10-09,CUST1293,56.0,Female,Hyderabad,Tablet,Electronics,1,28028.67,0.0,28028.67,0.0,28028.67,Mobile App,Cash on Delivery,Completed,2023
ORD20098,2023-03-12,CUST1093,26.0,Female,Ahmedabad,Jacket,Fashion,1,3504.83,0.1,3504.83,350.48,3154.35,Mobile App,Debit Card,Completed,2023
ORD20221,2023-06-10,CUST1143,28.0,Female,Pune,Headphones,Electronics,1,3544.65,0.15,3544.65,531.7,3012.95,Marketplace,UPI,Completed,2023
ORD20042,2023-01-30,CUST1143,28.0,Female,Pune,Office Chair,Furniture,5,12322.79,0.0,61613.95,0.0,61613.95,Mobile App,Net Banking,Completed,2023
ORD20220,2023-06-09,CUST1228,65.0,Male,Ahmedabad,Office Chair,Furniture,2,11618.95,0.1,23237.9,2323.79,20914.11,Website,Net Banking,Completed,2023
ORD20532,2024-01-23,CUST1289,25.0,Female,Hyderabad,Backpack,Accessories,5,2044.55,0.15,10222.75,1533.41,8689.34,Mobile App,Cash on Delivery,Completed,2024
ORD21488,2025-12-22,CUST1028,61.0,Male,Delhi,Air Fryer,Home & Kitchen,3,8596.25,0.1,25788.75,2578.88,23209.87,Website,Credit Card,Completed,2025
ORD20643,2024-04-13,CUST1178,25.0,Male,Hyderabad,Headphones,Electronics,4,3611.68,0.0,14446.72,0.0,14446.72,Website,Debit Card,Completed,2024
ORD21390,2025-10-11,CUST1203,51.0,Other,Delhi,Keyboard,Accessories,1,2582.99,0.05,2582.99,129.15,2453.84,Website,,Completed,2025
ORD20554,2024-02-08,CUST1070,25.0,Male,Mumbai,Mouse,Accessories,2,1100.81,0.0,2201.62,0.0,2201.62,Website,Cash on Delivery,Completed,2024
ORD21077,2025-02-25,CUST1213,61.0,Female,Delhi,Smartwatch,Electronics,1,13111.49,0.0,13111.49,0.0,13111.49,Mobile App,Cash on Delivery,Completed,2025
ORD20013,2023-01-09,CUST1041,29.0,Male,Pune,Smartphone,Electronics,3,39288.25,0.15,117864.75,17679.71,100185.04,Mobile App,Credit Card,Completed,2023
ORD20475,2023-12-13,CUST1283,61.0,Female,Nagpur,Office Chair,Furniture,5,12081.99,0.15,60409.95,9061.49,51348.46,Marketplace,UPI,Completed,2023
ORD21209,2025-06-01,CUST1180,40.0,Female,Kolkata,Smartphone,Electronics,1,43149.18,0.15,43149.18,6472.38,36676.8,Website,Net Banking,Completed,2025
ORD20618,2024-03-26,CUST1053,49.0,Female,Mumbai,Laptop,Electronics,5,60409.94,0.15,302049.7,45307.46,256742.24,Website,Net Banking,Completed,2024
ORD20622,2024-03-29,CUST1224,65.0,Male,Ahmedabad,Tablet,Electronics,1,30767.16,0.15,30767.16,4615.07,26152.09,Website,Net Banking,Completed,2024
ORD21475,2025-12-12,CUST1020,55.0,Female,Pune,Coffee Maker,Home & Kitchen,2,6311.89,0.0,12623.78,0.0,12623.78,Mobile App,Credit Card,Completed,2025
ORD20799,2024-08-05,CUST1019,37.0,Female,Nagpur,Smartphone,Electronics,4,42510.92,0.0,170043.68,0.0,-170043.68,Mobile App,Cash on Delivery,Returned,2024
ORD20682,2024-05-12,CUST1002,21.0,Other,Ahmedabad,Tablet,Electronics,4,30639.99,0.1,122559.96,12256.0,110303.96,Marketplace,Debit Card,Completed,2024
ORD21260,2025-07-08,CUST1102,55.0,Male,Mumbai,Laptop,Electronics,3,65760.21,0.05,197280.63,9864.03,187416.6,Website,Credit Card,Completed,2025
ORD21467,2025-12-06,CUST1106,,Female,Delhi,Mouse,Accessories,5,1249.5,0.05,6247.5,312.38,5935.12,Website,Debit Card,Completed,2025
ORD20670,2024-05-03,CUST1079,39.0,Female,Kolkata,Shoes,Fashion,4,4422.08,0.05,17688.32,884.42,16803.9,Mobile App,Net Banking,Completed,2024
ORD21424,2025-11-05,CUST1241,38.0,Male,Jaipur,Backpack,Accessories,5,2324.46,0.2,11622.3,2324.46,9297.84,Marketplace,Debit Card,Completed,2025
ORD20900,2024-10-18,CUST1036,47.0,Female,Pune,T-Shirt,Fashion,2,1154.62,0.1,2309.24,230.92,2078.32,Website,Debit Card,Completed,2024
ORD21346,2025-09-09,CUST1104,38.0,Female,Jaipur,Backpack,Accessories,1,2091.34,0.0,2091.34,0.0,2091.34,Website,UPI,Completed,2025
ORD20417,2023-10-31,CUST1089,53.0,Female,Mumbai,Coffee Maker,Home & Kitchen,1,6427.5,0.1,6427.5,642.75,5784.75,Website,Cash on Delivery,Completed,2023
ORD21375,2025-09-30,CUST1035,58.0,Female,Hyderabad,Mouse,Accessories,5,1287.87,0.0,6439.35,0.0,6439.35,Marketplace,UPI,Completed,2025
ORD20563,2024-02-15,CUST1160,36.0,Female,Pune,Headphones,Electronics,1,3396.39,0.0,3396.39,0.0,3396.39,Mobile App,Credit Card,Completed,2024
ORD20607,2024-03-18,CUST1100,30.0,Male,Bengaluru,Coffee Maker,Home & Kitchen,3,6543.76,0.15,19631.28,2944.69,16686.59,Marketplace,Net Banking,Completed,2024
ORD20225,2023-06-13,CUST1276,37.0,Male,Nagpur,Shoes,Fashion,3,4376.86,0.2,13130.58,2626.12,10504.46,Mobile App,Net Banking,Completed,2023
ORD20337,2023-09-03,CUST1293,56.0,Female,Hyderabad,Mouse,Accessories,1,1164.24,0.1,1164.24,116.42,-1047.82,Website,UPI,Returned,2023
ORD20233,2023-06-19,CUST1129,41.0,Male,Jaipur,Coffee Maker,Home & Kitchen,4,6201.75,0.15,24807.0,3721.05,21085.95,Mobile App,Debit Card,Completed,2023
ORD21388,2025-10-10,CUST1001,65.0,Male,Kolkata,Smartphone,Electronics,1,36892.66,0.05,36892.66,1844.63,-35048.03,Marketplace,UPI,Returned,2025
ORD20566,2024-02-17,CUST1141,43.0,Male,Kolkata,Jacket,Fashion,2,3618.95,0.0,7237.9,0.0,7237.9,Mobile App,Cash on Delivery,Completed,2024
ORD20857,2024-09-17,CUST1213,61.0,Female,Delhi,Shoes,Fashion,1,4509.69,0.05,4509.69,225.48,4284.21,Website,Debit Card,Completed,2024
ORD20469,2023-12-08,CUST1106,28.0,Female,Delhi,Keyboard,Accessories,1,2713.69,0.0,2713.69,0.0,2713.69,Marketplace,Credit Card,Completed,2023
ORD21024,2025-01-17,CUST1183,21.0,Female,Ahmedabad,Headphones,Electronics,3,3628.09,0.1,10884.27,1088.43,9795.84,Marketplace,Cash on Delivery,Completed,2025
ORD20757,2024-07-06,CUST1207,49.0,Male,Kolkata,Smartphone,Electronics,1,43050.31,0.0,43050.31,0.0,43050.31,Mobile App,Net Banking,Completed,2024
ORD21300,2025-08-06,CUST1182,29.0,Male,Jaipur,Backpack,Accessories,3,2106.75,0.2,6320.25,1264.05,5056.2,Mobile App,Debit Card,Completed,2025
ORD20298,2023-08-05,CUST1192,41.0,Male,Bengaluru,Coffee Maker,Home & Kitchen,2,6932.41,0.1,13864.82,1386.48,12478.34,Website,Cash on Delivery,Completed,2023
ORD20880,2024-10-04,CUST1085,34.0,Other,Chennai,Backpack,Accessories,1,2260.89,0.05,2260.89,113.04,2147.85,Marketplace,Net Banking,Completed,2024
ORD21117,2025-03-26,CUST1021,49.0,Male,Delhi,T-Shirt,Fashion,5,1081.4,0.0,5407.0,0.0,0.0,Marketplace,UPI,Cancelled,2025
ORD20474,2023-12-12,CUST1081,23.0,Female,Mumbai,Mouse,Accessories,5,1195.44,0.0,5977.2,0.0,5977.2,Marketplace,Credit Card,Completed,2023
ORD20703,2024-05-27,CUST1174,64.0,Female,Jaipur,Tablet,Electronics,4,29856.03,0.05,119424.12,5971.21,113452.91,Mobile App,Cash on Delivery,Completed,2024
ORD20206,2023-05-30,CUST1020,55.0,Female,Pune,Smartphone,Electronics,3,39018.9,0.15,117056.7,17558.5,99498.2,Marketplace,UPI,Completed,2023
ORD20004,2023-01-03,CUST1145,22.0,Male,Delhi,Smartphone,Electronics,1,38541.83,0.15,38541.83,5781.27,32760.56,Marketplace,UPI,Completed,2023
ORD20838,2024-09-03,CUST1225,22.0,Female,Hyderabad,Keyboard,Accessories,1,2429.69,0.15,2429.69,364.45,2065.24,Website,Cash on Delivery,Completed,2024
ORD21349,2025-09-11,CUST1048,49.0,Male,Jaipur,Mouse,Accessories,3,1206.63,0.15,3619.89,542.98,3076.91,Mobile App,Cash on Delivery,Completed,2025
ORD21394,2025-10-14,CUST1089,53.0,Female,Mumbai,Jacket,Fashion,4,3696.17,0.1,14784.68,1478.47,13306.21,Mobile App,Debit Card,Completed,2025
ORD21295,2025-08-03,CUST1257,24.0,Female,Nagpur,Keyboard,Accessories,2,2416.76,0.2,4833.52,966.7,3866.82,Mobile App,Credit Card,Completed,2025
ORD20747,2024-06-28,CUST1137,18.0,Male,Chennai,Mouse,Accessories,4,1275.24,0.05,5100.96,255.05,4845.91,Marketplace,Credit Card,Completed,2024
ORD20836,2024-09-01,CUST1071,51.0,Male,Hyderabad,Coffee Maker,Home & Kitchen,1,6209.46,0.15,6209.46,931.42,5278.04,Marketplace,Credit Card,Completed,2024
ORD21274,2025-07-18,CUST1122,49.0,Other,Mumbai,Jacket,Fashion,4,3320.56,0.15,13282.24,1992.34,11289.9,Marketplace,UPI,Completed,2025
ORD20952,2024-11-25,CUST1259,47.0,Male,Jaipur,Backpack,Accessories,3,2043.67,0.0,6131.01,0.0,6131.01,Marketplace,Net Banking,Completed,2024
ORD21022,2025-01-15,CUST1150,46.0,Male,Nagpur,Smartwatch,Electronics,4,11160.66,0.05,44642.64,2232.13,42410.51,Marketplace,,Completed,2025
ORD20759,2024-07-07,CUST1041,29.0,Male,Pune,Headphones,Electronics,3,3431.01,0.0,10293.03,0.0,10293.03,Marketplace,Debit Card,Completed,2024
ORD20913,2024-10-28,CUST1270,23.0,Male,Hyderabad,Desk,Furniture,4,17213.81,0.1,68855.24,6885.52,-61969.72,Website,Credit Card,Returned,2024
ORD20729,2024-06-15,CUST1165,62.0,Male,Hyderabad,Smartwatch,Electronics,2,12784.95,0.1,25569.9,2556.99,23012.91,Marketplace,UPI,Completed,2024
ORD20427,2023-11-08,CUST1005,57.0,Female,Mumbai,Mouse,Accessories,1,1084.29,0.0,1084.29,0.0,1084.29,Website,Net Banking,Completed,2023
ORD20987,2024-12-21,CUST1269,30.0,Female,Mumbai,Headphones,Electronics,1,3688.78,0.1,3688.78,368.88,3319.9,Website,Cash on Delivery,Completed,2024
ORD20505,2024-01-04,CUST1278,26.0,Female,Jaipur,Jacket,Fashion,5,3247.38,0.1,16236.9,1623.69,-14613.21,Mobile App,UPI,Returned,2024
ORD20582,2024-02-29,CUST1172,28.0,Female,Chennai,Keyboard,Accessories,1,2292.19,0.05,2292.19,114.61,2177.58,Marketplace,Net Banking,Completed,2024
ORD20673,2024-05-05,CUST1045,56.0,Female,Delhi,Keyboard,Accessories,3,2504.18,0.2,7512.54,1502.51,6010.03,Marketplace,Credit Card,Completed,2024
ORD20702,2024-05-27,CUST1011,41.0,Female,Jaipur,Laptop,Electronics,3,60385.75,0.1,181157.25,18115.73,163041.52,Mobile App,Credit Card,Completed,2024
ORD21011,2025-01-07,CUST1094,25.0,Male,Bengaluru,Laptop,Electronics,2,64764.44,0.0,129528.88,0.0,129528.88,Mobile App,Debit Card,Completed,2025
ORD20158,2023-04-25,CUST1280,46.0,Female,Nagpur,Desk,Furniture,2,18765.95,0.0,37531.9,0.0,37531.9,Marketplace,Debit Card,Completed,2023
ORD20463,2023-12-04,CUST1006,25.0,Male,Ahmedabad,Office Chair,Furniture,5,12075.78,0.0,60378.9,0.0,-60378.9,Mobile App,Cash on Delivery,Returned,2023
ORD20161,2023-04-27,CUST1241,38.0,Male,Jaipur,Jacket,Fashion,4,3282.48,0.05,13129.92,656.5,12473.42,Mobile App,Cash on Delivery,Completed,2023
ORD20306,2023-08-11,CUST1111,54.0,Male,Bengaluru,Mouse,Accessories,5,1286.81,0.1,6434.05,643.41,5790.64,Marketplace,UPI,Completed,2023
ORD20396,2023-10-16,CUST1072,56.0,Male,Pune,Headphones,Electronics,4,3668.32,0.15,14673.28,2200.99,12472.29,Marketplace,UPI,Completed,2023
ORD20400,2023-10-19,CUST1186,47.0,Male,Jaipur,Coffee Maker,Home & Kitchen,5,6506.68,0.15,32533.4,4880.01,27653.39,Marketplace,UPI,Completed,2023
ORD21163,2025-04-28,CUST1268,21.0,Male,Pune,Tablet,Electronics,2,25516.94,0.05,51033.88,2551.69,48482.19,Website,Debit Card,Completed,2025
ORD20611,2024-03-21,CUST1138,30.0,Female,Nagpur,Laptop,Electronics,3,62859.12,0.2,188577.36,37715.47,150861.89,Website,Net Banking,Completed,2024
ORD21462,2025-12-03,CUST1239,64.0,Female,Ahmedabad,Shoes,Fashion,1,4288.11,0.1,4288.11,428.81,-3859.3,Website,Net Banking,Returned,2025
ORD21269,2025-07-15,CUST1232,19.0,Male,Mumbai,Backpack,Accessories,4,2152.7,0.15,8610.8,1291.62,-7319.18,Mobile App,Credit Card,Returned,2025
ORD21417,2025-10-31,CUST1071,51.0,Male,Hyderabad,Laptop,Electronics,1,67954.45,0.0,67954.45,0.0,67954.45,Marketplace,Cash on Delivery,Completed,2025
ORD20770,2024-07-15,CUST1218,28.0,Male,Nagpur,Headphones,Electronics,5,3274.25,0.1,16371.25,1637.12,14734.13,Marketplace,Debit Card,Completed,2024
ORD21131,2025-04-05,CUST1161,35.0,Female,Chennai,Coffee Maker,Home & Kitchen,5,6136.49,0.0,30682.45,0.0,30682.45,Website,UPI,Completed,2025
ORD20557,2024-02-11,CUST1197,59.0,Male,Bengaluru,Mouse,Accessories,5,1294.79,0.1,6473.95,647.4,0.0,Marketplace,Debit Card,Cancelled,2024
ORD20458,2023-11-30,CUST1076,33.0,Male,Chennai,Air Fryer,Home & Kitchen,2,8211.04,0.0,16422.08,0.0,16422.08,Marketplace,Net Banking,Completed,2023
ORD20803,2024-08-08,CUST1168,21.0,Female,Hyderabad,Smartwatch,Electronics,4,12695.19,0.05,50780.76,2539.04,48241.72,Website,UPI,Completed,2024
ORD20479,2023-12-16,CUST1282,43.0,Male,Kolkata,Shoes,Fashion,3,4852.92,0.2,14558.76,2911.75,11647.01,Mobile App,Net Banking,Completed,2023
ORD21123,2025-03-30,CUST1206,23.0,Male,Kolkata,Air Fryer,Home & Kitchen,5,8063.4,0.1,40317.0,4031.7,36285.3,Website,Credit Card,Completed,2025
ORD21403,2025-10-21,CUST1038,30.0,Male,Kolkata,Air Fryer,Home & Kitchen,2,8976.63,0.1,17953.26,1795.33,16157.93,Website,Net Banking,Completed,2025
ORD21146,2025-04-16,CUST1009,18.0,Female,Nagpur,Coffee Maker,Home & Kitchen,2,7042.82,0.1,14085.64,1408.56,-12677.08,Marketplace,Credit Card,Returned,2025
ORD21076,2025-02-24,CUST1283,61.0,Female,Nagpur,Keyboard,Accessories,5,2439.12,0.15,12195.6,1829.34,10366.26,Website,Credit Card,Completed,2025
ORD21241,2025-06-24,CUST1226,48.0,Female,Hyderabad,Air Fryer,Home & Kitchen,2,8146.7,0.1,16293.4,1629.34,14664.06,Website,UPI,Completed,2025
ORD20348,2023-09-11,CUST1148,31.0,Female,Ahmedabad,Coffee Maker,Home & Kitchen,3,6665.13,0.0,19995.39,0.0,19995.39,Marketplace,UPI,Completed,2023
ORD20447,2023-11-22,CUST1106,28.0,Female,Delhi,Keyboard,Accessories,4,2564.55,0.15,10258.2,1538.73,-8719.47,Mobile App,Cash on Delivery,Returned,2023
ORD21356,2025-09-16,CUST1092,20.0,Female,Hyderabad,Smartphone,Electronics,5,38657.0,0.1,193285.0,19328.5,173956.5,Mobile App,UPI,Completed,2025
ORD20380,2023-10-04,CUST1266,41.0,Male,Hyderabad,Backpack,Accessories,3,2269.27,0.05,6807.81,340.39,6467.42,Mobile App,Cash on Delivery,Completed,2023
ORD21365,2025-09-23,CUST1212,28.0,Male,Mumbai,Coffee Maker,Home & Kitchen,5,7094.83,0.05,35474.15,1773.71,33700.44,Marketplace,Credit Card,Completed,2025
ORD21073,2025-02-22,CUST1102,55.0,Male,Mumbai,Office Chair,Furniture,4,12783.14,0.1,51132.56,5113.26,46019.3,Mobile App,Net Banking,Completed,2025
ORD21313,2025-08-16,CUST1100,30.0,Male,Bengaluru,Office Chair,Furniture,3,11515.26,0.1,34545.78,3454.58,31091.2,Mobile App,Credit Card,Completed,2025
ORD20232,2023-06-18,CUST1085,34.0,Other,Chennai,Headphones,Electronics,4,3754.02,0.0,15016.08,0.0,15016.08,Mobile App,Debit Card,Completed,2023
ORD20383,2023-10-07,CUST1027,22.0,Female,Kolkata,Mouse,Accessories,3,1250.8,0.0,3752.4,0.0,3752.4,Mobile App,Credit Card,Completed,2023
ORD20688,2024-05-16,CUST1051,56.0,Female,Nagpur,Mouse,Accessories,1,1127.56,0.0,1127.56,0.0,-1127.56,Marketplace,Debit Card,Returned,2024
ORD20073,2023-02-22,CUST1066,64.0,Male,Mumbai,T-Shirt,Fashion,3,1311.52,0.15,3934.56,590.18,3344.38,Marketplace,Cash on Delivery,Completed,2023
ORD20071,2023-02-21,CUST1046,46.0,Female,Bengaluru,Shoes,Fashion,2,4334.98,0.15,8669.96,1300.49,7369.47,Mobile App,UPI,Completed,2023
ORD21358,2025-09-18,CUST1152,19.0,Male,Hyderabad,Tablet,Electronics,5,29561.44,0.05,147807.2,7390.36,140416.84,Website,Debit Card,Completed,2025
ORD21159,2025-04-25,CUST1051,56.0,Female,Nagpur,Laptop,Electronics,4,62535.29,0.0,250141.16,0.0,250141.16,Website,Cash on Delivery,Completed,2025
ORD20172,2023-05-05,CUST1105,38.0,Female,Mumbai,Jacket,Fashion,4,3789.59,0.05,15158.36,757.92,14400.44,Mobile App,Debit Card,Completed,2023
ORD20169,2023-05-03,CUST1065,58.0,Other,Pune,Smartwatch,Electronics,3,11021.51,0.1,33064.53,3306.45,29758.08,Mobile App,UPI,Completed,2023
ORD20494,2023-12-27,CUST1281,61.0,Male,Kolkata,Desk,Furniture,2,19398.64,0.1,38797.28,3879.73,0.0,Marketplace,Cash on Delivery,Cancelled,2023
ORD20681,2024-05-11,CUST1132,60.0,Male,Kolkata,Tablet,Electronics,4,29324.39,0.0,117297.56,0.0,117297.56,Mobile App,Credit Card,Completed,2024
ORD21332,2025-08-30,CUST1165,62.0,Male,Hyderabad,Laptop,Electronics,3,58755.57,0.0,176266.71,0.0,176266.71,Website,Net Banking,Completed,2025
ORD20273,2023-07-18,CUST1100,30.0,Male,Bengaluru,Shoes,Fashion,2,4589.41,0.1,9178.82,917.88,8260.94,Marketplace,Net Banking,Completed,2023
ORD21190,2025-05-18,CUST1087,57.0,Male,Delhi,Air Fryer,Home & Kitchen,5,7932.44,0.15,39662.2,5949.33,33712.87,Website,Net Banking,Completed,2025
ORD20421,2023-11-03,CUST1062,64.0,Female,Mumbai,Mouse,Accessories,3,1301.63,0.0,3904.89,0.0,3904.89,Marketplace,Net Banking,Completed,2023
ORD20095,2023-03-10,CUST1032,60.0,Male,Hyderabad,Shoes,Fashion,3,4459.09,0.0,13377.27,0.0,13377.27,Mobile App,UPI,Completed,2023
ORD21127,2025-04-02,CUST1213,61.0,Female,Delhi,Coffee Maker,Home & Kitchen,3,6050.22,0.0,18150.66,0.0,18150.66,Mobile App,Debit Card,Completed,2025
ORD21206,2025-05-30,CUST1100,30.0,Male,Bengaluru,Desk,Furniture,1,17114.04,0.15,17114.04,2567.11,14546.93,Marketplace,Cash on Delivery,Completed,2025
ORD20043,2023-01-31,CUST1239,64.0,Female,Ahmedabad,Coffee Maker,Home & Kitchen,1,6164.0,0.1,6164.0,616.4,5547.6,Website,Cash on Delivery,Completed,2023
ORD20057,2023-02-10,CUST1259,47.0,Male,Jaipur,Jacket,Fashion,1,3264.14,0.0,3264.14,0.0,3264.14,Website,Debit Card,Completed,2023
ORD20718,2024-06-07,CUST1251,53.0,Male,Chennai,Headphones,Electronics,3,3566.71,0.15,10700.13,1605.02,0.0,Mobile App,UPI,Cancelled,2024
ORD21243,2025-06-26,CUST1112,55.0,Other,Hyderabad,Backpack,Accessories,1,2364.31,0.0,2364.31,0.0,2364.31,Website,Net Banking,Completed,2025
ORD20039,2023-01-28,CUST1083,64.0,Female,Delhi,Smartwatch,Electronics,1,13185.23,0.0,13185.23,0.0,13185.23,Website,UPI,Completed,2023
ORD20307,2023-08-12,CUST1080,36.0,Male,Ahmedabad,Keyboard,Accessories,3,2399.36,0.1,7198.08,719.81,6478.27,Mobile App,UPI,Completed,2023
ORD21086,2025-03-03,CUST1236,26.0,Male,Ahmedabad,Coffee Maker,Home & Kitchen,1,6844.89,0.05,6844.89,342.24,6502.65,Marketplace,Debit Card,Completed,2025
ORD20965,2024-12-05,CUST1194,20.0,Female,Chennai,Smartwatch,Electronics,1,11079.28,0.15,11079.28,1661.89,9417.39,Marketplace,Net Banking,Completed,2024
ORD20409,2023-10-26,CUST1272,58.0,Male,Delhi,Jacket,Fashion,2,3513.18,0.1,7026.36,702.64,6323.72,Mobile App,Debit Card,Completed,2023
ORD20167,2023-05-02,CUST1300,39.0,Female,Hyderabad,Headphones,Electronics,2,3551.65,0.05,7103.3,355.16,-6748.14,Mobile App,Debit Card,Returned,2023
ORD20535,2024-01-26,CUST1187,18.0,Female,Hyderabad,Coffee Maker,Home & Kitchen,5,5935.42,0.1,29677.1,2967.71,26709.39,Mobile App,Credit Card,Completed,2024
ORD20886,2024-10-08,CUST1117,28.0,Female,Hyderabad,Backpack,Accessories,4,2259.52,0.0,9038.08,0.0,9038.08,Mobile App,Debit Card,Completed,2024
ORD21441,2025-11-17,CUST1241,,Male,Jaipur,Coffee Maker,Home & Kitchen,2,6668.0,0.1,13336.0,1333.6,12002.4,Marketplace,Net Banking,Completed,2025
ORD21080,2025-02-27,CUST1163,57.0,Female,Jaipur,Mouse,Accessories,4,1200.25,0.05,4801.0,240.05,4560.95,Website,Net Banking,Completed,2025
ORD21431,2025-11-10,CUST1011,41.0,Female,Jaipur,Tablet,Electronics,3,29321.1,0.0,87963.3,0.0,-87963.3,Mobile App,Net Banking,Returned,2025
ORD21172,2025-05-05,CUST1273,51.0,Other,Bengaluru,Smartwatch,Electronics,2,10910.58,0.05,21821.16,1091.06,20730.1,Website,Net Banking,Completed,2025
ORD20639,2024-04-11,CUST1076,33.0,Male,Chennai,Coffee Maker,Home & Kitchen,2,6089.11,0.1,12178.22,1217.82,10960.4,Mobile App,Debit Card,Completed,2024
ORD20317,2023-08-19,CUST1005,57.0,Female,Mumbai,Mouse,Accessories,1,1169.27,0.15,1169.27,175.39,993.88,Marketplace,Credit Card,Completed,2023
ORD20934,2024-11-12,CUST1251,53.0,Male,Chennai,Backpack,Accessories,3,2125.85,0.0,6377.55,0.0,6377.55,Marketplace,UPI,Completed,2024
ORD21303,2025-08-09,CUST1091,18.0,Male,Chennai,Headphones,Electronics,4,3277.46,0.05,13109.84,655.49,12454.35,Website,UPI,Completed,2025
ORD20517,2024-01-12,CUST1081,23.0,Female,Mumbai,Keyboard,Accessories,5,2625.5,0.1,13127.5,1312.75,11814.75,Website,UPI,Completed,2024
ORD20652,2024-04-20,CUST1299,37.0,Male,Chennai,Coffee Maker,Home & Kitchen,5,6874.09,0.0,34370.45,0.0,34370.45,Marketplace,UPI,Completed,2024
ORD20534,2024-01-25,CUST1045,56.0,Female,Delhi,T-Shirt,Fashion,4,1178.61,0.05,4714.44,235.72,4478.72,Marketplace,Net Banking,Completed,2024
ORD21460,2025-12-01,CUST1142,50.0,Female,Delhi,Jacket,Fashion,1,3790.25,0.0,3790.25,0.0,3790.25,Marketplace,UPI,Completed,2025
ORD21094,2025-03-09,CUST1150,46.0,Male,Nagpur,Keyboard,Accessories,4,2450.48,0.1,9801.92,980.19,8821.73,Mobile App,Debit Card,Completed,2025
ORD21271,2025-07-16,CUST1001,65.0,Male,Kolkata,Backpack,Accessories,3,2124.77,0.05,6374.31,318.72,6055.59,Website,Net Banking,Completed,2025
ORD20549,2024-02-05,CUST1133,44.0,Male,Ahmedabad,Headphones,Electronics,3,3555.8,0.15,10667.4,1600.11,9067.29,Marketplace,Cash on Delivery,Completed,2024
ORD20454,2023-11-27,CUST1001,65.0,Male,Kolkata,Coffee Maker,Home & Kitchen,2,7000.02,0.05,14000.04,700.0,13300.04,Marketplace,Net Banking,Completed,2023
ORD21237,2025-06-21,CUST1058,51.0,Male,Bengaluru,Headphones,Electronics,2,3848.57,0.05,7697.14,384.86,7312.28,Website,Cash on Delivery,Completed,2025
ORD20665,2024-04-30,CUST1185,20.0,Female,Delhi,Coffee Maker,Home & Kitchen,4,6418.88,0.0,25675.52,0.0,-25675.52,Website,Debit Card,Returned,2024
ORD20571,2024-02-21,CUST1217,33.0,Female,Bengaluru,Keyboard,Accessories,2,2443.85,0.1,4887.7,488.77,4398.93,Mobile App,Credit Card,Completed,2024
ORD20936,2024-11-14,CUST1155,45.0,Other,Kolkata,Backpack,Accessories,2,2204.93,0.05,4409.86,220.49,4189.37,Website,Debit Card,Completed,2024
ORD20062,2023-02-14,CUST1061,62.0,Other,Nagpur,Laptop,Electronics,4,65682.29,0.15,262729.16,39409.37,223319.79,Website,UPI,Completed,2023
ORD21047,2025-02-03,CUST1252,31.0,Female,Jaipur,Mouse,Accessories,5,1246.24,0.2,6231.2,1246.24,4984.96,Marketplace,UPI,Completed,2025
ORD20537,2024-01-27,CUST1248,18.0,Male,Nagpur,Office Chair,Furniture,3,11110.84,0.1,33332.52,3333.25,29999.27,Marketplace,Debit Card,Completed,2024
ORD20985,2024-12-19,CUST1004,26.0,Male,Jaipur,T-Shirt,Fashion,2,1141.73,0.15,2283.46,342.52,1940.94,Marketplace,Cash on Delivery,Completed,2024
ORD21035,2025-01-25,CUST1048,49.0,Male,Jaipur,Smartwatch,Electronics,3,12603.46,0.1,37810.38,3781.04,34029.34,Mobile App,Net Banking,Completed,2025
ORD20245,2023-06-28,CUST1248,18.0,Male,Nagpur,Laptop,Electronics,4,67995.13,0.1,271980.52,27198.05,244782.47,Marketplace,UPI,Completed,2023
ORD20026,2023-01-19,CUST1131,20.0,Male,Nagpur,Keyboard,Accessories,1,2369.8,0.15,2369.8,355.47,2014.33,Marketplace,Net Banking,Completed,2023
ORD20223,2023-06-12,CUST1075,26.0,Female,Pune,Coffee Maker,Home & Kitchen,4,5877.12,0.1,23508.48,2350.85,21157.63,Marketplace,UPI,Completed,2023
ORD21197,2025-05-23,CUST1237,60.0,Female,Chennai,Smartphone,Electronics,3,39243.83,0.15,117731.49,17659.72,100071.77,Marketplace,Debit Card,Completed,2025
ORD20106,2023-03-18,CUST1083,64.0,Female,Delhi,Coffee Maker,Home & Kitchen,4,7063.01,0.05,28252.04,1412.6,26839.44,Website,Debit Card,Completed,2023
ORD21483,2025-12-18,CUST1247,25.0,Female,Mumbai,Shoes,Fashion,4,4145.41,0.1,16581.64,1658.16,14923.48,Website,UPI,Completed,2025
ORD20510,2024-01-07,CUST1119,20.0,Male,Jaipur,Mouse,Accessories,2,1117.26,0.15,2234.52,335.18,1899.34,Mobile App,UPI,Completed,2024
ORD20132,2023-04-06,CUST1031,62.0,Female,Pune,Laptop,Electronics,3,66421.44,0.05,199264.32,9963.22,189301.1,Marketplace,Debit Card,Completed,2023
ORD20445,2023-11-21,CUST1051,56.0,Female,Nagpur,Smartphone,Electronics,2,38102.36,0.2,76204.72,15240.94,60963.78,Website,Credit Card,Completed,2023
ORD20661,2024-04-27,CUST1002,21.0,Other,Ahmedabad,Tablet,Electronics,4,26739.46,0.15,106957.84,16043.68,90914.16,Mobile App,Cash on Delivery,Completed,2024
ORD20509,2024-01-07,CUST1092,20.0,Female,Hyderabad,Desk,Furniture,2,17820.42,0.15,35640.84,5346.13,30294.71,Marketplace,Credit Card,Completed,2024
ORD20829,2024-08-27,CUST1022,36.0,Female,Bengaluru,Smartwatch,Electronics,1,10834.51,0.05,10834.51,541.73,10292.78,Website,Cash on Delivery,Completed,2024
ORD20076,2023-02-24,CUST1007,24.0,Female,Chennai,Air Fryer,Home & Kitchen,4,8105.88,0.1,32423.52,3242.35,-29181.17,Marketplace,UPI,Returned,2023
ORD20037,2023-01-27,CUST1178,25.0,Male,Hyderabad,Backpack,Accessories,3,2015.21,0.1,6045.63,604.56,5441.07,Website,Cash on Delivery,Completed,2023
ORD21338,2025-09-03,CUST1266,41.0,Male,Hyderabad,Coffee Maker,Home & Kitchen,2,6579.03,0.1,13158.06,1315.81,11842.25,Mobile App,Debit Card,Completed,2025
ORD20058,2023-02-11,CUST1099,18.0,Female,Jaipur,Laptop,Electronics,4,66258.98,0.1,265035.92,26503.59,238532.33,Mobile App,Credit Card,Completed,2023
ORD20197,2023-05-24,CUST1061,62.0,Other,Nagpur,Keyboard,Accessories,1,2700.93,0.1,2700.93,270.09,2430.84,Mobile App,Debit Card,Completed,2023
ORD21318,2025-08-20,CUST1159,42.0,Male,Delhi,Shoes,Fashion,5,4380.75,0.1,21903.75,2190.38,-19713.37,Marketplace,Net Banking,Returned,2025
ORD21401,2025-10-19,CUST1086,58.0,Male,Ahmedabad,T-Shirt,Fashion,3,1119.09,0.1,3357.27,335.73,0.0,Mobile App,Debit Card,Cancelled,2025
ORD20859,2024-09-18,CUST1279,44.0,Female,Nagpur,Shoes,Fashion,5,4407.27,0.15,22036.35,3305.45,18730.9,Mobile App,Debit Card,Completed,2024
ORD20778,2024-07-21,CUST1011,41.0,Female,Jaipur,Laptop,Electronics,2,63589.63,0.0,127179.26,0.0,127179.26,Mobile App,Cash on Delivery,Completed,2024
ORD20478,2023-12-15,CUST1045,56.0,Female,Delhi,Jacket,Fashion,5,3691.26,0.2,18456.3,3691.26,14765.04,Marketplace,Net Banking,Completed,2023
ORD20087,2023-03-04,CUST1145,22.0,Male,Delhi,Laptop,Electronics,3,66019.49,0.1,198058.47,19805.85,178252.62,Mobile App,Cash on Delivery,Completed,2023
ORD20562,2024-02-14,CUST1282,43.0,Male,Kolkata,Jacket,Fashion,5,3494.88,0.05,17474.4,873.72,-16600.68,Marketplace,UPI,Returned,2024
ORD20335,2023-09-01,CUST1151,33.0,Male,Mumbai,Shoes,Fashion,5,4801.11,0.15,24005.55,3600.83,20404.72,Marketplace,Cash on Delivery,Completed,2023
ORD21095,2025-03-10,CUST1250,19.0,Female,Nagpur,Laptop,Electronics,2,65472.55,0.05,130945.1,6547.26,0.0,Marketplace,Net Banking,Cancelled,2025
ORD21170,2025-05-03,CUST1020,55.0,Female,Pune,Air Fryer,Home & Kitchen,4,8944.57,0.0,35778.28,0.0,35778.28,Website,Debit Card,Completed,2025
ORD20926,2024-11-06,CUST1211,57.0,Male,Jaipur,Smartwatch,Electronics,5,12343.47,0.05,61717.35,3085.87,58631.48,Marketplace,Debit Card,Completed,2024
ORD21175,2025-05-07,CUST1087,57.0,Male,Delhi,Desk,Furniture,2,18049.41,0.0,36098.82,0.0,36098.82,Website,Credit Card,Completed,2025
ORD21180,2025-05-11,CUST1172,28.0,Female,Chennai,Air Fryer,Home & Kitchen,2,8652.83,0.0,17305.66,0.0,17305.66,Mobile App,Cash on Delivery,Completed,2025
ORD20539,2024-01-29,CUST1292,32.0,Female,Delhi,Headphones,Electronics,4,3693.56,0.05,14774.24,738.71,14035.53,Marketplace,Cash on Delivery,Completed,2024
ORD21174,2025-05-06,CUST1284,40.0,Male,Hyderabad,Tablet,Electronics,4,30681.57,0.2,122726.28,24545.26,98181.02,Website,Credit Card,Completed,2025
ORD20649,2024-04-18,CUST1041,29.0,Male,Pune,Coffee Maker,Home & Kitchen,2,6506.11,0.1,13012.22,1301.22,11711.0,Mobile App,Net Banking,Completed,2024
ORD20419,2023-11-02,CUST1025,27.0,Female,Hyderabad,Coffee Maker,Home & Kitchen,3,6828.08,0.1,20484.24,2048.42,18435.82,Marketplace,Cash on Delivery,Completed,2023
ORD20972,2024-12-10,CUST1095,57.0,Male,Delhi,T-Shirt,Fashion,1,1093.75,0.1,1093.75,109.38,984.37,Marketplace,Net Banking,Completed,2024
ORD21419,2025-11-01,CUST1206,23.0,Male,Kolkata,Desk,Furniture,2,19116.39,0.15,38232.78,5734.92,32497.86,Website,Debit Card,Completed,2025
ORD21014,2025-01-09,CUST1145,22.0,Male,Delhi,Backpack,Accessories,2,2251.98,0.05,4503.96,225.2,4278.76,Website,Cash on Delivery,Completed,2025
ORD20574,2024-02-23,CUST1136,49.0,Female,Chennai,Coffee Maker,Home & Kitchen,5,6623.88,0.15,33119.4,4967.91,28151.49,Website,UPI,Completed,2024
ORD20653,2024-04-21,CUST1054,43.0,Female,Pune,Tablet,Electronics,4,30669.33,0.1,122677.32,12267.73,110409.59,Mobile App,Credit Card,Completed,2024
ORD21286,2025-07-27,CUST1205,19.0,Female,Pune,Keyboard,Accessories,4,2606.29,0.05,10425.16,521.26,9903.9,Marketplace,Credit Card,Completed,2025
ORD20333,2023-08-31,CUST1272,58.0,Male,Delhi,Tablet,Electronics,5,25689.95,0.15,128449.75,19267.46,109182.29,Marketplace,UPI,Completed,2023
ORD20914,2024-10-28,CUST1125,35.0,Male,Mumbai,Desk,Furniture,5,19181.28,0.1,95906.4,9590.64,86315.76,Marketplace,Credit Card,Completed,2024
ORD20575,2024-02-24,CUST1245,40.0,Female,Ahmedabad,Office Chair,Furniture,3,12643.42,0.15,37930.26,5689.54,32240.72,Website,Cash on Delivery,Completed,2024
ORD21301,2025-08-07,CUST1238,49.0,Male,Kolkata,Jacket,Fashion,2,3412.13,0.1,6824.26,682.43,6141.83,Website,Credit Card,Completed,2025
ORD21110,2025-03-21,CUST1175,31.0,Male,Chennai,Laptop,Electronics,3,62111.07,0.05,186333.21,9316.66,177016.55,Marketplace,Cash on Delivery,Completed,2025
ORD21105,2025-03-17,CUST1156,43.0,Male,Ahmedabad,Mouse,Accessories,4,1278.48,0.05,5113.92,255.7,4858.22,Website,Net Banking,Completed,2025
ORD21383,2025-10-06,CUST1202,51.0,Female,Hyderabad,T-Shirt,Fashion,5,1157.36,0.05,5786.8,289.34,5497.46,Marketplace,Cash on Delivery,Completed,2025
ORD21225,2025-06-13,CUST1075,26.0,Female,Pune,Headphones,Electronics,4,3241.76,0.1,12967.04,1296.7,11670.34,Website,UPI,Completed,2025
ORD20958,2024-11-30,CUST1114,64.0,Female,Jaipur,Shoes,Fashion,4,4791.83,0.1,19167.32,1916.73,17250.59,Marketplace,Net Banking,Completed,2024
ORD21188,2025-05-17,CUST1037,23.0,Male,Kolkata,Keyboard,Accessories,3,2275.26,0.0,6825.78,0.0,-6825.78,Website,Net Banking,Returned,2025
ORD20009,2023-01-06,CUST1013,34.0,Male,Ahmedabad,Desk,Furniture,1,18277.83,0.05,18277.83,913.89,17363.94,Website,Credit Card,Completed,2023
ORD20948,2024-11-22,CUST1102,55.0,,Mumbai,Jacket,Fashion,1,3339.03,0.1,3339.03,333.9,3005.13,Website,Credit Card,Completed,2024
ORD21304,2025-08-09,CUST1089,53.0,Female,Mumbai,Smartphone,Electronics,3,42126.68,0.0,126380.04,0.0,126380.04,Mobile App,UPI,Completed,2025
ORD20814,2024-08-16,CUST1218,28.0,Male,Nagpur,Coffee Maker,Home & Kitchen,4,6133.96,0.0,24535.84,0.0,24535.84,Marketplace,Credit Card,Completed,2024
ORD20305,2023-08-11,CUST1062,64.0,Female,Mumbai,Smartphone,Electronics,1,41669.96,0.15,41669.96,6250.49,35419.47,Mobile App,Cash on Delivery,Completed,2023
ORD21144,2025-04-14,CUST1063,61.0,Male,Mumbai,Headphones,Electronics,5,3271.4,0.0,16357.0,0.0,16357.0,Marketplace,Debit Card,Completed,2025
ORD20772,2024-07-17,CUST1136,49.0,Female,Chennai,Smartphone,Electronics,4,43018.14,0.15,172072.56,25810.88,146261.68,Website,Net Banking,Completed,2024
ORD20075,2023-02-24,CUST1031,62.0,Female,Pune,Air Fryer,Home & Kitchen,4,8075.65,0.15,32302.6,4845.39,27457.21,Marketplace,Cash on Delivery,Completed,2023
ORD20872,2024-09-28,CUST1131,20.0,Male,Nagpur,Desk,Furniture,5,16538.62,0.1,82693.1,8269.31,74423.79,Website,Net Banking,Completed,2024
ORD20523,2024-01-17,CUST1273,51.0,Other,Bengaluru,Smartwatch,Electronics,4,12010.11,0.0,48040.44,0.0,48040.44,Mobile App,Cash on Delivery,Completed,2024
ORD20336,2023-09-02,CUST1157,43.0,Female,Nagpur,Smartwatch,Electronics,3,11762.57,0.0,35287.71,0.0,35287.71,Mobile App,Cash on Delivery,Completed,2023
ORD20570,2024-02-20,CUST1222,20.0,Female,Jaipur,Mouse,Accessories,3,1124.37,0.15,3373.11,505.97,2867.14,Website,UPI,Completed,2024
ORD20591,2024-03-06,CUST1079,39.0,Female,Kolkata,Smartwatch,Electronics,2,11884.68,0.0,23769.36,0.0,23769.36,Mobile App,Cash on Delivery,Completed,2024
ORD20089,2023-03-06,CUST1114,64.0,Female,Jaipur,Air Fryer,Home & Kitchen,5,9040.89,0.15,45204.45,6780.67,38423.78,Marketplace,Net Banking,Completed,2023
ORD20748,2024-06-29,CUST1202,51.0,Female,Hyderabad,Desk,Furniture,3,18184.34,0.0,54553.02,0.0,54553.02,Website,Net Banking,Completed,2024
ORD20218,2023-06-08,CUST1013,34.0,Male,Ahmedabad,Smartphone,Electronics,3,39582.81,0.05,118748.43,5937.42,112811.01,Marketplace,Cash on Delivery,Completed,2023
ORD21039,2025-01-28,CUST1071,51.0,Male,Hyderabad,Tablet,Electronics,3,27045.0,0.1,81135.0,8113.5,73021.5,Website,Debit Card,Completed,2025
ORD20174,2023-05-07,CUST1104,38.0,Female,Jaipur,Laptop,Electronics,5,64393.04,0.1,321965.2,32196.52,289768.68,Website,UPI,Completed,2023
ORD21397,2025-10-16,CUST1078,38.0,Male,Delhi,Air Fryer,Home & Kitchen,3,8944.45,0.15,26833.35,4025.0,22808.35,Marketplace,Net Banking,Completed,2025
ORD20222,2023-06-11,CUST1218,28.0,Male,Nagpur,Office Chair,Furniture,3,11321.12,0.0,33963.36,0.0,33963.36,Website,Debit Card,Completed,2023
ORD20320,2023-08-22,CUST1193,40.0,Female,Jaipur,Air Fryer,Home & Kitchen,1,8976.68,0.0,8976.68,0.0,8976.68,Website,Cash on Delivery,Completed,2023
ORD21322,2025-08-22,CUST1199,33.0,Female,Jaipur,Tablet,Electronics,3,25307.31,0.05,75921.93,3796.1,72125.83,Marketplace,Net Banking,Completed,2025
ORD21359,2025-09-19,CUST1158,64.0,Other,Kolkata,Office Chair,Furniture,3,11075.68,0.15,33227.04,4984.06,28242.98,Mobile App,UPI,Completed,2025
ORD21293,2025-08-01,CUST1296,34.0,Female,Jaipur,Jacket,Fashion,2,3383.32,0.1,6766.64,676.66,6089.98,Marketplace,Net Banking,Completed,2025
ORD20267,2023-07-14,CUST1071,51.0,Male,Hyderabad,Smartphone,Electronics,2,40626.33,0.05,81252.66,4062.63,77190.03,Mobile App,Credit Card,Completed,2023
ORD20007,2023-01-05,CUST1159,42.0,Male,Delhi,Backpack,Accessories,5,2160.47,0.15,10802.35,1620.35,9182.0,Mobile App,Credit Card,Completed,2023
ORD20800,2024-08-06,CUST1103,27.0,Male,Delhi,Shoes,Fashion,5,4156.53,0.05,20782.65,1039.13,19743.52,Mobile App,Net Banking,Completed,2024
ORD20139,2023-04-11,CUST1104,38.0,Female,Jaipur,Backpack,Accessories,1,2298.9,0.05,2298.9,114.94,2183.96,Mobile App,UPI,Completed,2023
ORD20164,2023-04-30,CUST1012,37.0,Female,Mumbai,Backpack,Accessories,3,2397.62,0.0,7192.86,0.0,7192.86,Mobile App,UPI,Completed,2023
ORD21250,2025-07-01,CUST1029,57.0,Female,Jaipur,Headphones,Electronics,5,3154.34,0.15,15771.7,2365.76,13405.94,Website,Debit Card,Completed,2025
ORD20595,2024-03-09,CUST1165,62.0,Male,Hyderabad,Mouse,Accessories,2,1257.85,0.05,2515.7,125.78,2389.92,Mobile App,Debit Card,Completed,2024
ORD21433,2025-11-12,CUST1080,36.0,Male,Ahmedabad,Desk,Furniture,1,17421.62,0.2,17421.62,3484.32,13937.3,Mobile App,Net Banking,Completed,2025
ORD21341,2025-09-05,CUST1145,22.0,Male,Delhi,Laptop,Electronics,1,66575.91,0.0,66575.91,0.0,66575.91,Mobile App,Cash on Delivery,Completed,2025
ORD21370,2025-09-27,CUST1285,23.0,Male,Hyderabad,Tablet,Electronics,4,28654.87,0.1,114619.48,11461.95,103157.53,Marketplace,Net Banking,Completed,2025
ORD21443,2025-11-19,CUST1146,27.0,Male,Delhi,Laptop,Electronics,2,66098.09,0.15,132196.18,19829.43,112366.75,Website,Debit Card,Completed,2025
ORD20524,2024-01-18,CUST1211,57.0,Male,Jaipur,Shoes,Fashion,5,4309.41,0.0,21547.05,0.0,21547.05,Marketplace,Debit Card,Completed,2024
ORD20869,2024-09-26,CUST1142,50.0,Female,Delhi,Smartphone,Electronics,4,39259.7,0.0,157038.8,0.0,157038.8,Marketplace,Debit Card,Completed,2024
ORD20829,2024-08-27,CUST1022,36.0,Female,Bengaluru,Smartwatch,Electronics,1,10834.51,0.05,10834.51,541.73,10292.78,Website,Cash on Delivery,Completed,2024
ORD20579,2024-02-27,CUST1005,57.0,Female,Mumbai,Shoes,Fashion,1,4922.65,0.0,4922.65,0.0,4922.65,Marketplace,Net Banking,Completed,2024
ORD20780,2024-07-23,CUST1246,32.0,Female,Ahmedabad,Air Fryer,Home & Kitchen,2,9164.17,0.15,18328.34,2749.25,15579.09,Website,,Completed,2024
ORD20020,2023-01-14,CUST1081,23.0,Female,Mumbai,Keyboard,Accessories,1,2607.92,0.15,2607.92,391.19,2216.73,Marketplace,Debit Card,Completed,2023
ORD20708,2024-05-31,CUST1183,21.0,Female,Ahmedabad,Tablet,Electronics,1,29068.85,0.1,29068.85,2906.88,26161.97,Marketplace,Credit Card,Completed,2024
ORD20634,2024-04-07,CUST1147,32.0,Female,Jaipur,Office Chair,Furniture,5,12372.1,0.0,61860.5,0.0,61860.5,Mobile App,Debit Card,Completed,2024
ORD21377,2025-10-02,CUST1203,51.0,Other,Delhi,Coffee Maker,Home & Kitchen,1,5924.32,0.05,5924.32,296.22,-5628.1,Website,Cash on Delivery,Returned,2025
ORD20619,2024-03-27,CUST1214,62.0,Female,Mumbai,Smartphone,Electronics,4,36642.86,0.0,146571.44,0.0,146571.44,Marketplace,Net Banking,Completed,2024
ORD20789,2024-07-29,CUST1268,21.0,Male,Pune,Headphones,Electronics,3,3207.87,0.1,9623.61,962.36,8661.25,Mobile App,Cash on Delivery,Completed,2024
ORD20656,2024-04-23,CUST1137,18.0,Male,Chennai,Mouse,Accessories,1,1239.13,0.1,1239.13,123.91,1115.22,Website,Cash on Delivery,Completed,2024
ORD20831,2024-08-29,CUST1235,24.0,Male,Kolkata,Backpack,Accessories,2,2252.34,0.0,4504.68,0.0,4504.68,Mobile App,UPI,Completed,2024
ORD20761,2024-07-09,CUST1110,59.0,Female,Delhi,Desk,Furniture,3,16407.7,0.05,49223.1,2461.16,46761.94,Mobile App,Credit Card,Completed,2024
ORD20138,2023-04-11,CUST1153,60.0,Male,Pune,Keyboard,Accessories,1,2491.36,0.0,2491.36,0.0,2491.36,Marketplace,Credit Card,Completed,2023
ORD20558,2024-02-11,CUST1109,63.0,Female,Nagpur,Office Chair,Furniture,2,11409.96,0.0,22819.92,0.0,22819.92,Website,Credit Card,Completed,2024
ORD20698,2024-05-24,CUST1140,56.0,Female,Chennai,Shoes,Fashion,2,4235.17,0.05,8470.34,423.52,8046.82,Mobile App,Credit Card,Completed,2024
ORD20713,2024-06-04,CUST1045,,Female,Delhi,T-Shirt,Fashion,4,1174.16,0.15,4696.64,704.5,3992.14,Mobile App,Debit Card,Completed,2024
ORD20736,2024-06-20,CUST1274,24.0,Female,Ahmedabad,Mouse,Accessories,4,1155.0,0.1,4620.0,462.0,4158.0,Website,Debit Card,Completed,2024
ORD21454,2025-11-27,CUST1112,55.0,Other,Hyderabad,Smartphone,Electronics,2,38799.56,0.1,77599.12,7759.91,69839.21,Mobile App,Cash on Delivery,Completed,2025
ORD21045,2025-02-01,CUST1021,49.0,Male,Delhi,Coffee Maker,Home & Kitchen,1,6790.1,0.05,6790.1,339.51,6450.59,Mobile App,Credit Card,Completed,2025
ORD20369,2023-09-26,CUST1037,23.0,Male,Kolkata,Smartwatch,Electronics,3,11718.58,0.1,35155.74,3515.57,31640.17,Website,Net Banking,Completed,2023
ORD21428,2025-11-08,CUST1130,29.0,Male,Hyderabad,Tablet,Electronics,2,29833.32,0.0,59666.64,0.0,59666.64,Website,Cash on Delivery,Completed,2025
ORD21453,2025-11-26,CUST1300,39.0,Female,Hyderabad,Mouse,Accessories,4,1185.96,0.15,4743.84,711.58,4032.26,Mobile App,Cash on Delivery,Completed,2025
ORD20328,2023-08-27,CUST1099,18.0,Female,Jaipur,Shoes,Fashion,5,4170.08,0.0,20850.4,0.0,20850.4,Mobile App,UPI,Completed,2023
ORD20318,2023-08-20,CUST1060,33.0,Female,Ahmedabad,Coffee Maker,Home & Kitchen,1,6755.72,0.15,6755.72,1013.36,5742.36,Mobile App,Cash on Delivery,Completed,2023
ORD21154,2025-04-22,CUST1117,28.0,Female,Hyderabad,Smartphone,Electronics,1,37583.51,0.05,37583.51,1879.18,35704.33,Marketplace,Credit Card,Completed,2025
ORD21119,2025-03-27,CUST1153,60.0,Male,Pune,Air Fryer,Home & Kitchen,4,8615.18,0.05,34460.72,1723.04,0.0,Mobile App,Net Banking,Cancelled,2025
ORD20529,2024-01-21,CUST1210,20.0,Female,Pune,Jacket,Fashion,5,3164.37,0.15,15821.85,2373.28,13448.57,Website,Credit Card,Completed,2024
ORD20527,2024-01-20,CUST1022,36.0,Female,Bengaluru,Laptop,Electronics,1,64960.9,0.05,64960.9,3248.04,61712.86,Marketplace,Cash on Delivery,Completed,2024
ORD20088,2023-03-05,CUST1186,47.0,Male,Jaipur,Backpack,Accessories,1,2054.84,0.1,2054.84,205.48,1849.36,Marketplace,Credit Card,Completed,2023
ORD20480,2023-12-16,CUST1114,64.0,Female,Jaipur,Headphones,Electronics,5,3334.72,0.05,16673.6,833.68,15839.92,Website,Credit Card,Completed,2023
ORD20339,2023-09-04,CUST1263,28.0,Male,Mumbai,Jacket,Fashion,1,3228.56,0.2,3228.56,645.71,2582.85,Marketplace,UPI,Completed,2023
ORD20769,2024-07-15,CUST1280,46.0,Female,Nagpur,Tablet,Electronics,2,26100.94,0.0,52201.88,0.0,52201.88,Marketplace,Debit Card,Completed,2024
ORD20658,2024-04-24,CUST1041,29.0,Male,Pune,Tablet,Electronics,1,25578.88,0.05,25578.88,1278.94,24299.94,Mobile App,Net Banking,Completed,2024
ORD20149,2023-04-19,CUST1293,56.0,Female,Hyderabad,Tablet,Electronics,5,27942.58,0.0,139712.9,0.0,139712.9,Mobile App,Net Banking,Completed,2023
ORD21228,2025-06-15,CUST1290,64.0,Other,Jaipur,Jacket,Fashion,3,3458.1,0.05,10374.3,518.72,9855.58,Marketplace,Cash on Delivery,Completed,2025
ORD21402,2025-10-20,CUST1044,25.0,Male,Nagpur,T-Shirt,Fashion,1,1245.29,0.15,1245.29,186.79,-1058.5,Website,Credit Card,Returned,2025
ORD20029,2023-01-21,CUST1086,58.0,Male,Ahmedabad,Mouse,Accessories,1,1303.04,0.15,1303.04,195.46,1107.58,Marketplace,UPI,Completed,2023
ORD20247,2023-06-29,CUST1043,30.0,Male,Hyderabad,Air Fryer,Home & Kitchen,1,7986.81,0.2,7986.81,1597.36,6389.45,Mobile App,Credit Card,Completed,2023
ORD20366,2023-09-24,CUST1176,40.0,Male,Delhi,Laptop,Electronics,4,59958.76,0.15,239835.04,35975.26,203859.78,Marketplace,Cash on Delivery,Completed,2023
ORD21125,2025-04-01,CUST1184,34.0,Male,Mumbai,Air Fryer,Home & Kitchen,5,7966.83,0.15,39834.15,5975.12,33859.03,Mobile App,Credit Card,Completed,2025
ORD20833,2024-08-30,CUST1075,26.0,Female,Pune,Desk,Furniture,5,18073.67,0.0,90368.35,0.0,90368.35,Website,Credit Card,Completed,2024
ORD21141,2025-04-12,CUST1065,58.0,Other,Pune,Air Fryer,Home & Kitchen,5,8059.84,0.0,40299.2,0.0,40299.2,Mobile App,Credit Card,Completed,2025
ORD20199,2023-05-25,CUST1240,50.0,Female,Bengaluru,Shoes,Fashion,2,4408.44,0.0,8816.88,0.0,8816.88,Website,UPI,Completed,2023
ORD21366,2025-09-24,CUST1282,43.0,Male,Kolkata,Jacket,Fashion,1,3832.43,0.1,3832.43,383.24,-3449.19,Website,Debit Card,Returned,2025
ORD21129,2025-04-03,CUST1110,59.0,Female,Delhi,Smartwatch,Electronics,5,13070.35,0.05,65351.75,3267.59,62084.16,Website,Cash on Delivery,Completed,2025
ORD20405,2023-10-23,CUST1016,46.0,Female,Chennai,Tablet,Electronics,5,26254.99,0.05,131274.95,6563.75,124711.2,Website,Net Banking,Completed,2023
ORD20810,2024-08-13,CUST1188,39.0,Male,Jaipur,Tablet,Electronics,2,27941.84,0.15,55883.68,8382.55,47501.13,Website,Net Banking,Completed,2024
ORD20484,2023-12-19,CUST1232,19.0,Male,Mumbai,Smartphone,Electronics,4,36900.61,0.05,147602.44,7380.12,140222.32,Website,Net Banking,Completed,2023
ORD20159,2023-04-26,CUST1138,30.0,Female,Nagpur,Smartwatch,Electronics,1,12391.66,0.0,12391.66,0.0,-12391.66,Mobile App,UPI,Returned,2023
ORD20316,2023-08-19,CUST1184,34.0,Male,Mumbai,Keyboard,Accessories,1,2409.59,0.05,2409.59,120.48,-2289.11,Mobile App,Net Banking,Returned,2023
ORD20257,2023-07-07,CUST1066,64.0,Male,Mumbai,Laptop,Electronics,5,64945.89,0.0,324729.45,0.0,324729.45,Marketplace,Debit Card,Completed,2023
ORD20008,2023-01-06,CUST1137,18.0,Male,Chennai,Coffee Maker,Home & Kitchen,1,6653.99,0.0,6653.99,0.0,-6653.99,Mobile App,Credit Card,Returned,2023
ORD21204,2025-05-28,CUST1071,51.0,Male,Hyderabad,Smartphone,Electronics,5,40378.03,0.15,201890.15,30283.52,171606.63,Website,UPI,Completed,2025
ORD20385,2023-10-08,CUST1246,32.0,Female,Ahmedabad,Keyboard,Accessories,3,2547.09,0.15,7641.27,1146.19,6495.08,Mobile App,UPI,Completed,2023
ORD20178,2023-05-10,CUST1233,58.0,Female,Ahmedabad,Mouse,Accessories,3,1124.02,0.0,3372.06,0.0,3372.06,Website,Credit Card,Completed,2023
ORD20766,2024-07-12,CUST1243,31.0,Male,Hyderabad,T-Shirt,Fashion,5,1299.84,0.1,6499.2,649.92,5849.28,Mobile App,Net Banking,Completed,2024
ORD20315,2023-08-18,CUST1196,53.0,Female,Nagpur,Coffee Maker,Home & Kitchen,5,6294.0,0.0,31470.0,0.0,31470.0,Mobile App,Credit Card,Completed,2023
ORD20358,2023-09-18,CUST1034,,Male,Kolkata,Smartwatch,Electronics,5,11766.1,0.15,58830.5,8824.57,50005.93,Mobile App,Cash on Delivery,Completed,2023
ORD20299,2023-08-06,CUST1178,25.0,Male,Hyderabad,Jacket,Fashion,4,3732.11,0.1,14928.44,1492.84,13435.6,Marketplace,Credit Card,Completed,2023
ORD20456,2023-11-29,CUST1095,57.0,Male,Delhi,Mouse,Accessories,1,1277.19,0.15,1277.19,191.58,1085.61,Mobile App,Net Banking,Completed,2023
ORD20544,2024-02-01,CUST1272,58.0,Male,Delhi,Air Fryer,Home & Kitchen,2,7896.63,0.05,15793.26,789.66,15003.6,Marketplace,Cash on Delivery,Completed,2024
ORD20663,2024-04-28,CUST1280,46.0,Female,Nagpur,Headphones,Electronics,2,3153.64,0.15,6307.28,946.09,5361.19,Marketplace,Debit Card,Completed,2024
ORD20597,2024-03-11,CUST1270,23.0,Male,Hyderabad,T-Shirt,Fashion,4,1260.61,0.0,5042.44,0.0,5042.44,Mobile App,Net Banking,Completed,2024
ORD20861,2024-09-20,CUST1138,30.0,Female,Nagpur,Air Fryer,Home & Kitchen,4,9138.36,0.05,36553.44,1827.67,-34725.77,Website,Net Banking,Returned,2024
ORD20921,2024-11-03,CUST1119,20.0,Male,Jaipur,Headphones,Electronics,1,3223.84,0.1,3223.84,322.38,2901.46,Mobile App,UPI,Completed,2024
ORD20528,2024-01-20,CUST1270,23.0,Male,Hyderabad,Mouse,Accessories,1,1177.42,0.15,1177.42,176.61,1000.81,Mobile App,Credit Card,Completed,2024
ORD21270,2025-07-15,CUST1013,34.0,Male,Ahmedabad,Smartphone,Electronics,5,40193.71,0.15,200968.55,30145.28,-170823.27,Mobile App,UPI,Returned,2025
ORD20160,2023-04-27,CUST1264,45.0,Female,Jaipur,Air Fryer,Home & Kitchen,2,8917.89,0.05,17835.78,891.79,16943.99,Mobile App,Cash on Delivery,Completed,2023
ORD21199,2025-05-25,CUST1252,31.0,Female,Jaipur,Smartwatch,Electronics,2,11859.11,0.05,23718.22,1185.91,22532.31,Marketplace,Credit Card,Completed,2025
ORD20361,2023-09-20,CUST1098,45.0,Other,Ahmedabad,Coffee Maker,Home & Kitchen,4,6089.37,0.05,24357.48,1217.87,23139.61,Website,UPI,Completed,2023
ORD21337,2025-09-02,CUST1072,56.0,Male,Pune,Coffee Maker,Home & Kitchen,3,6767.33,0.05,20301.99,1015.1,19286.89,Marketplace,Cash on Delivery,Completed,2025
ORD20203,2023-05-28,CUST1219,18.0,Female,Ahmedabad,Keyboard,Accessories,1,2683.23,0.1,2683.23,268.32,2414.91,Marketplace,Credit Card,Completed,2023
ORD20931,2024-11-10,CUST1147,32.0,Female,Jaipur,Jacket,Fashion,5,3743.21,0.2,18716.05,3743.21,14972.84,Website,Credit Card,Completed,2024
ORD20790,2024-07-30,CUST1264,45.0,Female,Jaipur,Headphones,Electronics,1,3540.32,0.0,3540.32,0.0,3540.32,Website,Debit Card,Completed,2024
ORD20113,2023-03-23,CUST1115,29.0,Male,Delhi,Smartwatch,Electronics,4,11031.39,0.05,44125.56,2206.28,41919.28,Marketplace,Cash on Delivery,Completed,2023
ORD21367,2025-09-24,CUST1059,60.0,Female,Pune,Tablet,Electronics,1,25517.78,0.0,25517.78,0.0,25517.78,Mobile App,Credit Card,Completed,2025
ORD20308,2023-08-13,CUST1260,62.0,Male,Jaipur,Smartphone,Electronics,3,41556.54,0.1,124669.62,12466.96,112202.66,Mobile App,Net Banking,Completed,2023
ORD21196,2025-05-22,CUST1106,28.0,Female,Delhi,Coffee Maker,Home & Kitchen,5,6024.27,0.0,30121.35,0.0,30121.35,Marketplace,Debit Card,Completed,2025
ORD20423,2023-11-05,CUST1194,20.0,Female,Chennai,Shoes,Fashion,3,4055.62,0.1,12166.86,1216.69,10950.17,Mobile App,Cash on Delivery,Completed,2023
ORD20805,2024-08-10,CUST1057,45.0,Female,Ahmedabad,Jacket,Fashion,5,3400.17,0.05,17000.85,850.04,16150.81,Mobile App,UPI,Completed,2024
ORD21122,2025-03-29,CUST1300,39.0,Female,Hyderabad,Keyboard,Accessories,1,2383.82,0.2,2383.82,476.76,1907.06,Website,Debit Card,Completed,2025
ORD20964,2024-12-04,CUST1139,43.0,Female,Chennai,Jacket,Fashion,5,3591.11,0.0,17955.55,0.0,17955.55,Marketplace,Cash on Delivery,Completed,2024
ORD20460,2023-12-02,CUST1231,56.0,Male,Delhi,Backpack,Accessories,3,2298.37,0.15,6895.11,1034.27,-5860.84,Marketplace,Cash on Delivery,Returned,2023
ORD21000,2024-12-30,CUST1083,64.0,Female,Delhi,Mouse,Accessories,1,1126.57,0.1,1126.57,112.66,1013.91,Mobile App,Net Banking,Completed,2024
ORD21450,2025-11-24,CUST1097,26.0,Female,Delhi,Headphones,Electronics,3,3705.56,0.05,11116.68,555.83,10560.85,Mobile App,Net Banking,Completed,2025
ORD20763,2024-07-10,CUST1215,30.0,Female,Mumbai,Desk,Furniture,2,17351.84,0.05,34703.68,1735.18,32968.5,Mobile App,Debit Card,Completed,2024
ORD21124,2025-03-31,CUST1028,61.0,Male,Delhi,Keyboard,Accessories,4,2456.16,0.1,9824.64,982.46,8842.18,Marketplace,Net Banking,Completed,2025
ORD21184,2025-05-14,CUST1110,59.0,Female,Delhi,Smartphone,Electronics,4,37171.84,0.05,148687.36,7434.37,141252.99,Marketplace,UPI,Completed,2025
ORD20450,2023-11-24,CUST1244,65.0,Female,Ahmedabad,T-Shirt,Fashion,1,1302.83,0.05,1302.83,65.14,1237.69,Marketplace,Credit Card,Completed,2023
ORD21335,2025-09-01,CUST1089,53.0,Female,Mumbai,Tablet,Electronics,3,26084.29,0.05,78252.87,3912.64,74340.23,Mobile App,Credit Card,Completed,2025
ORD20680,2024-05-11,CUST1292,32.0,Female,Delhi,Desk,Furniture,1,18022.24,0.0,18022.24,0.0,18022.24,Marketplace,UPI,Completed,2024
ORD20693,2024-05-20,CUST1196,53.0,Female,Nagpur,Air Fryer,Home & Kitchen,3,7930.55,0.0,23791.65,0.0,23791.65,Marketplace,Debit Card,Completed,2024
ORD21166,2025-05-01,CUST1105,38.0,Female,Mumbai,Jacket,Fashion,3,3231.84,0.0,9695.52,0.0,9695.52,Website,UPI,Completed,2025
ORD20081,2023-02-28,CUST1203,51.0,Other,Delhi,Coffee Maker,Home & Kitchen,4,6649.21,0.15,26596.84,3989.53,22607.31,Website,Debit Card,Completed,2023
ORD21326,2025-08-25,CUST1014,41.0,Male,Bengaluru,Coffee Maker,Home & Kitchen,1,6158.68,0.1,6158.68,615.87,5542.81,Mobile App,Cash on Delivery,Completed,2025
ORD21425,2025-11-06,CUST1132,60.0,Male,Kolkata,Desk,Furniture,1,18970.81,0.1,18970.81,1897.08,17073.73,Mobile App,Debit Card,Completed,2025
ORD21023,2025-01-16,CUST1083,64.0,Female,Delhi,Tablet,Electronics,2,26894.19,0.15,53788.38,8068.26,45720.12,Mobile App,UPI,Completed,2025
ORD20216,2023-06-07,CUST1248,18.0,Male,Nagpur,Keyboard,Accessories,5,2495.97,0.0,12479.85,0.0,12479.85,Marketplace,UPI,Completed,2023
ORD20975,2024-12-12,CUST1224,65.0,Male,Ahmedabad,Desk,Furniture,2,18423.07,0.1,36846.14,3684.61,33161.53,Marketplace,Net Banking,Completed,2024
ORD20031,2023-01-22,CUST1262,32.0,Female,Pune,Mouse,Accessories,4,1160.06,0.0,4640.24,0.0,4640.24,Website,Cash on Delivery,Completed,2023
ORD20243,2023-06-26,CUST1208,35.0,Male,Mumbai,Smartphone,Electronics,1,40679.28,0.05,40679.28,2033.96,38645.32,Mobile App,Cash on Delivery,Completed,2023
ORD21317,2025-08-19,CUST1037,23.0,,Kolkata,Keyboard,Accessories,4,2347.35,0.05,9389.4,469.47,8919.93,Mobile App,Credit Card,Completed,2025
ORD20642,2024-04-13,CUST1231,56.0,Male,Delhi,Coffee Maker,Home & Kitchen,4,6400.95,0.05,25603.8,1280.19,24323.61,Mobile App,Net Banking,Completed,2024
ORD20697,2024-05-23,CUST1069,,Male,Bengaluru,Headphones,Electronics,5,3306.73,0.0,16533.65,0.0,16533.65,Mobile App,Net Banking,Completed,2024
ORD20210,2023-06-02,CUST1240,50.0,Female,Bengaluru,Headphones,Electronics,5,3344.79,0.05,16723.95,836.2,15887.75,Mobile App,Cash on Delivery,Completed,2023
ORD20849,2024-09-11,CUST1227,57.0,Female,Mumbai,Keyboard,Accessories,4,2680.78,0.1,10723.12,1072.31,9650.81,Mobile App,UPI,Completed,2024
ORD20771,2024-07-16,CUST1008,42.0,Male,Mumbai,Headphones,Electronics,5,3521.49,0.0,17607.45,0.0,17607.45,Website,Cash on Delivery,Completed,2024
ORD20753,2024-07-03,CUST1012,37.0,Female,Mumbai,Smartwatch,Electronics,5,11331.19,0.1,56655.95,5665.6,50990.35,Website,Cash on Delivery,Completed,2024
ORD21321,2025-08-22,CUST1233,58.0,Female,Ahmedabad,Tablet,Electronics,5,27626.43,0.15,138132.15,20719.82,117412.33,Website,Credit Card,Completed,2025
ORD20436,2023-11-14,CUST1097,26.0,Female,Delhi,Coffee Maker,Home & Kitchen,1,5959.45,0.05,5959.45,297.97,5661.48,Marketplace,Credit Card,Completed,2023
ORD21329,2025-08-28,CUST1121,41.0,Male,Nagpur,Coffee Maker,Home & Kitchen,1,7032.19,0.1,7032.19,703.22,6328.97,Mobile App,Debit Card,Completed,2025
ORD21421,2025-11-03,CUST1051,56.0,Female,Nagpur,Smartphone,Electronics,2,36206.65,0.1,72413.3,7241.33,65171.97,Mobile App,Credit Card,Completed,2025
ORD21107,2025-03-18,CUST1096,53.0,Female,Pune,Laptop,Electronics,1,61256.14,0.05,61256.14,3062.81,58193.33,Mobile App,Credit Card,Completed,2025
ORD21384,2025-10-07,CUST1097,26.0,Female,Delhi,Coffee Maker,Home & Kitchen,4,6411.05,0.15,25644.2,3846.63,21797.57,Website,Cash on Delivery,Completed,2025
ORD20689,2024-05-17,CUST1051,56.0,Female,Nagpur,T-Shirt,Fashion,1,1242.1,0.0,1242.1,0.0,-1242.1,Website,Net Banking,Returned,2024
ORD20552,2024-02-07,CUST1193,40.0,Female,Jaipur,Backpack,Accessories,2,2386.47,0.0,4772.94,0.0,4772.94,Mobile App,Debit Card,Completed,2024
ORD20545,2024-02-02,CUST1169,45.0,Female,Ahmedabad,Smartwatch,Electronics,5,11867.33,0.05,59336.65,2966.83,56369.82,Website,Debit Card,Completed,2024
ORD21057,2025-02-10,CUST1047,31.0,Male,Ahmedabad,Backpack,Accessories,3,2408.82,0.15,7226.46,1083.97,6142.49,Mobile App,Net Banking,Completed,2025
ORD21064,2025-02-15,CUST1285,23.0,Male,Hyderabad,Shoes,Fashion,4,4795.41,0.15,19181.64,2877.25,16304.39,Website,Net Banking,Completed,2025
ORD20881,2024-10-04,CUST1139,43.0,Female,Chennai,Shoes,Fashion,1,4517.4,0.0,4517.4,0.0,0.0,Mobile App,UPI,Cancelled,2024
ORD21096,2025-03-10,CUST1285,,Male,Hyderabad,Jacket,Fashion,5,3591.34,0.15,17956.7,2693.5,15263.2,Website,Net Banking,Completed,2025
ORD20404,2023-10-22,CUST1140,56.0,Female,Chennai,Smartwatch,Electronics,3,13156.56,0.2,39469.68,7893.94,31575.74,Marketplace,UPI,Completed,2023
ORD21498,2025-12-29,CUST1009,18.0,Female,Nagpur,Keyboard,Accessories,2,2523.34,0.1,5046.68,504.67,4542.01,Marketplace,UPI,Completed,2025
ORD20363,2023-09-22,CUST1062,64.0,Female,Mumbai,Air Fryer,Home & Kitchen,2,7693.45,0.05,15386.9,769.34,14617.56,Mobile App,Cash on Delivery,Completed,2023
ORD20272,2023-07-17,CUST1289,25.0,Female,Hyderabad,Air Fryer,Home & Kitchen,1,9227.6,0.0,9227.6,0.0,9227.6,Website,Debit Card,Completed,2023
ORD20467,2023-12-07,CUST1101,50.0,Male,Pune,Mouse,Accessories,1,1204.33,0.05,1204.33,60.22,1144.11,Website,Net Banking,Completed,2023
ORD21354,2025-09-15,CUST1187,18.0,Female,Hyderabad,T-Shirt,Fashion,2,1233.9,0.0,2467.8,0.0,2467.8,Mobile App,Net Banking,Completed,2025
ORD21114,2025-03-24,CUST1277,34.0,Male,Bengaluru,Keyboard,Accessories,5,2320.91,0.2,11604.55,2320.91,9283.64,Website,Cash on Delivery,Completed,2025
ORD20957,2024-11-29,CUST1269,30.0,Female,Mumbai,Keyboard,Accessories,4,2383.61,0.1,9534.44,953.44,8581.0,Mobile App,Net Banking,Completed,2024
ORD20278,2023-07-22,CUST1076,33.0,Male,Chennai,Air Fryer,Home & Kitchen,3,7962.23,0.0,23886.69,0.0,23886.69,Mobile App,Net Banking,Completed,2023
ORD21352,2025-09-13,CUST1085,34.0,Other,Chennai,T-Shirt,Fashion,2,1313.1,0.05,2626.2,131.31,2494.89,Marketplace,Net Banking,Completed,2025
ORD21439,2025-11-16,CUST1289,25.0,Female,Hyderabad,Smartwatch,Electronics,5,10914.86,0.2,54574.3,10914.86,43659.44,Mobile App,Credit Card,Completed,2025
ORD21016,2025-01-11,CUST1189,28.0,Female,Chennai,Air Fryer,Home & Kitchen,4,8106.49,0.0,32425.96,0.0,32425.96,Marketplace,Debit Card,Completed,2025
ORD20442,2023-11-19,CUST1053,49.0,Female,Mumbai,Mouse,Accessories,1,1315.85,0.05,1315.85,65.79,1250.06,Website,Cash on Delivery,Completed,2023
ORD21009,2025-01-06,CUST1235,24.0,Male,Kolkata,Backpack,Accessories,1,2119.29,0.0,2119.29,0.0,2119.29,Marketplace,Credit Card,Completed,2025
ORD20787,2024-07-28,CUST1162,49.0,Female,Chennai,Desk,Furniture,5,19062.84,0.05,95314.2,4765.71,90548.49,Mobile App,Cash on Delivery,Completed,2024
ORD21165,2025-04-30,CUST1084,30.0,Female,Ahmedabad,Mouse,Accessories,1,1212.06,0.1,1212.06,121.21,1090.85,Website,UPI,Completed,2025
ORD20443,2023-11-19,CUST1259,47.0,Male,Jaipur,Shoes,Fashion,3,4525.0,0.0,13575.0,0.0,13575.0,Website,Debit Card,Completed,2023
ORD20300,2023-08-07,CUST1024,30.0,Male,Nagpur,Tablet,Electronics,3,27626.54,0.0,82879.62,0.0,82879.62,Website,Cash on Delivery,Completed,2023
ORD21251,2025-07-02,CUST1239,64.0,Female,Ahmedabad,Headphones,Electronics,2,3598.57,0.05,7197.14,359.86,6837.28,Website,UPI,Completed,2025
ORD20376,2023-10-01,CUST1086,58.0,Male,Ahmedabad,Office Chair,Furniture,5,12216.58,0.2,61082.9,12216.58,48866.32,Marketplace,UPI,Completed,2023
ORD21400,2025-10-18,CUST1019,37.0,Female,Nagpur,Mouse,Accessories,1,1295.13,0.15,1295.13,194.27,1100.86,Website,Cash on Delivery,Completed,2025
ORD21133,2025-04-06,CUST1237,60.0,Female,Chennai,Smartphone,Electronics,4,36464.84,0.0,145859.36,0.0,145859.36,Mobile App,Net Banking,Completed,2025
ORD21451,2025-11-25,CUST1057,45.0,Female,Ahmedabad,Laptop,Electronics,2,63819.49,0.1,127638.98,12763.9,114875.08,Mobile App,,Completed,2025
ORD21455,2025-11-28,CUST1161,35.0,Female,Chennai,Backpack,Accessories,2,2063.66,0.1,4127.32,412.73,3714.59,Marketplace,Credit Card,Completed,2025
ORD21098,2025-03-12,CUST1082,60.0,Male,Hyderabad,Air Fryer,Home & Kitchen,1,8978.43,0.1,8978.43,897.84,8080.59,Marketplace,Net Banking,Completed,2025
ORD20473,2023-12-11,CUST1147,32.0,Female,Jaipur,Mouse,Accessories,5,1297.03,0.05,6485.15,324.26,6160.89,Website,Cash on Delivery,Completed,2023
ORD20985,2024-12-19,CUST1004,26.0,Male,Jaipur,T-Shirt,Fashion,2,1141.73,0.15,2283.46,342.52,1940.94,Marketplace,Cash on Delivery,Completed,2024
ORD20564,2024-02-16,CUST1033,59.0,Male,Mumbai,Desk,Furniture,5,19070.45,0.0,95352.25,0.0,95352.25,Website,Credit Card,Completed,2024
ORD21376,2025-10-01,CUST1090,53.0,Male,Hyderabad,Backpack,Accessories,3,2022.67,0.0,6068.01,0.0,6068.01,Mobile App,Debit Card,Completed,2025
ORD20751,2024-07-01,CUST1241,38.0,Male,Jaipur,Office Chair,Furniture,1,10836.31,0.0,10836.31,0.0,-10836.31,Mobile App,Net Banking,Returned,2024
ORD20389,2023-10-11,CUST1133,44.0,Male,Ahmedabad,Smartphone,Electronics,3,39914.44,0.05,119743.32,5987.17,113756.15,Mobile App,Credit Card,Completed,2023
ORD20023,2023-01-17,CUST1127,46.0,Female,Chennai,Tablet,Electronics,2,30221.75,0.1,60443.5,6044.35,54399.15,Mobile App,Net Banking,Completed,2023
ORD20863,2024-09-21,CUST1261,43.0,Male,Jaipur,Backpack,Accessories,1,2395.77,0.1,2395.77,239.58,2156.19,Website,Cash on Delivery,Completed,2024
ORD20125,2023-04-01,CUST1139,43.0,Female,Chennai,Headphones,Electronics,2,3220.58,0.05,6441.16,322.06,-6119.1,Mobile App,Cash on Delivery,Returned,2023
ORD20424,2023-11-05,CUST1241,38.0,Male,Jaipur,Keyboard,Accessories,3,2727.16,0.0,8181.48,0.0,8181.48,Mobile App,UPI,Completed,2023
ORD20774,2024-07-18,CUST1107,40.0,Other,Nagpur,Headphones,Electronics,3,3436.0,0.05,10308.0,515.4,9792.6,Marketplace,Credit Card,Completed,2024
ORD21362,2025-09-21,CUST1096,53.0,Female,Pune,Coffee Maker,Home & Kitchen,5,6948.27,0.0,34741.35,0.0,34741.35,Website,Credit Card,Completed,2025
ORD20471,2023-12-10,CUST1210,20.0,Female,Pune,Desk,Furniture,2,17723.22,0.2,35446.44,7089.29,28357.15,Marketplace,Debit Card,Completed,2023
ORD20722,2024-06-10,CUST1160,36.0,Female,Pune,Air Fryer,Home & Kitchen,2,8677.33,0.0,17354.66,0.0,17354.66,Mobile App,Debit Card,Completed,2024
ORD21042,2025-01-30,CUST1061,62.0,Other,Nagpur,Desk,Furniture,4,17304.86,0.0,69219.44,0.0,69219.44,Mobile App,UPI,Completed,2025
ORD20805,2024-08-10,CUST1057,45.0,Female,Ahmedabad,Jacket,Fashion,5,3400.17,0.05,17000.85,850.04,16150.81,Mobile App,UPI,Completed,2024
ORD20143,2023-04-14,CUST1233,58.0,Female,Ahmedabad,Keyboard,Accessories,3,2580.82,0.0,7742.46,0.0,7742.46,Website,Cash on Delivery,Completed,2023
ORD20051,2023-02-06,CUST1119,20.0,Male,Jaipur,Air Fryer,Home & Kitchen,3,8359.19,0.0,25077.57,0.0,25077.57,Mobile App,Credit Card,Completed,2023
ORD21466,2025-12-06,CUST1290,64.0,Other,Jaipur,Smartwatch,Electronics,5,11562.97,0.2,57814.85,11562.97,46251.88,Mobile App,UPI,Completed,2025
ORD21289,2025-07-29,CUST1282,43.0,Male,Kolkata,Smartwatch,Electronics,2,11317.79,0.05,22635.58,1131.78,21503.8,Website,Cash on Delivery,Completed,2025
ORD20624,2024-03-31,CUST1032,60.0,Male,Hyderabad,Smartphone,Electronics,3,41004.13,0.2,123012.39,24602.48,98409.91,Mobile App,Net Banking,Completed,2024
ORD21500,2025-12-31,CUST1140,56.0,Female,Chennai,Air Fryer,Home & Kitchen,4,8288.78,0.05,33155.12,1657.76,31497.36,Website,UPI,Completed,2025
ORD20082,2023-03-01,CUST1105,38.0,Female,Mumbai,Smartphone,Electronics,3,40017.8,0.15,120053.4,18008.01,102045.39,Mobile App,Cash on Delivery,Completed,2023
ORD20704,2024-05-28,CUST1087,57.0,Male,Delhi,Laptop,Electronics,1,60830.64,0.0,60830.64,0.0,60830.64,Mobile App,Credit Card,Completed,2024
ORD20483,2023-12-19,CUST1112,55.0,Other,Hyderabad,Air Fryer,Home & Kitchen,5,7714.77,0.05,38573.85,1928.69,36645.16,Mobile App,UPI,Completed,2023
ORD20322,2023-08-23,CUST1031,62.0,Female,Pune,Backpack,Accessories,1,1981.03,0.15,1981.03,297.15,1683.88,Marketplace,Debit Card,Completed,2023
ORD21266,2025-07-13,CUST1273,51.0,Other,Bengaluru,Shoes,Fashion,4,4934.51,0.05,19738.04,986.9,18751.14,Mobile App,Cash on Delivery,Completed,2025
ORD20506,2024-01-04,CUST1163,57.0,Female,Jaipur,Desk,Furniture,4,16980.66,0.15,67922.64,10188.4,0.0,Website,Debit Card,Cancelled,2024
ORD21442,2025-11-18,CUST1225,22.0,Female,Hyderabad,Headphones,Electronics,2,3497.88,0.15,6995.76,1049.36,5946.4,Mobile App,Net Banking,Completed,2025
ORD20842,2024-09-06,CUST1047,31.0,Male,Ahmedabad,T-Shirt,Fashion,2,1166.85,0.1,2333.7,233.37,2100.33,Mobile App,Debit Card,Completed,2024
ORD20067,2023-02-18,CUST1212,28.0,Male,Mumbai,Coffee Maker,Home & Kitchen,2,6194.8,0.05,12389.6,619.48,11770.12,Website,Net Banking,Completed,2023
ORD21297,2025-08-04,CUST1281,61.0,Male,Kolkata,Desk,Furniture,2,17153.31,0.05,34306.62,1715.33,32591.29,Website,Net Banking,Completed,2025
ORD20937,2024-11-14,CUST1094,25.0,Male,Bengaluru,Coffee Maker,Home & Kitchen,4,6237.32,0.05,24949.28,1247.46,23701.82,Mobile App,Credit Card,Completed,2024
ORD21343,2025-09-07,CUST1169,45.0,Female,Ahmedabad,Backpack,Accessories,5,2336.75,0.0,11683.75,0.0,11683.75,Website,Net Banking,Completed,2025
ORD20802,2024-08-08,CUST1166,50.0,Male,Pune,Backpack,Accessories,1,2201.16,0.2,2201.16,440.23,1760.93,Website,Cash on Delivery,Completed,2024
ORD20870,2024-09-26,CUST1198,23.0,Female,Bengaluru,Keyboard,Accessories,5,2269.57,0.2,11347.85,2269.57,9078.28,Marketplace,UPI,Completed,2024
ORD20032,2023-01-23,CUST1062,64.0,Female,Mumbai,Mouse,Accessories,1,1091.61,0.05,1091.61,54.58,1037.03,Marketplace,Cash on Delivery,Completed,2023
ORD20796,2024-08-03,CUST1167,50.0,Male,Mumbai,Coffee Maker,Home & Kitchen,2,5853.3,0.0,11706.6,0.0,11706.6,Website,UPI,Completed,2024
ORD20418,2023-11-01,CUST1111,54.0,Male,Bengaluru,Laptop,Electronics,2,64748.32,0.15,129496.64,19424.5,110072.14,Mobile App,UPI,Completed,2023
ORD20633,2024-04-06,CUST1112,55.0,Other,Hyderabad,Keyboard,Accessories,1,2464.13,0.15,2464.13,369.62,2094.51,Marketplace,Cash on Delivery,Completed,2024
ORD21178,2025-05-09,CUST1118,58.0,Female,Mumbai,Smartphone,Electronics,4,36756.21,0.15,147024.84,22053.73,124971.11,Mobile App,UPI,Completed,2025
ORD21087,2025-03-04,CUST1035,58.0,Female,Hyderabad,Tablet,Electronics,3,30049.31,0.05,90147.93,4507.4,85640.53,Marketplace,Credit Card,Completed,2025
ORD20065,2023-02-16,CUST1094,25.0,Male,Bengaluru,Mouse,Accessories,1,1203.28,0.0,1203.28,0.0,1203.28,Mobile App,Cash on Delivery,Completed,2023
ORD20140,2023-04-12,CUST1066,64.0,Male,Mumbai,Jacket,Fashion,2,3803.3,0.1,7606.6,760.66,6845.94,Website,UPI,Completed,2023
ORD20072,2023-02-21,CUST1082,60.0,Male,Hyderabad,Tablet,Electronics,2,28902.45,0.0,57804.9,0.0,57804.9,Website,UPI,Completed,2023
ORD21239,2025-06-23,CUST1227,57.0,Female,Mumbai,T-Shirt,Fashion,3,1155.33,0.05,3465.99,173.3,3292.69,Marketplace,UPI,Completed,2025
ORD20078,2023-02-26,CUST1030,56.0,Female,Chennai,Jacket,Fashion,2,3518.22,0.1,7036.44,703.64,6332.8,Marketplace,Net Banking,Completed,2023
ORD20492,2023-12-25,CUST1138,30.0,Female,Nagpur,Smartphone,Electronics,5,37052.48,0.15,185262.4,27789.36,157473.04,Website,UPI,Completed,2023
ORD21316,2025-08-18,CUST1159,42.0,Male,Delhi,Desk,Furniture,1,19301.34,0.2,19301.34,3860.27,15441.07,Mobile App,Cash on Delivery,Completed,2025
ORD21150,2025-04-19,CUST1280,46.0,Female,Nagpur,Smartphone,Electronics,4,36323.78,0.05,145295.12,7264.76,138030.36,Website,Credit Card,Completed,2025
ORD20533,2024-01-24,CUST1157,43.0,Female,Nagpur,Office Chair,Furniture,4,12899.65,0.15,51598.6,7739.79,43858.81,Website,Net Banking,Completed,2024
ORD20066,2023-02-17,CUST1288,64.0,Female,Pune,Desk,Furniture,5,17726.52,0.0,88632.6,0.0,-88632.6,Website,Credit Card,Returned,2023
ORD21278,2025-07-21,CUST1258,44.0,Female,Ahmedabad,Keyboard,Accessories,3,2660.55,0.15,7981.65,1197.25,6784.4,Mobile App,Credit Card,Completed,2025
ORD20928,2024-11-08,CUST1047,31.0,Male,Ahmedabad,Smartphone,Electronics,2,37557.65,0.15,75115.3,11267.3,63848.0,Mobile App,Credit Card,Completed,2024
ORD21273,2025-07-18,CUST1054,43.0,Female,Pune,Office Chair,Furniture,2,13055.83,0.05,26111.66,1305.58,24806.08,Website,Credit Card,Completed,2025
ORD20297,2023-08-05,CUST1236,26.0,Male,Ahmedabad,Desk,Furniture,3,16719.53,0.15,50158.59,7523.79,42634.8,Mobile App,Cash on Delivery,Completed,2023
ORD20592,2024-03-07,CUST1025,27.0,Female,Hyderabad,T-Shirt,Fashion,2,1188.93,0.05,2377.86,118.89,2258.97,Website,Cash on Delivery,Completed,2024
ORD20420,2023-11-03,CUST1194,20.0,Female,Chennai,Shoes,Fashion,5,4763.38,0.0,23816.9,0.0,23816.9,Website,Cash on Delivery,Completed,2023
ORD20768,2024-07-14,CUST1151,33.0,Male,Mumbai,Coffee Maker,Home & Kitchen,4,6877.24,0.05,27508.96,1375.45,26133.51,Marketplace,UPI,Completed,2024
ORD20893,2024-10-13,CUST1134,22.0,Male,Bengaluru,Headphones,Electronics,2,3151.34,0.05,6302.68,315.13,5987.55,Marketplace,Net Banking,Completed,2024
ORD20439,2023-11-16,CUST1241,38.0,Male,Jaipur,Smartphone,Electronics,5,37207.11,0.15,186035.55,27905.33,158130.22,Mobile App,Cash on Delivery,Completed,2023
ORD20262,2023-07-10,CUST1111,54.0,Male,Bengaluru,Tablet,Electronics,4,25305.86,0.05,101223.44,5061.17,96162.27,Website,Debit Card,Completed,2023
ORD20994,2024-12-26,CUST1246,32.0,Female,Ahmedabad,Coffee Maker,Home & Kitchen,4,6018.67,0.05,24074.68,1203.73,22870.95,Mobile App,Credit Card,Completed,2024
ORD20725,2024-06-12,CUST1178,25.0,Male,Hyderabad,Keyboard,Accessories,3,2694.57,0.05,8083.71,404.19,7679.52,Website,UPI,Completed,2024
ORD21405,2025-10-22,CUST1127,46.0,Female,Chennai,Desk,Furniture,4,18607.44,0.0,74429.76,0.0,74429.76,Marketplace,Cash on Delivery,Completed,2025
ORD20282,2023-07-25,CUST1034,40.0,Male,Kolkata,Shoes,Fashion,4,4536.68,0.2,18146.72,3629.34,14517.38,Marketplace,Net Banking,Completed,2023
ORD20627,2024-04-02,CUST1266,41.0,Male,Hyderabad,Office Chair,Furniture,1,12077.62,0.05,12077.62,603.88,11473.74,Marketplace,Cash on Delivery,Completed,2024
ORD21034,2025-01-24,CUST1054,43.0,Female,Pune,Mouse,Accessories,2,1128.14,0.15,2256.28,338.44,1917.84,Marketplace,Credit Card,Completed,2025
ORD21494,2025-12-26,CUST1284,40.0,Male,Hyderabad,Mouse,Accessories,1,1080.01,0.0,1080.01,0.0,-1080.01,Marketplace,UPI,Returned,2025
ORD21496,2025-12-28,CUST1275,25.0,Male,Chennai,Keyboard,Accessories,1,2438.16,0.0,2438.16,0.0,2438.16,Website,Net Banking,Completed,2025
ORD20189,2023-05-18,CUST1011,41.0,Female,Jaipur,Smartphone,Electronics,3,40597.86,0.05,121793.58,6089.68,-115703.9,Mobile App,Net Banking,Returned,2023
ORD21219,2025-06-08,CUST1239,64.0,Female,Ahmedabad,Laptop,Electronics,4,65331.75,0.0,261327.0,0.0,261327.0,Website,Cash on Delivery,Completed,2025
ORD20252,2023-07-03,CUST1067,49.0,Female,Delhi,Air Fryer,Home & Kitchen,1,8822.06,0.0,8822.06,0.0,8822.06,Mobile App,Debit Card,Completed,2023
ORD20584,2024-03-01,CUST1155,45.0,Other,Kolkata,Laptop,Electronics,2,59757.72,0.15,119515.44,17927.32,101588.12,Marketplace,Net Banking,Completed,2024
ORD21049,2025-02-04,CUST1214,62.0,Female,Mumbai,Jacket,Fashion,4,3326.27,0.0,13305.08,0.0,13305.08,Mobile App,Net Banking,Completed,2025
ORD20979,2024-12-15,CUST1029,57.0,Female,Jaipur,Jacket,Fashion,3,3764.74,0.15,11294.22,1694.13,9600.09,Mobile App,Credit Card,Completed,2024
ORD20986,2024-12-20,CUST1115,29.0,Male,Delhi,Coffee Maker,Home & Kitchen,4,7046.54,0.1,28186.16,2818.62,25367.54,Mobile App,Cash on Delivery,Completed,2024
ORD20515,2024-01-11,CUST1148,31.0,Female,Ahmedabad,Shoes,Fashion,5,4464.17,0.15,22320.85,3348.13,18972.72,Marketplace,Debit Card,Completed,2024
ORD20944,2024-11-19,CUST1278,26.0,Female,Jaipur,Desk,Furniture,2,19621.66,0.15,39243.32,5886.5,33356.82,Mobile App,Cash on Delivery,Completed,2024
ORD21406,2025-10-23,CUST1207,49.0,Male,Kolkata,Keyboard,Accessories,1,2344.42,0.0,2344.42,0.0,2344.42,Mobile App,Net Banking,Completed,2025
ORD21435,2025-11-13,CUST1298,24.0,Male,Ahmedabad,Mouse,Accessories,5,1154.88,0.05,5774.4,288.72,5485.68,Website,Net Banking,Completed,2025
ORD20707,2024-05-30,CUST1126,52.0,Female,Kolkata,Mouse,Accessories,2,1269.69,0.1,2539.38,253.94,2285.44,Mobile App,Net Banking,Completed,2024
ORD20488,2023-12-22,CUST1289,25.0,Female,Hyderabad,Jacket,Fashion,1,3615.14,0.1,3615.14,361.51,3253.63,Marketplace,Debit Card,Completed,2023
ORD20664,2024-04-29,CUST1153,60.0,Male,Pune,Smartphone,Electronics,4,37675.39,0.05,150701.56,7535.08,143166.48,Mobile App,UPI,Completed,2024
ORD21407,2025-10-24,CUST1251,53.0,Male,Chennai,Keyboard,Accessories,4,2739.75,0.1,10959.0,1095.9,9863.1,Marketplace,UPI,Completed,2025
ORD21157,2025-04-24,CUST1129,41.0,Male,Jaipur,Air Fryer,Home & Kitchen,5,7675.91,0.15,38379.55,5756.93,32622.62,Mobile App,UPI,Completed,2025
ORD20274,2023-07-19,CUST1209,23.0,Female,Hyderabad,Air Fryer,Home & Kitchen,1,8121.89,0.05,8121.89,406.09,7715.8,Website,Cash on Delivery,Completed,2023
ORD20686,2024-05-15,CUST1054,43.0,Female,Pune,Coffee Maker,Home & Kitchen,3,7011.84,0.05,21035.52,1051.78,19983.74,Website,UPI,Completed,2024
ORD21193,2025-05-20,CUST1277,,Male,Bengaluru,Coffee Maker,Home & Kitchen,2,6740.29,0.05,13480.58,674.03,12806.55,Mobile App,Credit Card,Completed,2025
ORD21262,2025-07-10,CUST1247,25.0,Female,Mumbai,Coffee Maker,Home & Kitchen,5,6073.93,0.0,30369.65,0.0,30369.65,Website,Net Banking,Completed,2025
ORD20878,2024-10-02,CUST1150,46.0,Male,Nagpur,Mouse,Accessories,3,1220.96,0.0,3662.88,0.0,3662.88,Mobile App,Debit Card,Completed,2024
ORD21063,2025-02-14,CUST1065,58.0,Other,Pune,Desk,Furniture,3,19773.5,0.05,59320.5,2966.02,56354.48,Mobile App,Net Banking,Completed,2025
ORD21368,2025-09-25,CUST1121,41.0,Male,Nagpur,Shoes,Fashion,5,4443.38,0.1,22216.9,2221.69,19995.21,Marketplace,Net Banking,Completed,2025
ORD20449,2023-11-24,CUST1040,39.0,Female,Nagpur,T-Shirt,Fashion,5,1317.05,0.0,6585.25,0.0,6585.25,Marketplace,UPI,Completed,2023
ORD20412,2023-10-28,CUST1153,60.0,Male,Pune,Smartwatch,Electronics,2,12709.0,0.05,25418.0,1270.9,24147.1,Website,,Completed,2023
ORD20459,2023-12-01,CUST1153,60.0,Male,Pune,Desk,Furniture,1,18032.13,0.0,18032.13,0.0,18032.13,Marketplace,Debit Card,Completed,2023
ORD20377,2023-10-02,CUST1078,38.0,Male,Delhi,Laptop,Electronics,3,71427.68,0.1,214283.04,21428.3,192854.74,Website,Net Banking,Completed,2023
ORD21325,2025-08-25,CUST1181,41.0,Male,Jaipur,Jacket,Fashion,2,3659.63,0.1,7319.26,731.93,6587.33,Website,Net Banking,Completed,2025
ORD20668,2024-05-02,CUST1251,53.0,Male,Chennai,Air Fryer,Home & Kitchen,3,7732.8,0.05,23198.4,1159.92,22038.48,Marketplace,Cash on Delivery,Completed,2024
ORD21257,2025-07-06,CUST1127,46.0,Female,Chennai,Air Fryer,Home & Kitchen,1,8693.4,0.1,8693.4,869.34,0.0,Marketplace,UPI,Cancelled,2025
ORD20150,2023-04-19,CUST1262,32.0,Female,Pune,T-Shirt,Fashion,2,1247.72,0.15,2495.44,374.32,2121.12,Marketplace,UPI,Completed,2023
ORD20949,2024-11-23,CUST1296,34.0,Female,Jaipur,Office Chair,Furniture,2,12270.6,0.1,24541.2,2454.12,22087.08,Marketplace,Credit Card,Completed,2024
ORD21213,2025-06-04,CUST1216,64.0,Other,Delhi,Jacket,Fashion,3,3266.16,0.0,9798.48,0.0,9798.48,Marketplace,Credit Card,Completed,2025
ORD20734,2024-06-19,CUST1283,61.0,Female,Nagpur,Jacket,Fashion,5,3528.69,0.05,17643.45,882.17,16761.28,Marketplace,Credit Card,Completed,2024
ORD20219,2023-06-09,CUST1171,20.0,Female,Hyderabad,Shoes,Fashion,1,4901.64,0.1,4901.64,490.16,4411.48,Website,UPI,Completed,2023
ORD20240,2023-06-24,CUST1241,38.0,Male,Jaipur,Tablet,Electronics,1,29468.44,0.0,29468.44,0.0,29468.44,Marketplace,Credit Card,Completed,2023
ORD21258,2025-07-07,CUST1297,63.0,Other,Chennai,T-Shirt,Fashion,2,1307.36,0.1,2614.72,261.47,2353.25,Mobile App,Net Banking,Completed,2025
ORD20868,2024-09-25,CUST1226,48.0,Female,Hyderabad,Tablet,Electronics,1,30489.13,0.05,30489.13,1524.46,28964.67,Mobile App,Credit Card,Completed,2024
ORD20726,2024-06-13,CUST1002,21.0,Other,Ahmedabad,Tablet,Electronics,5,27676.11,0.05,138380.55,6919.03,131461.52,Mobile App,Credit Card,Completed,2024
ORD20193,2023-05-21,CUST1261,43.0,Male,Jaipur,Desk,Furniture,2,19706.17,0.15,39412.34,5911.85,33500.49,Marketplace,Credit Card,Completed,2023
ORD20793,2024-08-01,CUST1105,38.0,Female,Mumbai,Shoes,Fashion,1,4501.99,0.1,4501.99,450.2,4051.79,Mobile App,UPI,Completed,2024
ORD20192,2023-05-20,CUST1037,23.0,Male,Kolkata,Smartwatch,Electronics,4,10919.67,0.1,43678.68,4367.87,39310.81,Marketplace,Credit Card,Completed,2023
ORD20954,2024-11-27,CUST1294,65.0,Female,Jaipur,T-Shirt,Fashion,1,1187.57,0.1,1187.57,118.76,1068.81,Marketplace,Net Banking,Completed,2024
ORD21334,2025-08-31,CUST1168,21.0,Female,Hyderabad,Shoes,Fashion,4,4477.77,0.05,17911.08,895.55,17015.53,Website,Credit Card,Completed,2025
ORD20984,2024-12-19,CUST1016,46.0,Female,Chennai,Smartphone,Electronics,3,39393.38,0.1,118180.14,11818.01,106362.13,Mobile App,Credit Card,Completed,2024
ORD20645,2024-04-15,CUST1219,,Female,Ahmedabad,Tablet,Electronics,3,29128.3,0.1,87384.9,8738.49,78646.41,Mobile App,Credit Card,Completed,2024
ORD20360,2023-09-20,CUST1089,53.0,Female,Mumbai,Headphones,Electronics,2,3797.94,0.1,7595.88,759.59,6836.29,Marketplace,UPI,Completed,2023
ORD20993,2024-12-25,CUST1065,58.0,Other,Pune,Desk,Furniture,2,18979.95,0.0,37959.9,0.0,37959.9,Website,UPI,Completed,2024
ORD21471,2025-12-09,CUST1084,30.0,Female,Ahmedabad,Office Chair,Furniture,2,11130.98,0.0,22261.96,0.0,-22261.96,Website,Net Banking,Returned,2025
ORD20017,2023-01-12,CUST1135,41.0,Female,Hyderabad,Backpack,Accessories,5,2308.15,0.1,11540.75,1154.08,10386.67,Marketplace,Debit Card,Completed,2023
ORD20334,2023-09-01,CUST1272,58.0,Male,Delhi,Mouse,Accessories,4,1150.22,0.05,4600.88,230.04,4370.84,Mobile App,Net Banking,Completed,2023
ORD21222,2025-06-10,CUST1276,37.0,Male,Nagpur,Backpack,Accessories,1,2178.35,0.0,2178.35,0.0,2178.35,Mobile App,Debit Card,Completed,2025
ORD20583,2024-03-01,CUST1017,54.0,Male,Bengaluru,Mouse,Accessories,2,1109.85,0.0,2219.7,0.0,2219.7,Mobile App,UPI,Completed,2024
ORD21447,2025-11-22,CUST1001,65.0,Male,Kolkata,Smartphone,Electronics,3,43810.51,0.0,131431.53,0.0,-131431.53,Website,Net Banking,Returned,2025
ORD21084,2025-03-02,CUST1080,36.0,Male,Ahmedabad,Mouse,Accessories,3,1133.2,0.0,3399.6,0.0,3399.6,Marketplace,Net Banking,Completed,2025
ORD20840,2024-09-04,CUST1004,26.0,Male,Jaipur,Jacket,Fashion,1,3828.27,0.1,3828.27,382.83,3445.44,Mobile App,UPI,Completed,2024
ORD20628,2024-04-03,CUST1248,18.0,Male,Nagpur,Tablet,Electronics,2,26505.89,0.1,53011.78,5301.18,47710.6,Mobile App,UPI,Completed,2024
ORD21410,2025-10-26,CUST1257,24.0,Female,Nagpur,Smartwatch,Electronics,4,10829.08,0.15,43316.32,6497.45,-36818.87,Mobile App,Credit Card,Returned,2025
ORD20324,2023-08-24,CUST1117,28.0,Female,Hyderabad,Air Fryer,Home & Kitchen,3,9344.97,0.1,28034.91,2803.49,25231.42,Mobile App,Credit Card,Completed,2023
ORD20825,2024-08-24,CUST1217,33.0,Female,Bengaluru,Desk,Furniture,4,18586.49,0.15,74345.96,11151.89,63194.07,Mobile App,Credit Card,Completed,2024
ORD21242,2025-06-25,CUST1040,39.0,Female,Nagpur,Backpack,Accessories,3,2135.41,0.05,6406.23,320.31,6085.92,Website,Net Banking,Completed,2025
ORD20632,2024-04-05,CUST1139,43.0,Female,Chennai,Backpack,Accessories,1,2078.81,0.2,2078.81,415.76,0.0,Marketplace,Credit Card,Cancelled,2024
ORD21050,2025-02-05,CUST1062,64.0,Female,Mumbai,Shoes,Fashion,4,4665.33,0.15,18661.32,2799.2,15862.12,Marketplace,Net Banking,Completed,2025
ORD20472,2023-12-11,CUST1119,20.0,Male,Jaipur,Desk,Furniture,1,19615.96,0.05,19615.96,980.8,18635.16,Mobile App,Cash on Delivery,Completed,2023
ORD20779,2024-07-22,CUST1078,38.0,Male,Delhi,Desk,Furniture,3,16826.2,0.05,50478.6,2523.93,47954.67,Mobile App,Net Banking,Completed,2024
ORD21051,2025-02-06,CUST1233,58.0,Female,Ahmedabad,Tablet,Electronics,3,29163.67,0.0,87491.01,0.0,87491.01,Mobile App,Debit Card,Completed,2025
ORD20940,2024-11-16,CUST1194,20.0,Female,Chennai,Mouse,Accessories,1,1216.35,0.0,1216.35,0.0,1216.35,Mobile App,Credit Card,Completed,2024
ORD20856,2024-09-16,CUST1166,50.0,Male,Pune,Smartwatch,Electronics,4,12914.6,0.15,51658.4,7748.76,43909.64,Marketplace,Cash on Delivery,Completed,2024
ORD20438,2023-11-16,CUST1191,18.0,Male,Ahmedabad,Keyboard,Accessories,2,2721.92,0.05,5443.84,272.19,-5171.65,Website,Net Banking,Returned,2023
ORD20120,2023-03-28,CUST1007,24.0,Female,Chennai,Smartphone,Electronics,1,36801.41,0.0,36801.41,0.0,0.0,Mobile App,Debit Card,Cancelled,2023
ORD21071,2025-02-20,CUST1149,36.0,Male,Ahmedabad,Keyboard,Accessories,4,2495.56,0.1,9982.24,998.22,8984.02,Marketplace,UPI,Completed,2025
ORD21179,2025-05-10,CUST1155,45.0,Other,Kolkata,T-Shirt,Fashion,3,1163.37,0.0,3490.11,0.0,3490.11,Mobile App,Credit Card,Completed,2025
ORD20791,2024-07-31,CUST1102,55.0,Male,Mumbai,Headphones,Electronics,2,3635.91,0.1,7271.82,727.18,6544.64,Mobile App,Credit Card,Completed,2024
ORD20342,2023-09-07,CUST1098,45.0,Other,Ahmedabad,Desk,Furniture,2,19464.76,0.1,38929.52,3892.95,35036.57,Mobile App,Cash on Delivery,Completed,2023
ORD20816,2024-08-18,CUST1118,58.0,Female,Mumbai,Office Chair,Furniture,5,12452.31,0.0,62261.55,0.0,62261.55,Marketplace,Net Banking,Completed,2024
ORD20003,2023-01-02,CUST1275,25.0,Male,Chennai,Laptop,Electronics,5,63175.58,0.15,315877.9,47381.69,268496.21,Mobile App,,Completed,2023
ORD20230,2023-06-17,CUST1177,19.0,Male,Mumbai,Desk,Furniture,1,17497.39,0.1,17497.39,1749.74,15747.65,Website,Net Banking,Completed,2023
ORD21490,2025-12-23,CUST1261,43.0,Male,Jaipur,Shoes,Fashion,5,4116.59,0.05,20582.95,1029.15,19553.8,Marketplace,Cash on Delivery,Completed,2025
ORD21461,2025-12-02,CUST1079,39.0,Female,Kolkata,Headphones,Electronics,2,3205.62,0.05,6411.24,320.56,6090.68,Website,Cash on Delivery,Completed,2025
ORD20077,2023-02-25,CUST1229,29.0,Male,Kolkata,Shoes,Fashion,4,4159.97,0.1,16639.88,1663.99,-14975.89,Marketplace,Cash on Delivery,Returned,2023
ORD21404,2025-10-21,CUST1273,51.0,Other,Bengaluru,Backpack,Accessories,3,2419.9,0.15,7259.7,1088.96,6170.74,Mobile App,UPI,Completed,2025
ORD20901,2024-10-19,CUST1153,60.0,Male,Pune,Headphones,Electronics,4,3845.73,0.1,15382.92,1538.29,13844.63,Website,UPI,Completed,2024
ORD21224,2025-06-12,CUST1270,23.0,Male,Hyderabad,Smartwatch,Electronics,4,12048.24,0.15,48192.96,7228.94,40964.02,Mobile App,Net Banking,Completed,2025
ORD20372,2023-09-29,CUST1184,34.0,Male,Mumbai,Smartphone,Electronics,1,42568.5,0.1,42568.5,4256.85,38311.65,Marketplace,Cash on Delivery,Completed,2023
ORD20181,2023-05-12,CUST1150,46.0,Male,Nagpur,Coffee Maker,Home & Kitchen,1,6576.95,0.05,6576.95,328.85,0.0,Mobile App,UPI,Cancelled,2023
ORD21089,2025-03-05,CUST1266,41.0,Male,Hyderabad,Jacket,Fashion,1,3163.55,0.1,3163.55,316.36,2847.19,Mobile App,Net Banking,Completed,2025
ORD21491,2025-12-24,CUST1175,31.0,Male,Chennai,Backpack,Accessories,4,2118.35,0.1,8473.4,847.34,7626.06,Website,Net Banking,Completed,2025
ORD20942,2024-11-18,CUST1015,18.0,Female,Ahmedabad,Keyboard,Accessories,1,2403.88,0.0,2403.88,0.0,2403.88,Website,UPI,Completed,2024
ORD20578,2024-02-26,CUST1264,45.0,Female,Jaipur,Backpack,Accessories,4,2120.38,0.0,8481.52,0.0,8481.52,Marketplace,Net Banking,Completed,2024
ORD20979,2024-12-15,CUST1029,57.0,Female,Jaipur,Jacket,Fashion,3,3764.74,0.15,11294.22,1694.13,9600.09,Mobile App,Credit Card,Completed,2024
ORD20820,2024-08-21,CUST1185,20.0,Female,Delhi,Keyboard,Accessories,1,2615.77,0.0,2615.77,0.0,2615.77,Mobile App,UPI,Completed,2024
ORD21445,2025-11-20,CUST1115,29.0,Male,Delhi,Mouse,Accessories,3,1308.33,0.1,3924.99,392.5,3532.49,Mobile App,UPI,Completed,2025
ORD21126,2025-04-01,CUST1253,56.0,,Kolkata,Smartphone,Electronics,5,42819.67,0.0,214098.35,0.0,214098.35,Marketplace,Credit Card,Completed,2025
ORD21305,2025-08-10,CUST1162,49.0,Female,Chennai,Office Chair,Furniture,1,11723.81,0.15,11723.81,1758.57,9965.24,Website,Cash on Delivery,Completed,2025
ORD21296,2025-08-03,CUST1046,46.0,Female,Bengaluru,Headphones,Electronics,2,3790.84,0.1,7581.68,758.17,6823.51,Mobile App,UPI,Completed,2025
ORD20063,2023-02-15,CUST1063,61.0,Male,Mumbai,Mouse,Accessories,2,1118.02,0.15,2236.04,335.41,1900.63,Marketplace,Debit Card,Completed,2023
ORD20590,2024-03-06,CUST1057,45.0,Female,Ahmedabad,Smartwatch,Electronics,2,12500.8,0.15,25001.6,3750.24,21251.36,Marketplace,Cash on Delivery,Completed,2024
ORD20887,2024-10-09,CUST1005,57.0,Female,Mumbai,Mouse,Accessories,5,1114.23,0.05,5571.15,278.56,5292.59,Marketplace,Net Banking,Completed,2024
ORD20969,2024-12-08,CUST1284,40.0,Male,Hyderabad,Keyboard,Accessories,1,2694.29,0.1,2694.29,269.43,2424.86,Marketplace,Credit Card,Completed,2024
ORD21135,2025-04-08,CUST1174,64.0,Female,Jaipur,Keyboard,Accessories,2,2378.76,0.1,4757.52,475.75,4281.77,Mobile App,Net Banking,Completed,2025
ORD20786,2024-07-27,CUST1232,19.0,Male,Mumbai,Coffee Maker,Home & Kitchen,2,5998.89,0.0,11997.78,0.0,11997.78,Marketplace,Credit Card,Completed,2024
ORD21161,2025-04-27,CUST1250,19.0,Female,Nagpur,Backpack,Accessories,2,2045.06,0.0,4090.12,0.0,4090.12,Mobile App,UPI,Completed,2025
ORD20312,2023-08-16,CUST1271,44.0,Male,Bengaluru,Tablet,Electronics,2,25769.58,0.1,51539.16,5153.92,46385.24,Mobile App,Debit Card,Completed,2023
ORD21216,2025-06-06,CUST1260,62.0,Male,Jaipur,Keyboard,Accessories,3,2438.01,0.1,7314.03,731.4,6582.63,Website,Credit Card,Completed,2025
ORD20302,2023-08-08,CUST1214,62.0,Female,Mumbai,Laptop,Electronics,2,62943.79,0.15,125887.58,18883.14,107004.44,Mobile App,Cash on Delivery,Completed,2023
ORD20723,2024-06-11,CUST1181,41.0,Male,Jaipur,Mouse,Accessories,3,1218.49,0.0,3655.47,0.0,3655.47,Marketplace,Cash on Delivery,Completed,2024
ORD20690,2024-05-18,CUST1285,23.0,Male,Hyderabad,T-Shirt,Fashion,4,1094.93,0.15,4379.72,656.96,3722.76,Website,Debit Card,Completed,2024
ORD20813,2024-08-16,CUST1125,35.0,Male,Mumbai,Keyboard,Accessories,2,2507.44,0.1,5014.88,501.49,4513.39,Mobile App,Net Banking,Completed,2024
ORD20038,2023-01-28,CUST1272,,Male,Delhi,Air Fryer,Home & Kitchen,1,8869.95,0.05,8869.95,443.5,-8426.45,Marketplace,UPI,Returned,2023
ORD20354,2023-09-15,CUST1116,34.0,Male,Delhi,Laptop,Electronics,3,59685.51,0.0,179056.53,0.0,179056.53,Mobile App,Net Banking,Completed,2023
ORD21396,2025-10-16,CUST1277,34.0,Male,Bengaluru,Smartwatch,Electronics,2,11961.73,0.15,23923.46,3588.52,20334.94,Marketplace,Net Banking,Completed,2025
ORD20715,2024-06-05,CUST1230,42.0,Male,Mumbai,Air Fryer,Home & Kitchen,2,8494.53,0.05,16989.06,849.45,-16139.61,Website,Credit Card,Returned,2024
ORD20981,2024-12-16,CUST1168,21.0,Female,Hyderabad,Tablet,Electronics,1,29302.98,0.1,29302.98,2930.3,0.0,Marketplace,Net Banking,Cancelled,2024
ORD20237,2023-06-22,CUST1132,60.0,Male,Kolkata,Jacket,Fashion,4,3259.64,0.1,13038.56,1303.86,11734.7,Marketplace,Net Banking,Completed,2023
ORD21267,2025-07-13,CUST1085,34.0,Other,Chennai,Smartwatch,Electronics,2,12357.73,0.05,24715.46,1235.77,23479.69,Marketplace,UPI,Completed,2025
ORD20963,2024-12-03,CUST1234,49.0,Female,Nagpur,Shoes,Fashion,4,4930.66,0.15,19722.64,2958.4,16764.24,Marketplace,Credit Card,Completed,2024
ORD21158,2025-04-25,CUST1163,57.0,Female,Jaipur,Shoes,Fashion,1,4138.84,0.1,4138.84,413.88,3724.96,Mobile App,Net Banking,Completed,2025
ORD20730,2024-06-16,CUST1109,63.0,Female,Nagpur,Desk,Furniture,5,19004.37,0.1,95021.85,9502.19,85519.66,Marketplace,Cash on Delivery,Completed,2024
ORD21252,2025-07-02,CUST1139,43.0,Female,Chennai,Desk,Furniture,1,16421.9,0.1,16421.9,1642.19,14779.71,Mobile App,Debit Card,Completed,2025
ORD21026,2025-01-18,CUST1243,31.0,Male,Hyderabad,Air Fryer,Home & Kitchen,2,7792.67,0.2,15585.34,3117.07,12468.27,Mobile App,Net Banking,Completed,2025
ORD20500,2023-12-31,CUST1244,65.0,Female,Ahmedabad,Mouse,Accessories,3,1206.33,0.05,3618.99,180.95,3438.04,Mobile App,Credit Card,Completed,2023
ORD21254,2025-07-04,CUST1192,41.0,Male,Bengaluru,Air Fryer,Home & Kitchen,4,8781.0,0.0,35124.0,0.0,35124.0,Marketplace,Debit Card,Completed,2025
ORD20795,2024-08-03,CUST1207,49.0,Male,Kolkata,T-Shirt,Fashion,3,1250.06,0.0,3750.18,0.0,3750.18,Website,Net Banking,Completed,2024
ORD21446,2025-11-21,CUST1268,21.0,Male,Pune,Headphones,Electronics,1,3297.86,0.0,3297.86,0.0,3297.86,Mobile App,Net Banking,Completed,2025
ORD20991,2024-12-24,CUST1033,59.0,Male,Mumbai,Backpack,Accessories,1,2163.31,0.05,2163.31,108.17,2055.14,Website,UPI,Completed,2024
ORD21038,2025-01-27,CUST1273,51.0,Other,Bengaluru,Headphones,Electronics,5,3323.94,0.0,16619.7,0.0,16619.7,Marketplace,Credit Card,Completed,2025
ORD20935,2024-11-13,CUST1144,56.0,Male,Mumbai,T-Shirt,Fashion,3,1137.44,0.15,3412.32,511.85,2900.47,Marketplace,Debit Card,Completed,2024
ORD20388,2023-10-10,CUST1018,45.0,Male,Hyderabad,Mouse,Accessories,2,1251.5,0.05,2503.0,125.15,-2377.85,Marketplace,Net Banking,Returned,2023
ORD20391,2023-10-12,CUST1290,64.0,Other,Jaipur,Coffee Maker,Home & Kitchen,3,6958.34,0.05,20875.02,1043.75,19831.27,Website,Cash on Delivery,Completed,2023
ORD20744,2024-06-26,CUST1242,20.0,Female,Mumbai,Coffee Maker,Home & Kitchen,4,6839.48,0.1,27357.92,2735.79,24622.13,Mobile App,UPI,Completed,2024
ORD20353,2023-09-15,CUST1077,52.0,Female,Ahmedabad,Backpack,Accessories,2,2408.34,0.15,4816.68,722.5,4094.18,Mobile App,Net Banking,Completed,2023
ORD20236,2023-06-21,CUST1002,21.0,Other,Ahmedabad,Headphones,Electronics,1,3439.82,0.1,3439.82,343.98,3095.84,Mobile App,UPI,Completed,2023
ORD21288,2025-07-29,CUST1025,27.0,Female,Hyderabad,Desk,Furniture,2,17283.37,0.05,34566.74,1728.34,0.0,Website,UPI,Cancelled,2025
ORD20481,2023-12-17,CUST1215,30.0,Female,Mumbai,Mouse,Accessories,4,1090.27,0.1,4361.08,436.11,3924.97,Website,Cash on Delivery,Completed,2023
ORD20568,2024-02-19,CUST1177,19.0,Male,Mumbai,Backpack,Accessories,1,2349.25,0.05,2349.25,117.46,2231.79,Mobile App,Cash on Delivery,Completed,2024
ORD21272,2025-07-17,CUST1195,25.0,Male,Nagpur,Mouse,Accessories,1,1134.97,0.05,1134.97,56.75,1078.22,Website,Debit Card,Completed,2025
ORD21408,2025-10-24,CUST1119,20.0,Male,Jaipur,Air Fryer,Home & Kitchen,5,8110.83,0.1,40554.15,4055.42,36498.73,Mobile App,Debit Card,Completed,2025
ORD21261,2025-07-09,CUST1157,43.0,Female,Nagpur,Jacket,Fashion,1,3199.89,0.05,3199.89,159.99,3039.9,Mobile App,Cash on Delivery,Completed,2025
ORD20121,2023-03-29,CUST1047,31.0,Male,Ahmedabad,Coffee Maker,Home & Kitchen,1,5995.1,0.05,5995.1,299.76,5695.34,Mobile App,UPI,Completed,2023
ORD21302,2025-08-08,CUST1026,33.0,Male,Mumbai,Jacket,Fashion,3,3190.11,0.1,9570.33,957.03,8613.3,Mobile App,Debit Card,Completed,2025
ORD21025,2025-01-18,CUST1006,25.0,Male,Ahmedabad,T-Shirt,Fashion,2,1177.14,0.15,2354.28,353.14,2001.14,Marketplace,Debit Card,Completed,2025
ORD20927,2024-11-07,CUST1263,28.0,Male,Mumbai,Air Fryer,Home & Kitchen,3,8645.61,0.05,25936.83,1296.84,24639.99,Website,UPI,Completed,2024
ORD20516,2024-01-12,CUST1280,46.0,Female,Nagpur,Tablet,Electronics,4,28340.75,0.1,113363.0,11336.3,0.0,Mobile App,UPI,Cancelled,2024
ORD20224,2023-06-12,CUST1140,56.0,Female,Chennai,Tablet,Electronics,2,30622.71,0.0,61245.42,0.0,61245.42,Website,Debit Card,Completed,2023
ORD21115,2025-03-24,CUST1117,28.0,Female,Hyderabad,Shoes,Fashion,2,4774.09,0.2,9548.18,1909.64,7638.54,Website,Credit Card,Completed,2025
ORD20614,2024-03-23,CUST1188,39.0,Male,Jaipur,T-Shirt,Fashion,3,1237.33,0.0,3711.99,0.0,3711.99,Website,Net Banking,Completed,2024
ORD20844,2024-09-07,CUST1062,64.0,Female,Mumbai,Laptop,Electronics,3,69278.97,0.0,207836.91,0.0,207836.91,Marketplace,Debit Card,Completed,2024
ORD20053,2023-02-07,CUST1025,27.0,Female,Hyderabad,Desk,Furniture,4,18356.54,0.0,73426.16,0.0,73426.16,Mobile App,UPI,Completed,2023
ORD21392,2025-10-13,CUST1111,54.0,Male,Bengaluru,Laptop,Electronics,3,69880.5,0.05,209641.5,10482.08,199159.42,Website,Net Banking,Completed,2025
ORD20486,2023-12-21,CUST1145,22.0,,Delhi,Desk,Furniture,5,16905.42,0.15,84527.1,12679.06,71848.04,Mobile App,Cash on Delivery,Completed,2023
ORD21444,2025-11-20,CUST1257,24.0,Female,Nagpur,Headphones,Electronics,3,3481.8,0.05,10445.4,522.27,9923.13,Mobile App,Net Banking,Completed,2025
ORD20819,2024-08-20,CUST1141,43.0,Male,Kolkata,Desk,Furniture,3,16917.24,0.15,50751.72,7612.76,43138.96,Website,Net Banking,Completed,2024
ORD20156,2023-04-24,CUST1041,29.0,Male,Pune,Desk,Furniture,4,19397.26,0.0,77589.04,0.0,77589.04,Website,Credit Card,Completed,2023
ORD20601,2024-03-14,CUST1109,63.0,Female,Nagpur,Tablet,Electronics,2,28695.54,0.15,57391.08,8608.66,48782.42,Marketplace,UPI,Completed,2024
ORD21211,2025-06-02,CUST1171,20.0,Female,Hyderabad,Smartphone,Electronics,3,43283.59,0.15,129850.77,19477.62,110373.15,Marketplace,Credit Card,Completed,2025
ORD20249,2023-07-01,CUST1244,65.0,Female,Ahmedabad,Air Fryer,Home & Kitchen,5,8947.49,0.1,44737.45,4473.74,40263.71,Mobile App,Cash on Delivery,Completed,2023
ORD20762,2024-07-09,CUST1249,63.0,Male,Nagpur,Smartwatch,Electronics,1,12329.71,0.0,12329.71,0.0,12329.71,Marketplace,Debit Card,Completed,2024
ORD21380,2025-10-04,CUST1041,29.0,Male,Pune,Desk,Furniture,5,17935.5,0.0,89677.5,0.0,89677.5,Mobile App,UPI,Completed,2025
ORD20543,2024-01-31,CUST1167,50.0,Male,Mumbai,Shoes,Fashion,1,4224.02,0.1,4224.02,422.4,3801.62,Marketplace,Net Banking,Completed,2024
ORD20794,2024-08-02,CUST1019,37.0,Female,Nagpur,T-Shirt,Fashion,3,1103.68,0.05,3311.04,165.55,3145.49,Website,UPI,Completed,2024
ORD21099,2025-03-13,CUST1157,43.0,Female,Nagpur,Tablet,Electronics,2,28916.93,0.15,57833.86,8675.08,49158.78,Website,Credit Card,Completed,2025
ORD20629,2024-04-03,CUST1089,53.0,Female,Mumbai,Keyboard,Accessories,4,2673.39,0.1,10693.56,1069.36,9624.2,Marketplace,,Completed,2024
ORD20151,2023-04-20,CUST1249,63.0,Male,Nagpur,Laptop,Electronics,3,65567.04,0.1,196701.12,19670.11,177031.01,Website,UPI,Completed,2023
ORD20292,2023-08-01,CUST1251,53.0,Male,Chennai,Keyboard,Accessories,2,2627.54,0.15,5255.08,788.26,4466.82,Marketplace,Cash on Delivery,Completed,2023
ORD20382,2023-10-06,CUST1077,52.0,Female,Ahmedabad,Smartwatch,Electronics,4,11837.72,0.1,47350.88,4735.09,42615.79,Marketplace,Credit Card,Completed,2023
ORD20687,2024-05-16,CUST1188,39.0,Male,Jaipur,Jacket,Fashion,1,3677.6,0.05,3677.6,183.88,3493.72,Website,Net Banking,Completed,2024
ORD20898,2024-10-17,CUST1041,29.0,Male,Pune,Desk,Furniture,3,16642.7,0.0,49928.1,0.0,49928.1,Mobile App,Debit Card,Completed,2024
ORD20855,2024-09-15,CUST1272,58.0,Male,Delhi,Backpack,Accessories,5,2344.39,0.1,11721.95,1172.2,10549.75,Marketplace,Net Banking,Completed,2024
ORD21159,2025-04-25,CUST1051,56.0,Female,Nagpur,Laptop,Electronics,4,62535.29,0.0,250141.16,0.0,250141.16,Website,Cash on Delivery,Completed,2025
ORD21152,2025-04-20,CUST1159,42.0,Male,Delhi,Jacket,Fashion,4,3627.33,0.0,14509.32,0.0,14509.32,Mobile App,Net Banking,Completed,2025
ORD21277,2025-07-21,CUST1034,40.0,Male,Kolkata,Smartphone,Electronics,2,36438.1,0.05,72876.2,3643.81,-69232.39,Website,Credit Card,Returned,2025
ORD20892,2024-10-12,CUST1237,60.0,Female,Chennai,Mouse,Accessories,5,1234.58,0.05,6172.9,308.64,5864.26,Marketplace,Cash on Delivery,Completed,2024
ORD21133,2025-04-06,CUST1237,60.0,Female,Chennai,Smartphone,Electronics,4,36464.84,0.0,145859.36,0.0,145859.36,Mobile App,Net Banking,Completed,2025
ORD20616,2024-03-25,CUST1248,18.0,Male,Nagpur,Coffee Maker,Home & Kitchen,5,6076.06,0.1,30380.3,3038.03,27342.27,Website,UPI,Completed,2024
ORD20155,2023-04-23,CUST1246,32.0,Female,Ahmedabad,Laptop,Electronics,5,58849.51,0.0,294247.55,0.0,294247.55,Website,Credit Card,Completed,2023
ORD21150,2025-04-19,CUST1280,46.0,Female,Nagpur,Smartphone,Electronics,4,36323.78,0.05,145295.12,7264.76,138030.36,Website,Credit Card,Completed,2025
ORD20323,2023-08-24,CUST1061,62.0,Other,Nagpur,Keyboard,Accessories,1,2585.2,0.1,2585.2,258.52,2326.68,Marketplace,Cash on Delivery,Completed,2023
ORD21167,2025-05-01,CUST1169,45.0,Female,Ahmedabad,Headphones,Electronics,4,3746.79,0.1,14987.16,1498.72,13488.44,Website,UPI,Completed,2025
ORD20083,2023-03-01,CUST1250,19.0,Female,Nagpur,Office Chair,Furniture,5,11100.26,0.1,55501.3,5550.13,-49951.17,Mobile App,Debit Card,Returned,2023
ORD20513,2024-01-10,CUST1235,24.0,Male,Kolkata,Smartwatch,Electronics,2,12173.17,0.0,24346.34,0.0,24346.34,Website,Cash on Delivery,Completed,2024
ORD21151,2025-04-20,CUST1181,41.0,Male,Jaipur,Smartwatch,Electronics,3,12545.81,0.15,37637.43,5645.61,-31991.82,Marketplace,Credit Card,Returned,2025
ORD20930,2024-11-09,CUST1200,19.0,Female,Jaipur,Jacket,Fashion,3,3650.95,0.1,10952.85,1095.29,9857.56,Website,Debit Card,Completed,2024
ORD21319,2025-08-20,CUST1132,60.0,Male,Kolkata,Office Chair,Furniture,2,12532.76,0.2,25065.52,5013.1,20052.42,Marketplace,UPI,Completed,2025
ORD20011,2023-01-08,CUST1049,45.0,Male,Nagpur,Mouse,Accessories,4,1098.47,0.0,4393.88,0.0,4393.88,Website,Credit Card,Completed,2023
ORD20832,2024-08-30,CUST1111,54.0,Male,Bengaluru,Backpack,Accessories,1,2183.41,0.05,2183.41,109.17,2074.24,Website,Credit Card,Completed,2024
ORD20033,2023-01-24,CUST1127,46.0,Female,Chennai,Keyboard,Accessories,1,2593.06,0.15,2593.06,388.96,2204.1,Marketplace,Debit Card,Completed,2023
ORD20414,2023-10-29,CUST1068,32.0,Male,Bengaluru,Desk,Furniture,1,18403.88,0.1,18403.88,1840.39,16563.49,Marketplace,Net Banking,Completed,2023
ORD20581,2024-02-28,CUST1006,25.0,Male,Ahmedabad,Tablet,Electronics,1,30482.48,0.1,30482.48,3048.25,27434.23,Mobile App,Credit Card,Completed,2024
ORD21169,2025-05-03,CUST1017,54.0,Male,Bengaluru,Mouse,Accessories,2,1301.56,0.1,2603.12,260.31,-2342.81,Marketplace,Cash on Delivery,Returned,2025
ORD21437,2025-11-14,CUST1125,35.0,Male,Mumbai,Smartwatch,Electronics,2,11893.69,0.0,23787.38,0.0,23787.38,Mobile App,Credit Card,Completed,2025
ORD20615,2024-03-24,CUST1219,18.0,Female,Ahmedabad,Coffee Maker,Home & Kitchen,1,6261.6,0.1,6261.6,626.16,5635.44,Mobile App,Credit Card,Completed,2024
ORD21046,2025-02-02,CUST1149,36.0,Male,Ahmedabad,Keyboard,Accessories,5,2332.22,0.0,11661.1,0.0,-11661.1,Marketplace,Cash on Delivery,Returned,2025
ORD21015,2025-01-10,CUST1201,39.0,Female,Nagpur,Coffee Maker,Home & Kitchen,1,6290.89,0.05,6290.89,314.54,5976.35,Marketplace,Net Banking,Completed,2025
ORD20090,2023-03-07,CUST1011,41.0,Female,Jaipur,Smartphone,Electronics,4,38542.01,0.0,154168.04,0.0,-154168.04,Website,Net Banking,Returned,2023
ORD21283,2025-07-25,CUST1158,64.0,Other,Kolkata,T-Shirt,Fashion,4,1200.7,0.15,4802.8,720.42,4082.38,Marketplace,Cash on Delivery,Completed,2025
ORD20602,2024-03-15,CUST1017,54.0,Male,Bengaluru,T-Shirt,Fashion,2,1080.22,0.05,2160.44,108.02,-2052.42,Marketplace,Debit Card,Returned,2024
ORD20134,2023-04-08,CUST1221,32.0,Female,Pune,Smartwatch,Electronics,1,11099.58,0.15,11099.58,1664.94,9434.64,Website,Cash on Delivery,Completed,2023
ORD20556,2024-02-10,CUST1056,18.0,Female,Hyderabad,Laptop,Electronics,4,65848.1,0.15,263392.4,39508.86,223883.54,Marketplace,Net Banking,Completed,2024
ORD21032,2025-01-23,CUST1276,37.0,Male,Nagpur,Air Fryer,Home & Kitchen,1,8148.63,0.2,8148.63,1629.73,6518.9,Website,UPI,Completed,2025
ORD21183,2025-05-13,CUST1231,56.0,Male,Delhi,Tablet,Electronics,1,27437.43,0.1,27437.43,2743.74,24693.69,Website,Credit Card,Completed,2025
ORD20321,2023-08-22,CUST1168,21.0,Female,Hyderabad,Coffee Maker,Home & Kitchen,5,6040.18,0.15,30200.9,4530.14,25670.76,Mobile App,UPI,Completed,2023
ORD21333,2025-08-31,CUST1250,19.0,Female,Nagpur,Office Chair,Furniture,3,11377.07,0.15,34131.21,5119.68,29011.53,Mobile App,Cash on Delivery,Completed,2025
ORD21310,2025-08-14,CUST1225,22.0,Female,Hyderabad,Coffee Maker,Home & Kitchen,2,6786.74,0.1,13573.48,1357.35,-12216.13,Marketplace,Credit Card,Returned,2025
ORD20635,2024-04-08,CUST1271,44.0,Male,Bengaluru,T-Shirt,Fashion,1,1291.48,0.1,1291.48,129.15,1162.33,Mobile App,UPI,Completed,2024
ORD20553,2024-02-08,CUST1069,59.0,Male,Bengaluru,Coffee Maker,Home & Kitchen,2,6245.47,0.0,12490.94,0.0,12490.94,Mobile App,UPI,Completed,2024
ORD21056,2025-02-09,CUST1241,38.0,Male,Jaipur,Jacket,Fashion,5,3564.8,0.0,17824.0,0.0,17824.0,Marketplace,UPI,Completed,2025
ORD21465,2025-12-05,CUST1202,51.0,Female,Hyderabad,Mouse,Accessories,2,1218.23,0.1,2436.46,243.65,2192.81,Website,Debit Card,Completed,2025
ORD20797,2024-08-04,CUST1258,44.0,Female,Ahmedabad,Jacket,Fashion,4,3214.99,0.05,12859.96,643.0,0.0,Marketplace,Debit Card,Cancelled,2024
ORD21393,2025-10-13,CUST1125,35.0,Male,Mumbai,Office Chair,Furniture,5,12945.88,0.0,64729.4,0.0,64729.4,Mobile App,Net Banking,Completed,2025
ORD21290,2025-07-30,CUST1149,36.0,Male,Ahmedabad,T-Shirt,Fashion,5,1096.13,0.05,5480.65,274.03,5206.62,Marketplace,Cash on Delivery,Completed,2025
ORD20175,2023-05-08,CUST1254,18.0,Male,Pune,Coffee Maker,Home & Kitchen,2,6499.78,0.0,12999.56,0.0,12999.56,Marketplace,Net Banking,Completed,2023
ORD20767,2024-07-13,CUST1275,25.0,Male,Chennai,Mouse,Accessories,3,1193.71,0.05,3581.13,179.06,3402.07,Mobile App,Net Banking,Completed,2024
ORD20246,2023-06-28,CUST1133,44.0,Male,Ahmedabad,Smartwatch,Electronics,3,11566.57,0.1,34699.71,3469.97,31229.74,Website,Credit Card,Completed,2023
ORD21081,2025-02-27,CUST1160,36.0,Female,Pune,Shoes,Fashion,4,4160.16,0.15,16640.64,2496.1,14144.54,Marketplace,Net Banking,Completed,2025
ORD21309,2025-08-13,CUST1209,23.0,Female,Hyderabad,Desk,Furniture,1,19447.66,0.15,19447.66,2917.15,16530.51,Website,Cash on Delivery,Completed,2025
ORD20146,2023-04-16,CUST1124,18.0,Female,Hyderabad,Keyboard,Accessories,1,2714.11,0.15,2714.11,407.12,2306.99,Marketplace,UPI,Completed,2023
ORD20091,2023-03-07,CUST1150,46.0,Male,Nagpur,Air Fryer,Home & Kitchen,3,9121.17,0.0,27363.51,0.0,27363.51,Marketplace,UPI,Completed,2023
ORD20683,2024-05-13,CUST1125,35.0,Male,Mumbai,Mouse,Accessories,2,1198.73,0.0,2397.46,0.0,2397.46,Mobile App,Cash on Delivery,Completed,2024
ORD20311,2023-08-15,CUST1212,28.0,Male,Mumbai,T-Shirt,Fashion,1,1274.28,0.05,1274.28,63.71,-1210.57,Marketplace,Credit Card,Returned,2023
ORD20094,2023-03-09,CUST1106,28.0,Female,Delhi,Smartwatch,Electronics,4,11499.21,0.05,45996.84,2299.84,43697.0,Marketplace,Net Banking,Completed,2023
ORD21189,2025-05-17,CUST1252,31.0,Female,Jaipur,T-Shirt,Fashion,1,1297.25,0.05,1297.25,64.86,1232.39,Website,UPI,Completed,2025
ORD20925,2024-11-05,CUST1063,61.0,Male,Mumbai,Mouse,Accessories,3,1231.73,0.15,3695.19,554.28,3140.91,Mobile App,Credit Card,Completed,2024
ORD21276,2025-07-20,CUST1061,62.0,Other,Nagpur,Office Chair,Furniture,1,13103.92,0.0,13103.92,0.0,13103.92,Mobile App,Cash on Delivery,Completed,2025
ORD21036,2025-01-26,CUST1241,38.0,Male,Jaipur,Smartwatch,Electronics,3,12887.1,0.05,38661.3,1933.07,36728.23,Website,UPI,Completed,2025
ORD20244,2023-06-27,CUST1135,41.0,Female,Hyderabad,Smartphone,Electronics,3,42858.29,0.15,128574.87,19286.23,0.0,Website,Net Banking,Cancelled,2023
ORD21112,2025-03-22,CUST1230,42.0,Male,Mumbai,Coffee Maker,Home & Kitchen,4,7087.44,0.15,28349.76,4252.46,24097.3,Mobile App,Net Banking,Completed,2025
ORD20215,2023-06-06,CUST1103,27.0,Male,Delhi,Office Chair,Furniture,3,10837.54,0.15,32512.62,4876.89,27635.73,Mobile App,Net Banking,Completed,2023
ORD20999,2024-12-30,CUST1035,58.0,Female,Hyderabad,Headphones,Electronics,3,3482.07,0.05,10446.21,522.31,9923.9,Marketplace,Cash on Delivery,Completed,2024
ORD20854,2024-09-15,CUST1018,45.0,Male,Hyderabad,Keyboard,Accessories,4,2368.8,0.05,9475.2,473.76,9001.44,Website,UPI,Completed,2024
ORD20426,2023-11-07,CUST1217,33.0,Female,Bengaluru,Backpack,Accessories,4,2148.43,0.0,8593.72,0.0,8593.72,Mobile App,Debit Card,Completed,2023
ORD21328,2025-08-27,CUST1131,20.0,Male,Nagpur,Keyboard,Accessories,5,2386.65,0.1,11933.25,1193.32,10739.93,Mobile App,Cash on Delivery,Completed,2025
ORD20227,2023-06-15,CUST1269,30.0,Female,Mumbai,T-Shirt,Fashion,5,1185.42,0.2,5927.1,1185.42,4741.68,Mobile App,Net Banking,Completed,2023
ORD21232,2025-06-18,CUST1233,58.0,Female,Ahmedabad,Laptop,Electronics,4,61717.49,0.0,246869.96,0.0,246869.96,Marketplace,UPI,Completed,2025
ORD20001,2023-01-01,CUST1162,49.0,Female,Chennai,Coffee Maker,Home & Kitchen,3,6925.5,0.05,20776.5,1038.82,19737.68,Website,,Completed,2023
ORD20402,2023-10-20,CUST1023,29.0,Male,Mumbai,Desk,Furniture,3,17544.33,0.1,52632.99,5263.3,47369.69,Mobile App,UPI,Completed,2023
ORD21104,2025-03-16,CUST1227,57.0,,Mumbai,T-Shirt,Fashion,3,1319.73,0.05,3959.19,197.96,3761.23,Website,Credit Card,Completed,2025
ORD20085,2023-03-03,CUST1172,28.0,Female,Chennai,Coffee Maker,Home & Kitchen,4,6331.83,0.05,25327.32,1266.37,24060.95,Marketplace,Debit Card,Completed,2023
ORD20163,2023-04-29,CUST1136,,Female,Chennai,Desk,Furniture,2,19596.15,0.05,39192.3,1959.62,37232.68,Marketplace,Debit Card,Completed,2023
ORD20115,2023-03-25,CUST1300,39.0,Female,Hyderabad,Office Chair,Furniture,3,13197.43,0.1,39592.29,3959.23,35633.06,Mobile App,Cash on Delivery,Completed,2023
ORD20671,2024-05-04,CUST1279,44.0,Female,Nagpur,Mouse,Accessories,2,1284.93,0.15,2569.86,385.48,2184.38,Website,Debit Card,Completed,2024
ORD21153,2025-04-21,CUST1286,33.0,Male,Chennai,Smartwatch,Electronics,3,11742.02,0.0,35226.06,0.0,35226.06,Website,,Completed,2025
ORD20890,2024-10-11,CUST1200,19.0,Female,Jaipur,Headphones,Electronics,1,3289.17,0.15,3289.17,493.38,2795.79,Website,Net Banking,Completed,2024
ORD20626,2024-04-01,CUST1232,,Male,Mumbai,Desk,Furniture,4,19487.14,0.05,77948.56,3897.43,74051.13,Website,Credit Card,Completed,2024
ORD21479,2025-12-15,CUST1030,56.0,Female,Chennai,Air Fryer,Home & Kitchen,1,8903.76,0.05,8903.76,445.19,8458.57,Website,Credit Card,Completed,2025
ORD20953,2024-11-26,CUST1105,38.0,Female,Mumbai,Jacket,Fashion,1,3800.76,0.1,3800.76,380.08,3420.68,Mobile App,Net Banking,Completed,2024
ORD20808,2024-08-12,CUST1076,33.0,Male,Chennai,Backpack,Accessories,4,2316.43,0.0,9265.72,0.0,9265.72,Website,Debit Card,Completed,2024
ORD20259,2023-07-08,CUST1070,25.0,Male,Mumbai,Keyboard,Accessories,1,2731.24,0.0,2731.24,0.0,2731.24,Website,Debit Card,Completed,2023
ORD20625,2024-03-31,CUST1001,,Male,Kolkata,Laptop,Electronics,1,64565.93,0.1,64565.93,6456.59,58109.34,Website,Net Banking,Completed,2024
ORD20827,2024-08-26,CUST1257,24.0,Female,Nagpur,Desk,Furniture,2,18167.41,0.0,36334.82,0.0,36334.82,Website,UPI,Completed,2024
ORD20235,2023-06-20,CUST1024,30.0,Male,Nagpur,Headphones,Electronics,2,3630.97,0.05,7261.94,363.1,6898.84,Mobile App,Debit Card,Completed,2023
ORD20136,2023-04-09,CUST1068,32.0,Male,Bengaluru,Mouse,Accessories,1,1297.16,0.0,1297.16,0.0,1297.16,Marketplace,Credit Card,Completed,2023
ORD20617,2024-03-25,CUST1153,60.0,Male,Pune,Laptop,Electronics,3,64299.69,0.15,192899.07,28934.86,163964.21,Website,Cash on Delivery,Completed,2024
ORD20837,2024-09-02,CUST1159,42.0,Male,Delhi,Tablet,Electronics,4,25283.05,0.05,101132.2,5056.61,96075.59,Marketplace,Cash on Delivery,Completed,2024
ORD20843,2024-09-07,CUST1285,23.0,Male,Hyderabad,Smartphone,Electronics,1,36741.42,0.05,36741.42,1837.07,34904.35,Website,Cash on Delivery,Completed,2024
ORD20960,2024-12-01,CUST1290,64.0,Other,Jaipur,Laptop,Electronics,4,71450.8,0.0,285803.2,0.0,285803.2,Mobile App,UPI,Completed,2024
ORD20593,2024-03-08,CUST1259,47.0,Male,Jaipur,Laptop,Electronics,2,64235.42,0.1,128470.84,12847.08,115623.76,Mobile App,Debit Card,Completed,2024
ORD20344,2023-09-08,CUST1029,57.0,Female,Jaipur,Smartphone,Electronics,5,36763.07,0.1,183815.35,18381.54,165433.81,Website,Cash on Delivery,Completed,2023
ORD21248,2025-06-29,CUST1003,46.0,Male,Ahmedabad,Shoes,Fashion,2,4084.51,0.0,8169.02,0.0,8169.02,Marketplace,Net Banking,Completed,2025
ORD20294,2023-08-03,CUST1137,18.0,Male,Chennai,Jacket,Fashion,4,3198.75,0.1,12795.0,1279.5,11515.5,Marketplace,,Completed,2023
ORD20365,2023-09-23,CUST1112,55.0,Other,Hyderabad,Mouse,Accessories,1,1212.52,0.05,1212.52,60.63,1151.89,Website,Cash on Delivery,Completed,2023
ORD20179,2023-05-11,CUST1248,18.0,Male,Nagpur,Mouse,Accessories,1,1163.36,0.05,1163.36,58.17,1105.19,Marketplace,Cash on Delivery,Completed,2023
ORD20660,2024-04-26,CUST1073,48.0,Female,Mumbai,Smartwatch,Electronics,1,12732.53,0.05,12732.53,636.63,12095.9,Mobile App,Credit Card,Completed,2024
ORD20997,2024-12-28,CUST1112,55.0,Other,Hyderabad,Mouse,Accessories,5,1197.99,0.05,5989.95,299.5,5690.45,Website,Net Banking,Completed,2024
ORD20015,2023-01-11,CUST1225,22.0,Female,Hyderabad,Smartphone,Electronics,2,41861.35,0.05,83722.7,4186.14,79536.56,Marketplace,Credit Card,Completed,2023
ORD21111,2025-03-21,CUST1287,20.0,Female,Hyderabad,Mouse,Accessories,4,1090.37,0.1,4361.48,436.15,3925.33,Mobile App,Credit Card,Completed,2025
ORD20166,2023-05-01,CUST1006,25.0,Male,Ahmedabad,Mouse,Accessories,4,1303.51,0.0,5214.04,0.0,5214.04,Website,Net Banking,Completed,2023
ORD21420,2025-11-02,CUST1077,52.0,Female,Ahmedabad,Keyboard,Accessories,4,2631.62,0.1,10526.48,1052.65,9473.83,Marketplace,Net Banking,Completed,2025
ORD20060,2023-02-13,CUST1029,57.0,Female,Jaipur,Air Fryer,Home & Kitchen,3,8238.47,0.15,24715.41,3707.31,21008.1,Mobile App,Debit Card,Completed,2023
ORD20710,2024-06-01,CUST1232,19.0,Male,Mumbai,Tablet,Electronics,2,25445.0,0.05,50890.0,2544.5,48345.5,Website,Cash on Delivery,Completed,2024
ORD20677,2024-05-08,CUST1001,65.0,Male,Kolkata,Coffee Maker,Home & Kitchen,5,6648.43,0.1,33242.15,3324.22,29917.93,Marketplace,Credit Card,Completed,2024
ORD20781,2024-07-23,CUST1035,58.0,Female,Hyderabad,Mouse,Accessories,5,1083.08,0.05,5415.4,270.77,5144.63,Marketplace,Debit Card,Completed,2024
ORD20425,2023-11-06,CUST1114,64.0,Female,Jaipur,Shoes,Fashion,4,4916.12,0.15,19664.48,2949.67,16714.81,Marketplace,Cash on Delivery,Completed,2023
ORD20293,2023-08-02,CUST1295,60.0,Male,Hyderabad,Air Fryer,Home & Kitchen,3,8490.2,0.2,25470.6,5094.12,20376.48,Marketplace,Debit Card,Completed,2023
ORD21066,2025-02-16,CUST1186,47.0,Male,Jaipur,Office Chair,Furniture,5,11695.21,0.1,58476.05,5847.6,52628.45,Website,Net Banking,Completed,2025
ORD21351,2025-09-13,CUST1252,31.0,Female,Jaipur,Air Fryer,Home & Kitchen,3,7798.79,0.0,23396.37,0.0,23396.37,Mobile App,Cash on Delivery,Completed,2025
ORD20330,2023-08-29,CUST1043,30.0,Male,Hyderabad,Jacket,Fashion,2,3639.39,0.1,7278.78,727.88,6550.9,Mobile App,Net Banking,Completed,2023
ORD20430,2023-11-10,CUST1291,25.0,Male,Jaipur,Office Chair,Furniture,2,11493.85,0.15,22987.7,3448.16,19539.54,Mobile App,Net Banking,Completed,2023
ORD21013,2025-01-09,CUST1256,28.0,Female,Pune,Office Chair,Furniture,3,10982.76,0.0,32948.28,0.0,-32948.28,Marketplace,Debit Card,Returned,2025
ORD20080,2023-02-27,CUST1198,23.0,Female,Bengaluru,Coffee Maker,Home & Kitchen,1,6142.89,0.0,6142.89,0.0,6142.89,Marketplace,Credit Card,Completed,2023
ORD21053,2025-02-07,CUST1129,41.0,Male,Jaipur,T-Shirt,Fashion,3,1254.2,0.2,3762.6,752.52,3010.08,Website,Cash on Delivery,Completed,2025
ORD20938,2024-11-15,CUST1249,63.0,Male,Nagpur,Jacket,Fashion,1,3206.32,0.1,3206.32,320.63,2885.69,Marketplace,Net Banking,Completed,2024
ORD20835,2024-09-01,CUST1115,29.0,Male,Delhi,Smartwatch,Electronics,4,11007.49,0.0,44029.96,0.0,44029.96,Marketplace,UPI,Completed,2024
ORD20750,2024-07-01,CUST1159,42.0,Male,Delhi,Laptop,Electronics,5,61231.93,0.2,306159.65,61231.93,244927.72,Website,Net Banking,Completed,2024
ORD20891,2024-10-12,CUST1092,20.0,Female,Hyderabad,Backpack,Accessories,1,2086.47,0.2,2086.47,417.29,1669.18,Mobile App,Debit Card,Completed,2024
ORD20255,2023-07-05,CUST1275,25.0,Male,Chennai,Coffee Maker,Home & Kitchen,3,6889.88,0.05,20669.64,1033.48,19636.16,Website,Net Banking,Completed,2023
ORD21307,2025-08-12,CUST1058,51.0,Male,Bengaluru,Tablet,Electronics,1,26802.68,0.0,26802.68,0.0,-26802.68,Mobile App,Net Banking,Returned,2025
ORD21478,2025-12-14,CUST1184,34.0,Male,Mumbai,Air Fryer,Home & Kitchen,2,9004.84,0.0,18009.68,0.0,-18009.68,Website,Debit Card,Returned,2025
ORD21109,2025-03-20,CUST1025,27.0,Female,Hyderabad,T-Shirt,Fashion,3,1187.0,0.1,3561.0,356.1,3204.9,Marketplace,Cash on Delivery,Completed,2025
ORD20137,2023-04-10,CUST1106,28.0,Female,Delhi,Shoes,Fashion,2,4607.89,0.2,9215.78,1843.16,7372.62,Mobile App,UPI,Completed,2023
ORD21136,2025-04-09,CUST1150,46.0,Male,Nagpur,Jacket,Fashion,4,3758.21,0.15,15032.84,2254.93,12777.91,Website,Net Banking,Completed,2025
ORD20853,2024-09-14,CUST1216,64.0,Other,Delhi,Desk,Furniture,3,16240.15,0.05,48720.45,2436.02,46284.43,Website,Cash on Delivery,Completed,2024
ORD20724,2024-06-12,CUST1021,49.0,Male,Delhi,Office Chair,Furniture,5,13107.71,0.0,65538.55,0.0,65538.55,Website,Cash on Delivery,Completed,2024
ORD20860,2024-09-19,CUST1139,43.0,Female,Chennai,Tablet,Electronics,5,27289.53,0.2,136447.65,27289.53,109158.12,Mobile App,Credit Card,Completed,2024
ORD20970,2024-12-08,CUST1136,49.0,Female,Chennai,Tablet,Electronics,2,28404.3,0.05,56808.6,2840.43,53968.17,Mobile App,Debit Card,Completed,2024
ORD20497,2023-12-29,CUST1199,33.0,Female,Jaipur,Mouse,Accessories,5,1149.27,0.05,5746.35,287.32,5459.03,Mobile App,Cash on Delivery,Completed,2023
ORD20951,2024-11-24,CUST1014,41.0,Male,Bengaluru,Backpack,Accessories,5,2162.48,0.1,10812.4,1081.24,-9731.16,Website,Net Banking,Returned,2024
ORD20806,2024-08-11,CUST1033,59.0,Male,Mumbai,Headphones,Electronics,4,3176.25,0.1,12705.0,1270.5,11434.5,Mobile App,Net Banking,Completed,2024
ORD20130,2023-04-05,CUST1100,30.0,Male,Bengaluru,Backpack,Accessories,1,2132.23,0.05,2132.23,106.61,2025.62,Marketplace,Net Banking,Completed,2023
ORD20338,2023-09-04,CUST1077,52.0,Female,Ahmedabad,Headphones,Electronics,1,3497.26,0.2,3497.26,699.45,-2797.81,Marketplace,UPI,Returned,2023
ORD20393,2023-10-14,CUST1029,57.0,Female,Jaipur,Desk,Furniture,1,18778.62,0.1,18778.62,1877.86,0.0,Marketplace,UPI,Cancelled,2023
ORD20609,2024-03-20,CUST1187,18.0,Female,Hyderabad,Shoes,Fashion,5,4282.23,0.0,21411.15,0.0,21411.15,Marketplace,UPI,Completed,2024
ORD21149,2025-04-18,CUST1072,56.0,Male,Pune,Jacket,Fashion,5,3696.59,0.2,18482.95,3696.59,14786.36,Mobile App,Credit Card,Completed,2025
ORD20196,2023-05-23,CUST1293,56.0,Female,Hyderabad,Coffee Maker,Home & Kitchen,4,7120.84,0.1,28483.36,2848.34,25635.02,Mobile App,Cash on Delivery,Completed,2023
ORD21493,2025-12-25,CUST1227,57.0,Female,Mumbai,Backpack,Accessories,3,2186.77,0.05,6560.31,328.02,6232.29,Marketplace,UPI,Completed,2025
ORD20910,2024-10-26,CUST1038,30.0,Male,Kolkata,T-Shirt,Fashion,1,1192.27,0.0,1192.27,0.0,1192.27,Website,Net Banking,Completed,2024
ORD20585,2024-03-02,CUST1286,33.0,Male,Chennai,Office Chair,Furniture,4,12214.6,0.15,48858.4,7328.76,41529.64,Website,Debit Card,Completed,2024
ORD20104,2023-03-17,CUST1041,29.0,Male,Pune,Office Chair,Furniture,5,13024.95,0.15,65124.75,9768.71,55356.04,Website,Cash on Delivery,Completed,2023
ORD21398,2025-10-17,CUST1114,64.0,Female,Jaipur,Mouse,Accessories,5,1095.11,0.0,5475.55,0.0,5475.55,Website,UPI,Completed,2025
ORD21412,2025-10-27,CUST1150,46.0,Male,Nagpur,Smartphone,Electronics,2,40798.5,0.1,81597.0,8159.7,73437.3,Website,Debit Card,Completed,2025
ORD20720,2024-06-09,CUST1021,49.0,Male,Delhi,Jacket,Fashion,5,3657.99,0.15,18289.95,2743.49,15546.46,Website,UPI,Completed,2024
ORD20885,2024-10-07,CUST1244,65.0,Female,Ahmedabad,Desk,Furniture,1,16667.38,0.1,16667.38,1666.74,-15000.64,Marketplace,UPI,Returned,2024
ORD20777,2024-07-20,CUST1275,25.0,Male,Chennai,Air Fryer,Home & Kitchen,5,8693.68,0.15,43468.4,6520.26,36948.14,Mobile App,Net Banking,Completed,2024
ORD20850,2024-09-12,CUST1010,32.0,Female,Nagpur,Coffee Maker,Home & Kitchen,5,6826.9,0.15,34134.5,5120.18,-29014.32,Mobile App,UPI,Returned,2024
ORD20895,2024-10-15,CUST1038,30.0,Male,Kolkata,Shoes,Fashion,4,4912.26,0.15,19649.04,2947.36,16701.68,Marketplace,Cash on Delivery,Completed,2024
ORD20228,2023-06-15,CUST1209,23.0,Female,Hyderabad,Mouse,Accessories,3,1289.51,0.15,3868.53,580.28,3288.25,Marketplace,Credit Card,Completed,2023
ORD21422,2025-11-04,CUST1197,59.0,Male,Bengaluru,Mouse,Accessories,3,1258.97,0.0,3776.91,0.0,3776.91,Marketplace,Debit Card,Completed,2025
ORD20127,2023-04-03,CUST1010,32.0,Female,Nagpur,T-Shirt,Fashion,4,1224.21,0.0,4896.84,0.0,4896.84,Marketplace,Cash on Delivery,Completed,2023
ORD20406,2023-10-23,CUST1220,32.0,Female,Ahmedabad,Office Chair,Furniture,2,13071.65,0.1,26143.3,2614.33,23528.97,Website,Credit Card,Completed,2023
ORD20776,2024-07-20,CUST1196,53.0,Female,Nagpur,Laptop,Electronics,5,59446.05,0.05,297230.25,14861.51,282368.74,Marketplace,Net Banking,Completed,2024
ORD20822,2024-08-22,CUST1274,24.0,Female,Ahmedabad,Office Chair,Furniture,4,11684.93,0.2,46739.72,9347.94,37391.78,Mobile App,Credit Card,Completed,2024
ORD20712,2024-06-03,CUST1229,29.0,,Kolkata,Keyboard,Accessories,5,2566.68,0.05,12833.4,641.67,12191.73,Mobile App,Debit Card,Completed,2024
ORD21426,2025-11-06,CUST1230,42.0,Male,Mumbai,Shoes,Fashion,5,4428.67,0.1,22143.35,2214.34,19929.01,Website,Net Banking,Completed,2025
ORD21061,2025-02-13,CUST1209,23.0,Female,Hyderabad,Headphones,Electronics,3,3650.24,0.1,10950.72,1095.07,9855.65,Website,Net Banking,Completed,2025
ORD21164,2025-04-29,CUST1235,24.0,Male,Kolkata,Backpack,Accessories,2,2298.17,0.15,4596.34,689.45,3906.89,Marketplace,UPI,Completed,2025
ORD20304,2023-08-10,CUST1031,62.0,Female,Pune,Shoes,Fashion,1,4478.6,0.05,4478.6,223.93,-4254.67,Mobile App,Cash on Delivery,Returned,2023
ORD20268,2023-07-15,CUST1013,34.0,Male,Ahmedabad,Desk,Furniture,4,17067.44,0.05,68269.76,3413.49,64856.27,Mobile App,Credit Card,Completed,2023
ORD20546,2024-02-03,CUST1146,27.0,Male,Delhi,Tablet,Electronics,4,27046.02,0.05,108184.08,5409.2,102774.88,Website,Net Banking,Completed,2024
ORD20213,2023-06-04,CUST1117,28.0,Female,Hyderabad,Tablet,Electronics,5,29725.62,0.0,148628.1,0.0,148628.1,Website,Net Banking,Completed,2023
ORD20897,2024-10-16,CUST1003,46.0,Male,Ahmedabad,Backpack,Accessories,2,2105.09,0.0,4210.18,0.0,4210.18,Mobile App,UPI,Completed,2024
ORD21223,2025-06-11,CUST1059,60.0,Female,Pune,Smartwatch,Electronics,1,11768.11,0.1,11768.11,1176.81,10591.3,Marketplace,Net Banking,Completed,2025
ORD20917,2024-10-31,CUST1107,40.0,Other,Nagpur,T-Shirt,Fashion,5,1170.11,0.0,5850.55,0.0,5850.55,Marketplace,Credit Card,Completed,2024
ORD20676,2024-05-08,CUST1121,41.0,Male,Nagpur,Backpack,Accessories,2,2387.73,0.1,4775.46,477.55,4297.91,Marketplace,Credit Card,Completed,2024
ORD20815,2024-08-17,CUST1271,44.0,Male,Bengaluru,Jacket,Fashion,2,3354.62,0.1,6709.24,670.92,6038.32,Mobile App,Cash on Delivery,Completed,2024
ORD20343,2023-09-07,CUST1266,41.0,Male,Hyderabad,Laptop,Electronics,1,63016.44,0.1,63016.44,6301.64,-56714.8,Marketplace,UPI,Returned,2023
ORD20550,2024-02-06,CUST1150,46.0,Male,Nagpur,Coffee Maker,Home & Kitchen,1,5946.55,0.1,5946.55,594.66,5351.89,Marketplace,Debit Card,Completed,2024
ORD21215,2025-06-05,CUST1089,53.0,Female,Mumbai,Shoes,Fashion,3,4279.19,0.1,12837.57,1283.76,11553.81,Marketplace,Debit Card,Completed,2025
ORD20967,2024-12-06,CUST1198,23.0,Female,Bengaluru,Backpack,Accessories,5,2158.59,0.15,10792.95,1618.94,9174.01,Mobile App,Credit Card,Completed,2024
ORD21231,2025-06-17,CUST1262,32.0,Female,Pune,Air Fryer,Home & Kitchen,4,8654.48,0.1,34617.92,3461.79,31156.13,Mobile App,Credit Card,Completed,2025
ORD20296,2023-08-04,CUST1118,58.0,Female,Mumbai,Smartwatch,Electronics,4,12683.18,0.05,50732.72,2536.64,48196.08,Marketplace,Credit Card,Completed,2023
ORD20696,2024-05-22,CUST1097,26.0,Female,Delhi,T-Shirt,Fashion,2,1167.31,0.15,2334.62,350.19,1984.43,Website,UPI,Completed,2024
ORD20074,2023-02-23,CUST1031,62.0,Female,Pune,Tablet,Electronics,3,29162.54,0.15,87487.62,13123.14,74364.48,Mobile App,Debit Card,Completed,2023
ORD20606,2024-03-17,CUST1235,24.0,Male,Kolkata,Mouse,Accessories,4,1159.08,0.0,4636.32,0.0,0.0,Mobile App,UPI,Cancelled,2024
ORD20105,2023-03-17,CUST1030,56.0,Female,Chennai,Shoes,Fashion,5,4369.84,0.0,21849.2,0.0,21849.2,Mobile App,Cash on Delivery,Completed,2023
ORD20646,2024-04-16,CUST1280,46.0,Female,Nagpur,Smartphone,Electronics,4,40990.26,0.0,163961.04,0.0,163961.04,Marketplace,UPI,Completed,2024
ORD21482,2025-12-17,CUST1278,26.0,Female,Jaipur,Office Chair,Furniture,3,13197.55,0.15,39592.65,5938.9,33653.75,Marketplace,Cash on Delivery,Completed,2025
ORD21041,2025-01-29,CUST1057,45.0,Female,Ahmedabad,Smartphone,Electronics,2,40424.66,0.15,80849.32,12127.4,68721.92,Mobile App,Credit Card,Completed,2025
ORD20440,2023-11-17,CUST1155,45.0,Other,Kolkata,Backpack,Accessories,2,2369.93,0.05,4739.86,236.99,4502.87,Marketplace,Net Banking,Completed,2023
ORD21020,2025-01-14,CUST1146,27.0,Male,Delhi,Desk,Furniture,4,19473.0,0.1,77892.0,7789.2,70102.8,Website,Debit Card,Completed,2025
ORD20092,2023-03-08,CUST1077,52.0,Female,Ahmedabad,Desk,Furniture,2,17788.51,0.05,35577.02,1778.85,33798.17,Marketplace,UPI,Completed,2023
ORD21113,2025-03-23,CUST1191,18.0,Male,Ahmedabad,Smartwatch,Electronics,2,12844.32,0.2,25688.64,5137.73,20550.91,Mobile App,UPI,Completed,2025
ORD21324,2025-08-24,CUST1124,18.0,Female,Hyderabad,Backpack,Accessories,1,2120.13,0.1,2120.13,212.01,1908.12,Website,Cash on Delivery,Completed,2025
ORD20909,2024-10-25,CUST1006,25.0,Male,Ahmedabad,Keyboard,Accessories,5,2305.4,0.1,11527.0,1152.7,10374.3,Marketplace,Credit Card,Completed,2024
ORD20103,2023-03-16,CUST1082,60.0,Male,Hyderabad,Office Chair,Furniture,4,12115.55,0.15,48462.2,7269.33,41192.87,Website,Debit Card,Completed,2023
ORD20239,2023-06-23,CUST1004,26.0,Male,Jaipur,Smartphone,Electronics,4,39265.3,0.05,157061.2,7853.06,149208.14,Marketplace,Net Banking,Completed,2023
ORD21287,2025-07-28,CUST1138,30.0,Female,Nagpur,T-Shirt,Fashion,2,1280.94,0.05,2561.88,128.09,2433.79,Website,UPI,Completed,2025
ORD20943,2024-11-19,CUST1163,57.0,Female,Jaipur,Shoes,Fashion,2,4393.28,0.05,8786.56,439.33,-8347.23,Marketplace,UPI,Returned,2024
ORD20939,2024-11-16,CUST1195,25.0,Male,Nagpur,Coffee Maker,Home & Kitchen,1,6800.69,0.05,6800.69,340.03,6460.66,Website,Credit Card,Completed,2024
ORD21182,2025-05-12,CUST1201,39.0,Female,Nagpur,T-Shirt,Fashion,4,1143.68,0.15,4574.72,686.21,3888.51,Website,Net Banking,Completed,2025
ORD20006,2023-01-04,CUST1023,29.0,Male,Mumbai,Mouse,Accessories,5,1276.57,0.05,6382.85,319.14,6063.71,Mobile App,Credit Card,Completed,2023
ORD21372,2025-09-28,CUST1261,43.0,Male,Jaipur,Keyboard,Accessories,3,2268.77,0.1,6806.31,680.63,6125.68,Mobile App,Debit Card,Completed,2025
ORD20966,2024-12-05,CUST1223,19.0,Female,Delhi,Office Chair,Furniture,1,12318.37,0.05,12318.37,615.92,11702.45,Website,Debit Card,Completed,2024
ORD20019,2023-01-14,CUST1284,40.0,Male,Hyderabad,Air Fryer,Home & Kitchen,5,9204.64,0.15,46023.2,6903.48,39119.72,Website,Cash on Delivery,Completed,2023
ORD20122,2023-03-30,CUST1086,58.0,Male,Ahmedabad,T-Shirt,Fashion,3,1174.0,0.1,3522.0,352.2,3169.8,Marketplace,Debit Card,Completed,2023
ORD20662,2024-04-27,CUST1174,64.0,Female,Jaipur,Air Fryer,Home & Kitchen,5,7788.88,0.1,38944.4,3894.44,35049.96,Website,Net Banking,Completed,2024
ORD21275,2025-07-19,CUST1030,56.0,Female,Chennai,Keyboard,Accessories,1,2438.32,0.05,2438.32,121.92,-2316.4,Mobile App,UPI,Returned,2025
ORD20275,2023-07-20,CUST1138,30.0,Female,Nagpur,Tablet,Electronics,2,28426.98,0.1,56853.96,5685.4,51168.56,Marketplace,Debit Card,Completed,2023
ORD20434,2023-11-13,CUST1035,58.0,Female,Hyderabad,Smartwatch,Electronics,1,12610.21,0.0,12610.21,0.0,12610.21,Marketplace,UPI,Completed,2023
ORD20812,2024-08-15,CUST1012,37.0,Female,Mumbai,Shoes,Fashion,2,4330.01,0.0,8660.02,0.0,8660.02,Website,Credit Card,Completed,2024
ORD21413,2025-10-28,CUST1023,29.0,Male,Mumbai,Headphones,Electronics,2,3476.79,0.1,6953.58,695.36,6258.22,Mobile App,Credit Card,Completed,2025
ORD21427,2025-11-07,CUST1085,34.0,Other,Chennai,Shoes,Fashion,1,4747.19,0.0,4747.19,0.0,4747.19,Mobile App,Credit Card,Completed,2025
ORD20182,2023-05-13,CUST1278,26.0,Female,Jaipur,Tablet,Electronics,4,28432.86,0.0,113731.44,0.0,113731.44,Website,Cash on Delivery,Completed,2023
ORD20185,2023-05-15,CUST1088,55.0,Female,Nagpur,Smartphone,Electronics,4,42908.08,0.1,171632.32,17163.23,154469.09,Website,Cash on Delivery,Completed,2023
ORD20407,2023-10-24,CUST1003,46.0,Male,Ahmedabad,Mouse,Accessories,5,1094.51,0.0,5472.55,0.0,5472.55,Marketplace,Debit Card,Completed,2023
ORD20866,2024-09-23,CUST1118,58.0,Female,Mumbai,Backpack,Accessories,1,2301.68,0.0,2301.68,0.0,2301.68,Website,Cash on Delivery,Completed,2024
ORD20521,2024-01-15,CUST1187,18.0,,Hyderabad,Smartphone,Electronics,2,39924.75,0.15,79849.5,11977.42,67872.08,Marketplace,Net Banking,Completed,2024
ORD21004,2025-01-02,CUST1039,65.0,Male,Ahmedabad,Headphones,Electronics,1,3698.01,0.2,3698.01,739.6,2958.41,Mobile App,Credit Card,Completed,2025
ORD20381,2023-10-05,CUST1170,59.0,Female,Nagpur,Desk,Furniture,3,18930.14,0.15,56790.42,8518.56,48271.86,Marketplace,Net Banking,Completed,2023
ORD20428,2023-11-08,CUST1050,60.0,Female,Mumbai,Keyboard,Accessories,2,2416.52,0.0,4833.04,0.0,4833.04,Website,Cash on Delivery,Completed,2023
ORD20079,2023-02-26,CUST1027,22.0,Female,Kolkata,Coffee Maker,Home & Kitchen,1,6769.69,0.1,6769.69,676.97,0.0,Marketplace,Credit Card,Cancelled,2023
ORD21010,2025-01-07,CUST1242,20.0,Female,Mumbai,Smartphone,Electronics,3,38910.69,0.05,116732.07,5836.6,110895.47,Marketplace,UPI,Completed,2025
ORD21489,2025-12-22,CUST1077,52.0,Female,Ahmedabad,Laptop,Electronics,2,61033.43,0.0,122066.86,0.0,122066.86,Marketplace,Net Banking,Completed,2025
ORD20608,2024-03-19,CUST1046,46.0,Female,Bengaluru,Keyboard,Accessories,3,2439.84,0.1,7319.52,731.95,6587.57,Website,Cash on Delivery,Completed,2024
ORD21345,2025-09-08,CUST1161,35.0,Female,Chennai,Smartwatch,Electronics,2,12953.29,0.0,25906.58,0.0,25906.58,Mobile App,Credit Card,Completed,2025
ORD20639,2024-04-11,CUST1076,33.0,Male,Chennai,Coffee Maker,Home & Kitchen,2,6089.11,0.1,12178.22,1217.82,10960.4,Mobile App,Debit Card,Completed,2024
ORD21378,2025-10-02,CUST1032,60.0,Male,Hyderabad,Backpack,Accessories,2,2223.88,0.15,4447.76,667.16,3780.6,Website,UPI,Completed,2025
ORD21058,2025-02-11,CUST1185,20.0,Female,Delhi,Laptop,Electronics,5,61407.04,0.1,307035.2,30703.52,276331.68,Marketplace,Debit Card,Completed,2025
ORD21092,2025-03-07,CUST1223,19.0,Female,Delhi,Coffee Maker,Home & Kitchen,3,6454.47,0.0,19363.41,0.0,19363.41,Marketplace,UPI,Completed,2025
ORD21102,2025-03-15,CUST1128,56.0,Male,Kolkata,Jacket,Fashion,1,3426.77,0.05,3426.77,171.34,-3255.43,Website,Net Banking,Returned,2025
ORD21130,2025-04-04,CUST1127,46.0,Female,Chennai,Office Chair,Furniture,2,10833.69,0.2,21667.38,4333.48,17333.9,Marketplace,Net Banking,Completed,2025
ORD21236,2025-06-21,CUST1063,61.0,Male,Mumbai,Tablet,Electronics,4,27261.19,0.1,109044.76,10904.48,98140.28,Marketplace,Cash on Delivery,Completed,2025
ORD21331,2025-08-29,CUST1040,39.0,Female,Nagpur,Office Chair,Furniture,3,11448.18,0.15,34344.54,5151.68,29192.86,Website,Debit Card,Completed,2025
ORD20959,2024-11-30,CUST1134,22.0,Male,Bengaluru,Office Chair,Furniture,4,12131.89,0.1,48527.56,4852.76,43674.8,Mobile App,Credit Card,Completed,2024
ORD20560,2024-02-13,CUST1077,52.0,Female,Ahmedabad,Laptop,Electronics,1,68951.18,0.15,68951.18,10342.68,58608.5,Mobile App,UPI,Completed,2024
ORD20847,2024-09-09,CUST1099,18.0,,Jaipur,Laptop,Electronics,5,61349.77,0.1,306748.85,30674.88,-276073.97,Marketplace,Cash on Delivery,Returned,2024
ORD20691,2024-05-19,CUST1047,31.0,Male,Ahmedabad,Jacket,Fashion,3,3603.96,0.1,10811.88,1081.19,9730.69,Mobile App,Credit Card,Completed,2024
ORD21464,2025-12-04,CUST1001,65.0,Male,Kolkata,T-Shirt,Fashion,1,1159.69,0.15,1159.69,173.95,985.74,Mobile App,Net Banking,Completed,2025
ORD21411,2025-10-26,CUST1092,20.0,Female,Hyderabad,Smartwatch,Electronics,3,12081.45,0.1,36244.35,3624.44,32619.91,Marketplace,UPI,Completed,2025
ORD20437,2023-11-15,CUST1042,39.0,Male,Jaipur,Backpack,Accessories,5,2359.91,0.0,11799.55,0.0,11799.55,Mobile App,Debit Card,Completed,2023
ORD20491,2023-12-24,CUST1256,28.0,Female,Pune,Jacket,Fashion,5,3338.05,0.05,16690.25,834.51,15855.74,Marketplace,Cash on Delivery,Completed,2023
ORD21022,2025-01-15,CUST1150,46.0,Male,Nagpur,Smartwatch,Electronics,4,11160.66,0.05,44642.64,2232.13,42410.51,Marketplace,,Completed,2025
ORD21389,2025-10-10,CUST1115,29.0,Male,Delhi,T-Shirt,Fashion,5,1289.27,0.0,6446.35,0.0,6446.35,Website,Cash on Delivery,Completed,2025
ORD20070,2023-02-20,CUST1041,29.0,Male,Pune,Coffee Maker,Home & Kitchen,3,6269.08,0.05,18807.24,940.36,17866.88,Mobile App,Net Banking,Completed,2023
ORD20809,2024-08-13,CUST1004,26.0,Male,Jaipur,Desk,Furniture,2,18353.04,0.1,36706.08,3670.61,33035.47,Marketplace,Debit Card,Completed,2024
ORD21185,2025-05-14,CUST1049,45.0,Male,Nagpur,Smartphone,Electronics,2,43989.46,0.1,87978.92,8797.89,79181.03,Mobile App,Debit Card,Completed,2025
ORD20012,2023-01-09,CUST1031,62.0,Female,Pune,Smartphone,Electronics,3,39670.82,0.15,119012.46,17851.87,101160.59,Website,Cash on Delivery,Completed,2023
ORD20145,2023-04-16,CUST1203,51.0,Other,Delhi,Air Fryer,Home & Kitchen,5,8351.25,0.05,41756.25,2087.81,39668.44,Mobile App,Cash on Delivery,Completed,2023
ORD20918,2024-10-31,CUST1011,41.0,Female,Jaipur,Tablet,Electronics,5,28841.71,0.05,144208.55,7210.43,136998.12,Mobile App,Debit Card,Completed,2024
ORD20640,2024-04-11,CUST1112,55.0,Other,Hyderabad,Laptop,Electronics,1,63910.76,0.0,63910.76,0.0,63910.76,Marketplace,UPI,Completed,2024
ORD20177,2023-05-09,CUST1220,32.0,Female,Ahmedabad,Smartphone,Electronics,4,37807.19,0.1,151228.76,15122.88,136105.88,Marketplace,UPI,Completed,2023
ORD20995,2024-12-27,CUST1240,50.0,Female,Bengaluru,Desk,Furniture,2,16860.53,0.15,33721.06,5058.16,28662.9,Mobile App,UPI,Completed,2024
ORD20441,2023-11-18,CUST1121,41.0,Male,Nagpur,Backpack,Accessories,1,2333.14,0.0,2333.14,0.0,2333.14,Marketplace,Net Banking,Completed,2023
ORD20522,2024-01-16,CUST1286,33.0,Male,Chennai,Headphones,Electronics,2,3744.72,0.05,7489.44,374.47,7114.97,Website,Net Banking,Completed,2024
ORD21495,2025-12-27,CUST1169,45.0,Female,Ahmedabad,Jacket,Fashion,5,3256.96,0.15,16284.8,2442.72,13842.08,Marketplace,Net Banking,Completed,2025
ORD21005,2025-01-03,CUST1171,20.0,Female,Hyderabad,Keyboard,Accessories,2,2406.62,0.1,4813.24,481.32,4331.92,Mobile App,Net Banking,Completed,2025
ORD21256,2025-07-05,CUST1169,45.0,Female,Ahmedabad,Smartphone,Electronics,2,42107.78,0.15,84215.56,12632.33,71583.23,Website,Cash on Delivery,Completed,2025
ORD21235,2025-06-20,CUST1137,18.0,Male,Chennai,Office Chair,Furniture,4,11550.71,0.0,46202.84,0.0,46202.84,Marketplace,Net Banking,Completed,2025
ORD20144,2023-04-15,CUST1288,64.0,Female,Pune,Desk,Furniture,1,18507.31,0.0,18507.31,0.0,18507.31,Mobile App,UPI,Completed,2023
ORD20754,2024-07-04,CUST1072,56.0,Male,Pune,Desk,Furniture,3,19109.32,0.1,57327.96,5732.8,51595.16,Mobile App,Credit Card,Completed,2024
ORD20520,2024-01-15,CUST1280,46.0,Female,Nagpur,Mouse,Accessories,5,1143.23,0.15,5716.15,857.42,4858.73,Website,Debit Card,Completed,2024
ORD21323,2025-08-23,CUST1250,19.0,Female,Nagpur,Shoes,Fashion,4,4912.45,0.15,19649.8,2947.47,16702.33,Mobile App,Cash on Delivery,Completed,2025
ORD20823,2024-08-23,CUST1109,63.0,Female,Nagpur,Keyboard,Accessories,2,2639.18,0.0,5278.36,0.0,5278.36,Mobile App,UPI,Completed,2024
ORD20429,2023-11-09,CUST1167,50.0,Male,Mumbai,Air Fryer,Home & Kitchen,5,8188.25,0.05,40941.25,2047.06,38894.19,Mobile App,Credit Card,Completed,2023
ORD20613,2024-03-23,CUST1060,33.0,Female,Ahmedabad,Desk,Furniture,2,17325.2,0.0,34650.4,0.0,34650.4,Mobile App,UPI,Completed,2024
ORD21033,2025-01-23,CUST1118,58.0,Female,Mumbai,Smartwatch,Electronics,2,13027.7,0.05,26055.4,1302.77,24752.63,Website,Cash on Delivery,Completed,2025
ORD20157,2023-04-24,CUST1051,56.0,Female,Nagpur,Mouse,Accessories,3,1242.51,0.0,3727.53,0.0,3727.53,Website,Debit Card,Completed,2023
ORD20540,2024-01-29,CUST1001,65.0,Male,Kolkata,Backpack,Accessories,2,2050.28,0.0,4100.56,0.0,4100.56,Marketplace,Cash on Delivery,Completed,2024
ORD21291,2025-07-31,CUST1022,36.0,Female,Bengaluru,Shoes,Fashion,5,4759.45,0.0,23797.25,0.0,23797.25,Mobile App,Cash on Delivery,Completed,2025
ORD20462,2023-12-03,CUST1080,36.0,Male,Ahmedabad,Tablet,Electronics,3,25706.85,0.05,77120.55,3856.03,73264.52,Website,Net Banking,Completed,2023
ORD20577,2024-02-25,CUST1034,,Male,Kolkata,Laptop,Electronics,4,71461.54,0.05,285846.16,14292.31,271553.85,Website,Net Banking,Completed,2024
ORD20256,2023-07-06,CUST1152,19.0,Male,Hyderabad,Desk,Furniture,5,17719.88,0.05,88599.4,4429.97,84169.43,Mobile App,Debit Card,Completed,2023
ORD20980,2024-12-16,CUST1129,41.0,Male,Jaipur,Mouse,Accessories,5,1289.26,0.15,6446.3,966.94,5479.36,Website,Net Banking,Completed,2024
ORD21186,2025-05-15,CUST1010,32.0,Female,Nagpur,Mouse,Accessories,3,1207.45,0.15,3622.35,543.35,3079.0,Website,Net Banking,Completed,2025
ORD21007,2025-01-04,CUST1074,44.0,Male,Pune,Air Fryer,Home & Kitchen,1,8089.78,0.0,8089.78,0.0,8089.78,Website,Debit Card,Completed,2025
ORD20561,2024-02-14,CUST1011,41.0,Female,Jaipur,Coffee Maker,Home & Kitchen,5,6724.68,0.1,33623.4,3362.34,30261.06,Mobile App,Net Banking,Completed,2024
ORD20209,2023-06-01,CUST1272,58.0,Male,Delhi,Desk,Furniture,5,17964.71,0.1,89823.55,8982.36,80841.19,Website,Debit Card,Completed,2023
ORD20911,2024-10-26,CUST1079,39.0,Female,Kolkata,Mouse,Accessories,4,1215.52,0.05,4862.08,243.1,-4618.98,Website,Debit Card,Returned,2024
ORD21312,2025-08-15,CUST1006,25.0,Male,Ahmedabad,Coffee Maker,Home & Kitchen,5,6230.62,0.0,31153.1,0.0,31153.1,Website,UPI,Completed,2025
ORD20002,2023-01-01,CUST1283,61.0,Female,Nagpur,Desk,Furniture,3,16440.29,0.05,49320.87,2466.04,46854.83,Marketplace,Net Banking,Completed,2023
ORD20270,2023-07-16,CUST1061,62.0,Other,Nagpur,Backpack,Accessories,5,2020.6,0.0,10103.0,0.0,10103.0,Marketplace,Cash on Delivery,Completed,2023
ORD20266,2023-07-13,CUST1215,30.0,Female,Mumbai,Jacket,Fashion,1,3674.49,0.1,3674.49,367.45,3307.04,Website,Debit Card,Completed,2023
ORD20915,2024-10-29,CUST1250,19.0,Female,Nagpur,Shoes,Fashion,5,4859.7,0.05,24298.5,1214.92,23083.58,Marketplace,Net Banking,Completed,2024
ORD20231,2023-06-18,CUST1201,39.0,Female,Nagpur,Smartwatch,Electronics,3,11372.0,0.05,34116.0,1705.8,32410.2,Mobile App,Debit Card,Completed,2023
ORD21492,2025-12-25,CUST1180,40.0,Female,Kolkata,Smartphone,Electronics,5,42761.12,0.0,213805.6,0.0,213805.6,Mobile App,Debit Card,Completed,2025
ORD21120,2025-03-28,CUST1231,56.0,Male,Delhi,Shoes,Fashion,2,4264.54,0.15,8529.08,1279.36,7249.72,Website,UPI,Completed,2025
ORD21487,2025-12-21,CUST1112,55.0,Other,Hyderabad,Shoes,Fashion,1,4901.2,0.15,4901.2,735.18,4166.02,Website,Debit Card,Completed,2025
ORD20865,2024-09-23,CUST1182,29.0,Male,Jaipur,Desk,Furniture,4,18440.58,0.0,73762.32,0.0,73762.32,Marketplace,Net Banking,Completed,2024
ORD21067,2025-02-17,CUST1201,39.0,Female,Nagpur,Jacket,Fashion,4,3255.74,0.15,13022.96,1953.44,11069.52,Mobile App,UPI,Completed,2025
ORD20874,2024-09-29,CUST1212,28.0,Male,Mumbai,Tablet,Electronics,3,27020.55,0.05,81061.65,4053.08,77008.57,Website,Credit Card,Completed,2024
ORD21355,2025-09-16,CUST1231,56.0,Male,Delhi,Backpack,Accessories,2,2213.61,0.1,4427.22,442.72,3984.5,Website,Cash on Delivery,Completed,2025
ORD20399,2023-10-18,CUST1176,40.0,Male,Delhi,Mouse,Accessories,5,1183.48,0.0,5917.4,0.0,5917.4,Mobile App,Cash on Delivery,Completed,2023
ORD21381,2025-10-05,CUST1114,64.0,Female,Jaipur,Shoes,Fashion,5,4242.99,0.0,21214.95,0.0,21214.95,Website,Credit Card,Completed,2025
ORD20046,2023-02-02,CUST1121,41.0,Male,Nagpur,Shoes,Fashion,2,4182.41,0.0,8364.82,0.0,0.0,Website,Debit Card,Cancelled,2023
ORD20162,2023-04-28,CUST1062,64.0,Female,Mumbai,Keyboard,Accessories,1,2574.49,0.1,2574.49,257.45,2317.04,Marketplace,Debit Card,Completed,2023
ORD20992,2024-12-24,CUST1268,21.0,Male,Pune,Jacket,Fashion,3,3746.51,0.1,11239.53,1123.95,10115.58,Website,Credit Card,Completed,2024
ORD20728,2024-06-15,CUST1172,28.0,Female,Chennai,T-Shirt,Fashion,1,1203.4,0.1,1203.4,120.34,1083.06,Marketplace,UPI,Completed,2024
ORD20630,2024-04-04,CUST1113,37.0,Male,Chennai,Office Chair,Furniture,5,12625.45,0.0,63127.25,0.0,63127.25,Website,Debit Card,Completed,2024
ORD20289,2023-07-30,CUST1137,18.0,Male,Chennai,Coffee Maker,Home & Kitchen,1,6812.23,0.15,6812.23,1021.83,5790.4,Website,Debit Card,Completed,2023
ORD21060,2025-02-12,CUST1264,45.0,Female,Jaipur,Coffee Maker,Home & Kitchen,2,5943.46,0.15,11886.92,1783.04,10103.88,Mobile App,Debit Card,Completed,2025
ORD21476,2025-12-13,CUST1147,32.0,Female,Jaipur,Air Fryer,Home & Kitchen,4,7911.28,0.1,31645.12,3164.51,28480.61,Website,UPI,Completed,2025
ORD20576,2024-02-25,CUST1288,64.0,Female,Pune,Coffee Maker,Home & Kitchen,3,6530.89,0.15,19592.67,2938.9,16653.77,Website,Net Banking,Completed,2024
ORD20851,2024-09-12,CUST1298,24.0,Male,Ahmedabad,Tablet,Electronics,1,26189.54,0.0,26189.54,0.0,26189.54,Mobile App,UPI,Completed,2024
ORD21340,2025-09-05,CUST1087,57.0,Male,Delhi,Laptop,Electronics,3,61027.52,0.0,183082.56,0.0,183082.56,Website,Credit Card,Completed,2025
ORD20912,2024-10-27,CUST1250,19.0,Female,Nagpur,Keyboard,Accessories,1,2555.57,0.05,2555.57,127.78,2427.79,Marketplace,Cash on Delivery,Completed,2024
ORD21255,2025-07-05,CUST1278,26.0,Female,Jaipur,Laptop,Electronics,2,60202.3,0.0,120404.6,0.0,120404.6,Marketplace,Cash on Delivery,Completed,2025
ORD21395,2025-10-15,CUST1165,62.0,Male,Hyderabad,Office Chair,Furniture,5,11451.02,0.1,57255.1,5725.51,51529.59,Website,Credit Card,Completed,2025
ORD20933,2024-11-11,CUST1295,60.0,Male,Hyderabad,Smartwatch,Electronics,1,11876.36,0.0,11876.36,0.0,11876.36,Marketplace,Debit Card,Completed,2024
ORD21101,2025-03-14,CUST1147,32.0,Female,Jaipur,Jacket,Fashion,4,3433.48,0.05,13733.92,686.7,-13047.22,Marketplace,Debit Card,Returned,2025
ORD21208,2025-05-31,CUST1063,61.0,Male,Mumbai,Smartwatch,Electronics,1,12587.3,0.0,12587.3,0.0,12587.3,Marketplace,UPI,Completed,2025
ORD20248,2023-06-30,CUST1068,32.0,Male,Bengaluru,Coffee Maker,Home & Kitchen,2,6589.4,0.2,13178.8,2635.76,10543.04,Website,Cash on Delivery,Completed,2023
ORD20477,2023-12-14,CUST1233,58.0,Female,Ahmedabad,Backpack,Accessories,5,2390.99,0.0,11954.95,0.0,11954.95,Marketplace,Cash on Delivery,Completed,2023
ORD20086,2023-03-04,CUST1277,34.0,Male,Bengaluru,Backpack,Accessories,4,2342.25,0.0,9369.0,0.0,-9369.0,Marketplace,Debit Card,Returned,2023
ORD20470,2023-12-09,CUST1154,38.0,Male,Bengaluru,Laptop,Electronics,4,61659.9,0.1,246639.6,24663.96,221975.64,Mobile App,Net Banking,Completed,2023
ORD20226,2023-06-14,CUST1264,45.0,Female,Jaipur,Backpack,Accessories,1,2062.93,0.1,2062.93,206.29,1856.64,Marketplace,Credit Card,Completed,2023
ORD20775,2024-07-19,CUST1021,49.0,Male,Delhi,Headphones,Electronics,1,3587.33,0.0,3587.33,0.0,3587.33,Marketplace,Cash on Delivery,Completed,2024
ORD20332,2023-08-30,CUST1263,28.0,Male,Mumbai,Smartphone,Electronics,2,37003.74,0.15,74007.48,11101.12,62906.36,Mobile App,UPI,Completed,2023
ORD20234,2023-06-20,CUST1070,25.0,Male,Mumbai,Laptop,Electronics,4,59859.11,0.0,239436.44,0.0,239436.44,Mobile App,Cash on Delivery,Completed,2023
ORD20589,2024-03-05,CUST1147,32.0,Female,Jaipur,Laptop,Electronics,3,62822.78,0.0,188468.34,0.0,188468.34,Marketplace,Cash on Delivery,Completed,2024
ORD20476,2023-12-13,CUST1278,26.0,Female,Jaipur,Backpack,Accessories,1,2332.78,0.15,2332.78,349.92,1982.86,Marketplace,Cash on Delivery,Completed,2023
ORD21285,2025-07-26,CUST1101,50.0,Male,Pune,Laptop,Electronics,4,66017.18,0.05,264068.72,13203.44,250865.28,Marketplace,Net Banking,Completed,2025
ORD20600,2024-03-13,CUST1106,28.0,Female,Delhi,Desk,Furniture,3,18272.01,0.1,54816.03,5481.6,49334.43,Website,UPI,Completed,2024
ORD20422,2023-11-04,CUST1274,24.0,Female,Ahmedabad,T-Shirt,Fashion,3,1263.85,0.0,3791.55,0.0,3791.55,Website,Debit Card,Completed,2023
ORD20183,2023-05-13,CUST1227,57.0,Female,Mumbai,Backpack,Accessories,5,2127.81,0.05,10639.05,531.95,10107.1,Mobile App,Credit Card,Completed,2023
ORD20989,2024-12-22,CUST1148,31.0,,Ahmedabad,Air Fryer,Home & Kitchen,2,8819.02,0.15,17638.04,2645.71,14992.33,Marketplace,Cash on Delivery,Completed,2024
ORD21001,2024-12-31,CUST1274,24.0,Female,Ahmedabad,Smartwatch,Electronics,1,12366.31,0.1,12366.31,1236.63,11129.68,Mobile App,Debit Card,Completed,2024
ORD21357,2025-09-17,CUST1238,49.0,Male,Kolkata,Office Chair,Furniture,1,11931.44,0.1,11931.44,1193.14,10738.3,Mobile App,Debit Card,Completed,2025
ORD20050,2023-02-05,CUST1289,25.0,Female,Hyderabad,Smartwatch,Electronics,2,12002.98,0.15,24005.96,3600.89,20405.07,Website,Credit Card,Completed,2023
ORD21418,2025-11-01,CUST1211,57.0,Male,Jaipur,Keyboard,Accessories,4,2304.16,0.15,9216.64,1382.5,7834.14,Marketplace,Credit Card,Completed,2025
ORD21030,2025-01-21,CUST1203,51.0,Other,Delhi,Desk,Furniture,5,17682.1,0.15,88410.5,13261.58,75148.92,Website,Credit Card,Completed,2025
ORD20530,2024-01-22,CUST1212,28.0,Male,Mumbai,Smartwatch,Electronics,4,13134.07,0.2,52536.28,10507.26,42029.02,Website,Debit Card,Completed,2024
ORD21259,2025-07-07,CUST1045,56.0,Female,Delhi,Keyboard,Accessories,5,2566.34,0.15,12831.7,1924.76,10906.94,Marketplace,Credit Card,Completed,2025
ORD20487,2023-12-22,CUST1217,33.0,Female,Bengaluru,Shoes,Fashion,4,4331.79,0.05,17327.16,866.36,16460.8,Marketplace,Cash on Delivery,Completed,2023
ORD21474,2025-12-12,CUST1063,61.0,Male,Mumbai,Backpack,Accessories,3,2047.67,0.1,6143.01,614.3,5528.71,Marketplace,Credit Card,Completed,2025
ORD20498,2023-12-30,CUST1097,26.0,,Delhi,Tablet,Electronics,1,27126.68,0.1,27126.68,2712.67,24414.01,Marketplace,Debit Card,Completed,2023
ORD20107,2023-03-19,CUST1234,49.0,Female,Nagpur,Coffee Maker,Home & Kitchen,4,6732.85,0.0,26931.4,0.0,26931.4,Marketplace,Debit Card,Completed,2023
ORD20444,2023-11-20,CUST1257,24.0,Female,Nagpur,Jacket,Fashion,3,3824.68,0.05,11474.04,573.7,10900.34,Mobile App,Credit Card,Completed,2023
ORD20647,2024-04-16,CUST1037,23.0,Male,Kolkata,Coffee Maker,Home & Kitchen,3,6802.13,0.2,20406.39,4081.28,16325.11,Website,Credit Card,Completed,2024
ORD21037,2025-01-26,CUST1019,37.0,Female,Nagpur,Keyboard,Accessories,5,2601.71,0.05,13008.55,650.43,12358.12,Mobile App,Net Banking,Completed,2025
ORD20727,2024-06-14,CUST1021,49.0,Male,Delhi,Laptop,Electronics,1,71380.95,0.15,71380.95,10707.14,60673.81,Marketplace,Credit Card,Completed,2024
ORD20191,2023-05-19,CUST1023,29.0,Male,Mumbai,Office Chair,Furniture,2,11954.17,0.0,23908.34,0.0,23908.34,Mobile App,Net Banking,Completed,2023
ORD20283,2023-07-25,CUST1112,55.0,Other,Hyderabad,Backpack,Accessories,3,2064.34,0.05,6193.02,309.65,5883.37,Website,UPI,Completed,2023
ORD20030,2023-01-22,CUST1166,50.0,Male,Pune,Mouse,Accessories,5,1104.41,0.05,5522.05,276.1,5245.95,Marketplace,Debit Card,Completed,2023
ORD20170,2023-05-04,CUST1193,40.0,Female,Jaipur,Mouse,Accessories,2,1312.42,0.1,2624.84,262.48,2362.36,Website,UPI,Completed,2023
ORD21002,2025-01-01,CUST1187,18.0,Female,Hyderabad,Keyboard,Accessories,1,2653.26,0.05,2653.26,132.66,2520.6,Mobile App,Net Banking,Completed,2025
ORD21205,2025-05-29,CUST1085,34.0,Other,Chennai,Tablet,Electronics,3,26231.6,0.15,78694.8,11804.22,66890.58,Website,Net Banking,Completed,2025
ORD20101,2023-03-15,CUST1056,18.0,Female,Hyderabad,Shoes,Fashion,5,4704.27,0.1,23521.35,2352.13,21169.22,Mobile App,Credit Card,Completed,2023
ORD20198,2023-05-24,CUST1101,50.0,Male,Pune,Air Fryer,Home & Kitchen,4,8901.85,0.1,35607.4,3560.74,32046.66,Marketplace,UPI,Completed,2023
ORD20496,2023-12-28,CUST1013,34.0,Male,Ahmedabad,T-Shirt,Fashion,1,1144.59,0.0,1144.59,0.0,1144.59,Mobile App,Net Banking,Completed,2023
ORD20648,2024-04-17,CUST1187,18.0,Female,Hyderabad,Air Fryer,Home & Kitchen,3,8133.54,0.15,24400.62,3660.09,-20740.53,Marketplace,UPI,Returned,2024
ORD20988,2024-12-21,CUST1237,60.0,Female,Chennai,Office Chair,Furniture,1,11571.67,0.15,11571.67,1735.75,9835.92,Website,UPI,Completed,2024
ORD20045,2023-02-02,CUST1060,33.0,Female,Ahmedabad,Air Fryer,Home & Kitchen,1,8067.82,0.1,8067.82,806.78,7261.04,Marketplace,Credit Card,Completed,2023
ORD20711,2024-06-02,CUST1299,37.0,Male,Chennai,Smartwatch,Electronics,2,10926.95,0.15,21853.9,3278.08,18575.82,Website,Debit Card,Completed,2024
ORD20374,2023-09-30,CUST1221,32.0,Female,Pune,Jacket,Fashion,4,3394.61,0.1,13578.44,1357.84,12220.6,Mobile App,Net Banking,Completed,2023
ORD20679,2024-05-10,CUST1216,64.0,,Delhi,Keyboard,Accessories,1,2651.46,0.1,2651.46,265.15,2386.31,Website,Credit Card,Completed,2024
ORD20567,2024-02-18,CUST1172,28.0,Female,Chennai,Mouse,Accessories,2,1203.74,0.05,2407.48,120.37,2287.11,Marketplace,Cash on Delivery,Completed,2024
ORD20848,2024-09-10,CUST1163,57.0,Female,Jaipur,Mouse,Accessories,5,1275.22,0.0,6376.1,0.0,6376.1,Website,Net Banking,Completed,2024
ORD20461,2023-12-03,CUST1153,60.0,Male,Pune,Backpack,Accessories,3,2406.84,0.1,7220.52,722.05,6498.47,Mobile App,Cash on Delivery,Completed,2023
ORD21156,2025-04-23,CUST1184,34.0,Male,Mumbai,Shoes,Fashion,5,4897.31,0.2,24486.55,4897.31,19589.24,Mobile App,Debit Card,Completed,2025
ORD20040,2023-01-29,CUST1127,46.0,Female,Chennai,Shoes,Fashion,3,4554.42,0.1,13663.26,1366.33,12296.93,Marketplace,UPI,Completed,2023
ORD20435,2023-11-14,CUST1007,24.0,Female,Chennai,Backpack,Accessories,1,2039.48,0.1,2039.48,203.95,1835.53,Mobile App,Debit Card,Completed,2023
ORD20974,2024-12-11,CUST1298,24.0,Male,Ahmedabad,Keyboard,Accessories,4,2490.36,0.2,9961.44,1992.29,7969.15,Mobile App,UPI,Completed,2024
ORD21240,2025-06-24,CUST1214,62.0,Female,Mumbai,Tablet,Electronics,5,26577.66,0.0,132888.3,0.0,132888.3,Mobile App,Debit Card,Completed,2025
ORD21008,2025-01-05,CUST1247,25.0,Female,Mumbai,Office Chair,Furniture,3,12056.03,0.05,36168.09,1808.4,34359.69,Website,Debit Card,Completed,2025
ORD20457,2023-11-30,CUST1202,51.0,Female,Hyderabad,Headphones,Electronics,5,3262.08,0.05,16310.4,815.52,15494.88,Website,Debit Card,Completed,2023
ORD20261,2023-07-09,CUST1047,31.0,Male,Ahmedabad,Desk,Furniture,2,17341.58,0.0,34683.16,0.0,34683.16,Website,Credit Card,Completed,2023
ORD20036,2023-01-26,CUST1194,20.0,Female,Chennai,Desk,Furniture,5,19420.93,0.05,97104.65,4855.23,0.0,Website,Credit Card,Cancelled,2023
ORD20828,2024-08-27,CUST1215,30.0,Female,Mumbai,Keyboard,Accessories,4,2545.91,0.15,10183.64,1527.55,8656.09,Website,Cash on Delivery,Completed,2024
ORD20310,2023-08-14,CUST1101,50.0,Male,Pune,Air Fryer,Home & Kitchen,5,8048.46,0.0,40242.3,0.0,40242.3,Marketplace,Net Banking,Completed,2023
ORD20277,2023-07-21,CUST1291,25.0,Male,Jaipur,Office Chair,Furniture,2,13183.09,0.15,26366.18,3954.93,22411.25,Mobile App,UPI,Completed,2023
ORD20637,2024-04-09,CUST1187,18.0,Female,Hyderabad,Laptop,Electronics,4,68982.33,0.05,275929.32,13796.47,262132.85,Marketplace,Net Banking,Completed,2024
ORD20655,2024-04-22,CUST1253,56.0,Female,Kolkata,Smartphone,Electronics,3,40785.07,0.1,122355.21,12235.52,-110119.69,Website,Credit Card,Returned,2024
ORD20623,2024-03-30,CUST1222,20.0,Female,Jaipur,Coffee Maker,Home & Kitchen,4,7100.85,0.1,28403.4,2840.34,-25563.06,Marketplace,Cash on Delivery,Returned,2024
ORD20845,2024-09-08,CUST1084,30.0,Female,Ahmedabad,Tablet,Electronics,5,30572.19,0.0,152860.95,0.0,152860.95,Marketplace,Debit Card,Completed,2024
ORD20394,2023-10-15,CUST1261,43.0,Male,Jaipur,T-Shirt,Fashion,2,1260.99,0.15,2521.98,378.3,2143.68,Website,Debit Card,Completed,2023
ORD20108,2023-03-20,CUST1120,47.0,Female,Hyderabad,Coffee Maker,Home & Kitchen,3,7006.84,0.05,21020.52,1051.03,19969.49,Website,Cash on Delivery,Completed,2023
ORD20350,2023-09-12,CUST1233,58.0,Female,Ahmedabad,Air Fryer,Home & Kitchen,2,8643.19,0.05,17286.38,864.32,16422.06,Marketplace,Net Banking,Completed,2023
ORD20525,2024-01-18,CUST1012,37.0,Female,Mumbai,Laptop,Electronics,3,64726.31,0.0,194178.93,0.0,194178.93,Mobile App,Net Banking,Completed,2024
ORD20785,2024-07-26,CUST1160,36.0,Female,Pune,Backpack,Accessories,4,2275.55,0.1,9102.2,910.22,8191.98,Mobile App,Credit Card,Completed,2024
ORD20048,2023-02-04,CUST1066,64.0,Male,Mumbai,Jacket,Fashion,3,3409.62,0.1,10228.86,1022.89,9205.97,Marketplace,Net Banking,Completed,2023
ORD20204,2023-05-29,CUST1248,18.0,Male,Nagpur,Office Chair,Furniture,1,12698.48,0.0,12698.48,0.0,12698.48,Website,Cash on Delivery,Completed,2023
ORD20022,2023-01-16,CUST1195,25.0,Male,Nagpur,Office Chair,Furniture,1,12414.07,0.05,12414.07,620.7,11793.37,Mobile App,Net Banking,Completed,2023
ORD20403,2023-10-21,CUST1020,55.0,Female,Pune,T-Shirt,Fashion,2,1108.72,0.1,2217.44,221.74,1995.7,Marketplace,UPI,Completed,2023
ORD21108,2025-03-19,CUST1023,29.0,Male,Mumbai,Mouse,Accessories,3,1300.71,0.0,3902.13,0.0,3902.13,Mobile App,Debit Card,Completed,2025
ORD21155,2025-04-22,CUST1167,50.0,Male,Mumbai,Keyboard,Accessories,4,2414.23,0.0,9656.92,0.0,9656.92,Marketplace,Net Banking,Completed,2025
ORD21440,2025-11-17,CUST1276,37.0,,Nagpur,T-Shirt,Fashion,5,1307.18,0.0,6535.9,0.0,6535.9,Mobile App,Net Banking,Completed,2025
ORD20990,2024-12-23,CUST1004,26.0,Male,Jaipur,Headphones,Electronics,1,3707.5,0.05,3707.5,185.38,3522.12,Website,UPI,Completed,2024
ORD20742,2024-06-25,CUST1052,31.0,Female,Pune,Office Chair,Furniture,3,11315.52,0.15,33946.56,5091.98,28854.58,Marketplace,Debit Card,Completed,2024
ORD21311,2025-08-14,CUST1256,28.0,Female,Pune,Mouse,Accessories,3,1138.54,0.1,3415.62,341.56,3074.06,Mobile App,Cash on Delivery,Completed,2025
ORD21148,2025-04-17,CUST1081,23.0,Female,Mumbai,Keyboard,Accessories,3,2524.69,0.15,7574.07,1136.11,6437.96,Marketplace,Debit Card,Completed,2025
ORD20034,2023-01-25,CUST1183,21.0,Female,Ahmedabad,Desk,Furniture,1,18982.04,0.05,18982.04,949.1,18032.94,Website,Net Banking,Completed,2023
ORD20788,2024-07-28,CUST1093,26.0,Female,Ahmedabad,T-Shirt,Fashion,4,1099.51,0.15,4398.04,659.71,3738.33,Marketplace,Cash on Delivery,Completed,2024
ORD20924,2024-11-05,CUST1261,43.0,Male,Jaipur,Laptop,Electronics,4,59922.65,0.1,239690.6,23969.06,215721.54,Mobile App,Cash on Delivery,Completed,2024
ORD21044,2025-01-31,CUST1105,38.0,Female,Mumbai,Keyboard,Accessories,3,2456.88,0.05,7370.64,368.53,7002.11,Website,Net Banking,Completed,2025
ORD21459,2025-12-01,CUST1054,43.0,Female,Pune,Headphones,Electronics,4,3253.1,0.0,13012.4,0.0,13012.4,Website,Net Banking,Completed,2025
ORD21244,2025-06-26,CUST1208,35.0,Male,Mumbai,Shoes,Fashion,4,4159.65,0.2,16638.6,3327.72,13310.88,Website,Debit Card,Completed,2025
ORD20580,2024-02-27,CUST1188,39.0,Male,Jaipur,Desk,Furniture,4,18486.97,0.0,73947.88,0.0,73947.88,Mobile App,Debit Card,Completed,2024
ORD20482,2023-12-18,CUST1138,30.0,Female,Nagpur,Desk,Furniture,2,19694.71,0.0,39389.42,0.0,-39389.42,Website,Debit Card,Returned,2023
ORD20932,2024-11-11,CUST1276,37.0,Male,Nagpur,Headphones,Electronics,4,3419.63,0.15,13678.52,2051.78,11626.74,Website,UPI,Completed,2024
ORD20357,2023-09-18,CUST1236,26.0,Male,Ahmedabad,Backpack,Accessories,3,2273.3,0.0,6819.9,0.0,-6819.9,Mobile App,Net Banking,Returned,2023
ORD21249,2025-06-30,CUST1272,58.0,Male,Delhi,Laptop,Electronics,5,65843.78,0.1,329218.9,32921.89,296297.01,Website,Credit Card,Completed,2025
ORD20760,2024-07-08,CUST1293,56.0,Female,Hyderabad,Coffee Maker,Home & Kitchen,3,7007.35,0.05,21022.05,1051.1,19970.95,Marketplace,Net Banking,Completed,2024
ORD20093,2023-03-09,CUST1066,64.0,Male,Mumbai,Jacket,Fashion,3,3170.65,0.1,9511.95,951.2,8560.75,Website,Credit Card,Completed,2023
ORD21176,2025-05-08,CUST1270,23.0,Male,Hyderabad,Keyboard,Accessories,3,2713.89,0.15,8141.67,1221.25,6920.42,Mobile App,Net Banking,Completed,2025
ORD21416,2025-10-30,CUST1033,59.0,Male,Mumbai,T-Shirt,Fashion,1,1212.24,0.1,1212.24,121.22,1091.02,Website,Net Banking,Completed,2025
ORD21342,2025-09-06,CUST1117,28.0,Female,Hyderabad,Headphones,Electronics,3,3652.85,0.1,10958.55,1095.86,9862.69,Mobile App,Cash on Delivery,Completed,2025
ORD20804,2024-08-09,CUST1168,21.0,Female,Hyderabad,Shoes,Fashion,5,4266.87,0.05,21334.35,1066.72,20267.63,Website,Cash on Delivery,Completed,2024
ORD20746,2024-06-28,CUST1061,62.0,Other,Nagpur,Shoes,Fashion,4,4076.47,0.1,16305.88,1630.59,14675.29,Website,UPI,Completed,2024
ORD20280,2023-07-23,CUST1228,65.0,Male,Ahmedabad,Backpack,Accessories,2,2123.62,0.1,4247.24,424.72,3822.52,Marketplace,Net Banking,Completed,2023
ORD20765,2024-07-12,CUST1244,65.0,Female,Ahmedabad,Backpack,Accessories,4,1987.01,0.05,7948.04,397.4,7550.64,Website,UPI,Completed,2024
ORD20605,2024-03-17,CUST1042,39.0,Male,Jaipur,Shoes,Fashion,2,4326.95,0.15,8653.9,1298.08,7355.82,Mobile App,Credit Card,Completed,2024
ORD20548,2024-02-04,CUST1276,37.0,Male,Nagpur,Coffee Maker,Home & Kitchen,4,6820.26,0.05,27281.04,1364.05,25916.99,Website,Credit Card,Completed,2024
ORD21374,2025-09-29,CUST1079,39.0,Female,Kolkata,Keyboard,Accessories,4,2390.57,0.15,9562.28,1434.34,8127.94,Marketplace,UPI,Completed,2025
ORD21399,2025-10-18,CUST1026,33.0,Male,Mumbai,Laptop,Electronics,4,60724.68,0.05,242898.72,12144.94,230753.78,Mobile App,UPI,Completed,2025
ORD20401,2023-10-20,CUST1299,37.0,Male,Chennai,Smartwatch,Electronics,3,11554.92,0.0,34664.76,0.0,34664.76,Website,Net Banking,Completed,2023
ORD20258,2023-07-07,CUST1117,28.0,Female,Hyderabad,Tablet,Electronics,3,26285.37,0.05,78856.11,3942.81,74913.3,Marketplace,UPI,Completed,2023
ORD20945,2024-11-20,CUST1265,61.0,Other,Jaipur,Office Chair,Furniture,5,11108.64,0.05,55543.2,2777.16,52766.04,Marketplace,Net Banking,Completed,2024
ORD21097,2025-03-11,CUST1109,63.0,Female,Nagpur,Mouse,Accessories,4,1245.68,0.05,4982.72,249.14,4733.58,Marketplace,Credit Card,Completed,2025
ORD21220,2025-06-09,CUST1087,57.0,Male,Delhi,Keyboard,Accessories,1,2499.08,0.0,2499.08,0.0,2499.08,Mobile App,Credit Card,Completed,2025
ORD21162,2025-04-28,CUST1138,30.0,Female,Nagpur,Jacket,Fashion,1,3213.32,0.1,3213.32,321.33,2891.99,Mobile App,Credit Card,Completed,2025
ORD20495,2023-12-27,CUST1253,56.0,Female,Kolkata,Coffee Maker,Home & Kitchen,1,7098.0,0.05,7098.0,354.9,6743.1,Website,Cash on Delivery,Completed,2023
ORD20773,2024-07-17,CUST1299,37.0,Male,Chennai,T-Shirt,Fashion,1,1147.6,0.0,1147.6,0.0,1147.6,Mobile App,Cash on Delivery,Completed,2024
ORD20551,2024-02-06,CUST1129,41.0,Male,Jaipur,T-Shirt,Fashion,5,1132.85,0.15,5664.25,849.64,-4814.61,Marketplace,Credit Card,Returned,2024
ORD20202,2023-05-27,CUST1101,50.0,Male,Pune,Backpack,Accessories,3,2132.34,0.0,6397.02,0.0,6397.02,Website,Net Banking,Completed,2023
ORD20313,2023-08-16,CUST1165,62.0,Male,Hyderabad,Tablet,Electronics,4,28950.0,0.15,115800.0,17370.0,98430.0,Marketplace,Cash on Delivery,Completed,2023
ORD20291,2023-07-31,CUST1029,57.0,Female,Jaipur,Tablet,Electronics,3,30610.84,0.1,91832.52,9183.25,-82649.27,Website,Net Banking,Returned,2023
ORD21214,2025-06-05,CUST1054,43.0,Female,Pune,Jacket,Fashion,1,3678.8,0.1,3678.8,367.88,3310.92,Website,Net Banking,Completed,2025
ORD20764,2024-07-11,CUST1218,28.0,Male,Nagpur,Backpack,Accessories,4,2277.63,0.05,9110.52,455.53,-8654.99,Mobile App,Debit Card,Returned,2024
ORD21137,2025-04-09,CUST1132,60.0,Male,Kolkata,Headphones,Electronics,2,3526.77,0.05,7053.54,352.68,6700.86,Website,Credit Card,Completed,2025
ORD20950,2024-11-24,CUST1228,65.0,Male,Ahmedabad,Coffee Maker,Home & Kitchen,2,6663.73,0.15,13327.46,1999.12,11328.34,Mobile App,Cash on Delivery,Completed,2024
ORD20184,2023-05-14,CUST1266,41.0,Male,Hyderabad,Coffee Maker,Home & Kitchen,1,6256.02,0.0,6256.02,0.0,6256.02,Mobile App,Debit Card,Completed,2023
ORD21177,2025-05-09,CUST1014,41.0,Male,Bengaluru,Jacket,Fashion,1,3298.64,0.15,3298.64,494.8,-2803.84,Website,UPI,Returned,2025
ORD21350,2025-09-12,CUST1271,44.0,Male,Bengaluru,Mouse,Accessories,1,1223.39,0.0,1223.39,0.0,1223.39,Mobile App,Debit Card,Completed,2025
ORD21069,2025-02-19,CUST1001,65.0,Male,Kolkata,Keyboard,Accessories,4,2384.29,0.1,9537.16,953.72,8583.44,Website,Cash on Delivery,Completed,2025
ORD21469,2025-12-08,CUST1175,31.0,Male,Chennai,Keyboard,Accessories,5,2682.78,0.05,13413.9,670.7,0.0,Website,Net Banking,Cancelled,2025
ORD21031,2025-01-22,CUST1297,63.0,Other,Chennai,Keyboard,Accessories,2,2511.04,0.05,5022.08,251.1,0.0,Website,UPI,Cancelled,2025
ORD20251,2023-07-02,CUST1122,49.0,Other,Mumbai,Mouse,Accessories,3,1144.66,0.1,3433.98,343.4,3090.58,Mobile App,Cash on Delivery,Completed,2023
ORD20824,2024-08-24,CUST1261,43.0,Male,Jaipur,Jacket,Fashion,5,3560.57,0.0,17802.85,0.0,17802.85,Mobile App,Debit Card,Completed,2024
ORD21100,2025-03-13,CUST1221,32.0,Female,Pune,Air Fryer,Home & Kitchen,4,7820.12,0.15,31280.48,4692.07,26588.41,Marketplace,UPI,Completed,2025
ORD20941,2024-11-17,CUST1024,30.0,Male,Nagpur,Desk,Furniture,5,18926.75,0.05,94633.75,4731.69,89902.06,Marketplace,Cash on Delivery,Completed,2024
ORD20392,2023-10-13,CUST1058,51.0,Male,Bengaluru,Backpack,Accessories,5,2215.37,0.0,11076.85,0.0,11076.85,Mobile App,Net Banking,Completed,2023
ORD21457,2025-11-29,CUST1090,53.0,Male,Hyderabad,Laptop,Electronics,3,63472.95,0.15,190418.85,28562.83,161856.02,Website,Cash on Delivery,Completed,2025
ORD21093,2025-03-08,CUST1026,33.0,Male,Mumbai,Backpack,Accessories,4,2223.92,0.15,8895.68,1334.35,7561.33,Mobile App,UPI,Completed,2025
ORD21192,2025-05-20,CUST1037,23.0,,Kolkata,Desk,Furniture,4,17343.12,0.15,69372.48,10405.87,58966.61,Marketplace,Cash on Delivery,Completed,2025
ORD20905,2024-10-22,CUST1095,57.0,Male,Delhi,Headphones,Electronics,2,3720.27,0.1,7440.54,744.05,6696.49,Website,Debit Card,Completed,2024
ORD20731,2024-06-17,CUST1214,62.0,Female,Mumbai,Air Fryer,Home & Kitchen,3,8260.88,0.15,24782.64,3717.4,21065.24,Website,Credit Card,Completed,2024
ORD20555,2024-02-09,CUST1135,41.0,Female,Hyderabad,Smartphone,Electronics,1,36856.59,0.0,36856.59,0.0,36856.59,Website,Net Banking,Completed,2024
ORD20367,2023-09-25,CUST1187,18.0,Female,Hyderabad,Coffee Maker,Home & Kitchen,5,7134.59,0.05,35672.95,1783.65,33889.3,Marketplace,UPI,Completed,2023
ORD20346,2023-09-10,CUST1123,60.0,Female,Delhi,Mouse,Accessories,1,1268.44,0.05,1268.44,63.42,1205.02,Website,Debit Card,Completed,2023
ORD20536,2024-01-26,CUST1021,49.0,Male,Delhi,Headphones,Electronics,5,3797.87,0.2,18989.35,3797.87,15191.48,Marketplace,Credit Card,Completed,2024
ORD21423,2025-11-04,CUST1107,40.0,Other,Nagpur,Smartwatch,Electronics,1,12932.36,0.0,12932.36,0.0,12932.36,Website,UPI,Completed,2025
ORD21210,2025-06-02,CUST1279,44.0,Female,Nagpur,Smartphone,Electronics,5,41240.5,0.05,206202.5,10310.12,195892.38,Mobile App,Cash on Delivery,Completed,2025
ORD21373,2025-09-29,CUST1066,64.0,Male,Mumbai,Keyboard,Accessories,3,2439.27,0.0,7317.81,0.0,7317.81,Website,Net Banking,Completed,2025
ORD20920,2024-11-02,CUST1127,46.0,Female,Chennai,Smartwatch,Electronics,1,12630.21,0.15,12630.21,1894.53,10735.68,Mobile App,Debit Card,Completed,2024
ORD20212,2023-06-04,CUST1024,30.0,Male,Nagpur,T-Shirt,Fashion,2,1213.65,0.0,2427.3,0.0,2427.3,Marketplace,Net Banking,Completed,2023
ORD20503,2024-01-02,CUST1038,30.0,Male,Kolkata,Smartwatch,Electronics,2,12658.98,0.0,25317.96,0.0,25317.96,Mobile App,Net Banking,Completed,2024
ORD20538,2024-01-28,CUST1026,33.0,Male,Mumbai,Coffee Maker,Home & Kitchen,1,6744.52,0.05,6744.52,337.23,6407.29,Website,Cash on Delivery,Completed,2024
ORD21221,2025-06-10,CUST1274,24.0,Female,Ahmedabad,Air Fryer,Home & Kitchen,3,8920.6,0.1,26761.8,2676.18,24085.62,Mobile App,Net Banking,Completed,2025
ORD20176,2023-05-08,CUST1047,31.0,Male,Ahmedabad,Shoes,Fashion,4,4116.01,0.1,16464.04,1646.4,14817.64,Website,Debit Card,Completed,2023
