Order_ID,Order_Date,Customer_ID,Product,Category,Region,Salesperson,Sales_Channel,Quantity,Unit_Price,Discount_Percent,Gross_Sales,Discount_Amount,Sales,Cost,Profit,Payment_Method,Order_Status,Year,Month_Number,Month,Quarter
ORD10001,2023-01-01,CUST1097,Tablet,Electronics,South,Arjun,Retail Store,3,28983.22,0.1,86949.66,8694.97,78254.69,62603.75,15650.94,UPI,Completed,2023,1,January,Q1
ORD10002,2023-01-01,CUST1069,Laptop,Electronics,South,Pooja,Distributor,10,60420.65,0.05,604206.5,30210.32,573996.18,470676.87,103319.31,Net Banking,Completed,2023,1,January,Q1
ORD10003,2023-01-02,CUST1106,Printer,Office Equipment,West,Vikram,Online,3,15322.56,0.1,45967.68,4596.77,41370.91,34337.86,7033.05,Net Banking,Completed,2023,1,January,Q1
ORD10004,2023-01-03,CUST1077,Headphones,Accessories,North,Sneha,Distributor,2,3429.33,0.1,6858.66,685.87,6172.79,4629.59,1543.2,UPI,Completed,2023,1,January,Q1
ORD10005,2023-01-04,CUST1159,Tablet,Electronics,Central,Arjun,Retail Store,7,27158.93,0.05,190112.51,9505.63,180606.88,144485.5,36121.38,Cash,Completed,2023,1,January,Q1
ORD10006,2023-01-05,CUST1130,Laptop,Electronics,West,Rahul,Retail Store,7,64114.19,0.05,448799.33,22439.97,426359.36,349614.68,76744.68,Credit Card,Completed,2023,1,January,Q1
ORD10007,2023-01-06,CUST1052,Tablet,Electronics,Central,Neha,Retail Store,5,27914.4,0.15,139572.0,20935.8,118636.2,94908.96,23727.24,UPI,Completed,2023,1,January,Q1
ORD10008,2023-01-07,CUST1104,Office Chair,Furniture,South,Rahul,Online,2,12709.19,0.1,25418.38,2541.84,22876.54,17386.17,5490.37,Credit Card,Completed,2023,1,January,Q1
ORD10009,2023-01-08,CUST1039,Printer,Office Equipment,South,Neha,Distributor,7,14232.81,0.15,99629.67,14944.45,84685.22,70288.73,14396.49,Debit Card,Completed,2023,1,January,Q1
ORD10010,2023-01-09,CUST1105,Monitor,Electronics,West,Amit,Retail Store,5,16606.45,0.1,83032.25,8303.22,74729.03,58288.64,16440.39,Credit Card,Completed,2023,1,January,Q1
ORD10011,2023-01-10,CUST1094,Laptop,Electronics,Central,Priya,Online,4,63845.09,0.1,255380.36,25538.04,229842.32,188470.7,41371.62,Net Banking,Completed,2023,1,January,Q1
ORD10012,2023-01-11,CUST1109,Monitor,Electronics,Central,Vikram,Online,4,19426.63,0.1,77706.52,7770.65,69935.87,54549.98,15385.89,UPI,Completed,2023,1,January,Q1
ORD10013,2023-01-11,CUST1078,Desk,Furniture,North,Arjun,Distributor,9,17619.45,0.15,158575.05,23786.26,134788.79,106483.14,28305.65,Credit Card,Completed,2023,1,January,Q1
ORD10014,2023-01-12,CUST1124,Headphones,Accessories,South,Pooja,Retail Store,9,3328.18,0.05,29953.62,1497.68,28455.94,21341.96,7113.98,Net Banking,Completed,2023,1,January,Q1
ORD10015,2023-01-13,CUST1004,Smartphone,Electronics,South,Amit,Distributor,8,39475.15,0.15,315801.2,47370.18,268431.02,225482.06,42948.96,Credit Card,Completed,2023,1,January,Q1
ORD10016,2023-01-14,CUST1019,Tablet,Electronics,West,Arjun,Distributor,6,29815.93,0.2,178895.58,35779.12,143116.46,114493.17,28623.29,Credit Card,Completed,2023,1,January,Q1
ORD10017,2023-01-15,CUST1132,Smartphone,Electronics,East,Rahul,Retail Store,4,40112.76,0.1,160451.04,16045.1,144405.94,121300.99,23104.95,Cash,Completed,2023,1,January,Q1
ORD10018,2023-01-16,CUST1057,Desk,Furniture,Central,Vikram,Retail Store,4,16575.42,0.0,66301.68,0.0,66301.68,52378.33,13923.35,UPI,Completed,2023,1,January,Q1
ORD10019,2023-01-17,CUST1029,Office Chair,Furniture,East,Rahul,Online,10,11169.72,0.0,111697.2,0.0,111697.2,84889.87,26807.33,Cash,Completed,2023,1,January,Q1
ORD10020,2023-01-18,CUST1088,Laptop,Electronics,South,Priya,Distributor,4,62779.98,0.15,251119.92,37667.99,213451.93,175030.58,38421.35,Debit Card,Completed,2023,1,January,Q1
ORD10021,2023-01-19,CUST1008,Office Chair,Furniture,West,Priya,Distributor,6,11881.37,0.05,71288.22,3564.41,67723.81,51470.1,16253.71,Net Banking,Completed,2023,1,January,Q1
ORD10022,2023-01-20,CUST1150,Headphones,Accessories,South,Rahul,Online,6,3251.71,0.0,19510.26,0.0,19510.26,14632.7,4877.56,Net Banking,Completed,2023,1,January,Q1
ORD10023,2023-01-21,CUST1015,Monitor,Electronics,Central,Neha,Online,4,16930.46,0.2,67721.84,13544.37,54177.47,42258.43,11919.04,UPI,Completed,2023,1,January,Q1
ORD10024,2023-01-22,CUST1118,Office Chair,Furniture,Central,Neha,Online,2,11054.26,0.15,22108.52,3316.28,18792.24,14282.1,4510.14,Credit Card,Completed,2023,1,January,Q1
ORD10025,2023-01-22,CUST1002,Tablet,Electronics,North,Vikram,Retail Store,3,28413.91,0.15,85241.73,12786.26,72455.47,57964.38,14491.09,Credit Card,Completed,2023,1,January,Q1
ORD10026,2023-01-23,CUST1084,Laptop,Electronics,West,Neha,Retail Store,4,67801.73,0.2,271206.92,54241.38,216965.54,177911.74,39053.8,Credit Card,Completed,2023,1,January,Q1
ORD10027,2023-01-24,CUST1158,Smartphone,Electronics,South,Neha,Online,4,41844.4,0.05,167377.6,8368.88,159008.72,133567.32,25441.4,UPI,Completed,2023,1,January,Q1
ORD10028,2023-01-25,CUST1015,Monitor,Electronics,South,Amit,Online,1,17056.35,0.05,17056.35,852.82,16203.53,12638.75,3564.78,Debit Card,Completed,2023,1,January,Q1
ORD10029,2023-01-26,CUST1106,Headphones,Accessories,South,Neha,Distributor,6,3246.51,0.05,19479.06,973.95,18505.11,13878.83,4626.28,Cash,Completed,2023,1,January,Q1
ORD10030,2023-01-27,CUST1052,Headphones,Accessories,South,Sneha,Online,5,3389.09,0.0,16945.45,0.0,0.0,12709.09,0.0,UPI,Cancelled,2023,1,January,Q1
ORD10031,2023-01-28,CUST1015,Mouse,Accessories,East,Sneha,Distributor,2,1192.69,0.0,2385.38,0.0,-2385.38,1669.77,-715.61,UPI,Returned,2023,1,January,Q1
ORD10032,2023-01-29,CUST1080,Tablet,Electronics,North,Rahul,Distributor,8,27126.91,0.1,217015.28,21701.53,195313.75,156251.0,39062.75,Cash,Completed,2023,1,January,Q1
ORD10033,2023-01-30,CUST1028,Keyboard,Accessories,South,Amit,Distributor,7,2353.03,0.1,16471.21,1647.12,14824.09,10673.34,4150.75,Credit Card,Completed,2023,1,January,Q1
ORD10034,2023-01-31,CUST1149,Printer,Office Equipment,South,Arjun,Retail Store,6,15587.11,0.05,93522.66,4676.13,88846.53,73742.62,15103.91,Credit Card,Completed,2023,1,January,Q1
ORD10035,2023-02-01,CUST1029,Office Chair,Furniture,North,Amit,Online,1,11602.85,0.1,11602.85,1160.29,10442.56,7936.35,2506.21,UPI,Completed,2023,2,February,Q1
ORD10036,2023-02-01,CUST1097,Printer,Office Equipment,South,Priya,Online,10,16130.51,0.1,161305.1,16130.51,145174.59,120494.91,24679.68,Debit Card,Completed,2023,2,February,Q1
ORD10037,2023-02-02,CUST1146,Mouse,Accessories,West,Neha,Retail Store,4,1192.24,0.1,4768.96,476.9,4292.06,3004.44,1287.62,Cash,Completed,2023,2,February,Q1
ORD10038,2023-02-03,CUST1147,Headphones,Accessories,West,Pooja,Distributor,3,3522.09,0.05,10566.27,528.31,10037.96,7528.47,2509.49,Credit Card,Completed,2023,2,February,Q1
ORD10039,2023-02-04,CUST1141,Tablet,Electronics,East,Arjun,Retail Store,8,28305.1,0.1,226440.8,22644.08,203796.72,163037.38,40759.34,Net Banking,Completed,2023,2,February,Q1
ORD10040,2023-02-05,CUST1004,Printer,Office Equipment,West,Pooja,Online,9,16075.81,0.1,144682.29,14468.23,130214.06,108077.67,22136.39,UPI,Completed,2023,2,February,Q1
ORD10041,2023-02-06,CUST1112,Headphones,Accessories,Central,Sneha,Retail Store,9,3700.01,0.05,33300.09,1665.0,31635.09,23726.32,7908.77,Credit Card,Completed,2023,2,February,Q1
ORD10042,2023-02-07,CUST1112,Office Chair,Furniture,West,Sneha,Online,1,11713.46,0.15,11713.46,1757.02,9956.44,7566.89,2389.55,UPI,Completed,2023,2,February,Q1
ORD10043,2023-02-08,CUST1072,Monitor,Electronics,Central,Neha,Distributor,5,19175.07,0.2,95875.35,19175.07,76700.28,59826.22,16874.06,UPI,Completed,2023,2,February,Q1
ORD10044,2023-02-09,CUST1016,Keyboard,Accessories,West,Vikram,Retail Store,1,2608.52,0.05,2608.52,130.43,2478.09,1784.22,693.87,Credit Card,Completed,2023,2,February,Q1
ORD10045,2023-02-10,CUST1042,Printer,Office Equipment,Central,Neha,Distributor,3,14602.35,0.1,43807.05,4380.71,39426.34,32723.86,6702.48,Net Banking,Completed,2023,2,February,Q1
ORD10046,2023-02-11,CUST1149,Keyboard,Accessories,South,Neha,Retail Store,5,2411.21,0.0,12056.05,0.0,12056.05,8680.36,3375.69,UPI,Completed,2023,2,February,Q1
ORD10047,2023-02-12,CUST1122,Desk,Furniture,Central,Arjun,Online,6,18232.45,0.2,109394.7,21878.94,87515.76,69137.45,18378.31,Debit Card,Completed,2023,2,February,Q1
ORD10048,2023-02-12,CUST1076,Keyboard,Accessories,West,Rahul,Retail Store,6,2602.29,0.15,15613.74,2342.06,13271.68,9555.61,3716.07,Debit Card,Completed,2023,2,February,Q1
ORD10049,2023-02-13,CUST1048,Keyboard,Accessories,North,Rahul,Online,4,2488.28,0.0,9953.12,0.0,9953.12,7166.25,2786.87,UPI,Completed,2023,2,February,Q1
ORD10050,2023-02-14,CUST1007,Keyboard,Accessories,North,Amit,Online,10,2327.01,0.1,23270.1,2327.01,20943.09,15079.02,5864.07,Net Banking,Completed,2023,2,February,Q1
ORD10051,2023-02-15,CUST1022,Laptop,Electronics,Central,Neha,Distributor,2,69261.03,0.05,138522.06,6926.1,131595.96,107908.69,23687.27,Debit Card,Completed,2023,2,February,Q1
ORD10052,2023-02-16,CUST1170,Monitor,Electronics,South,Vikram,Distributor,6,18837.45,0.05,113024.7,5651.24,107373.46,83751.3,23622.16,Net Banking,Completed,2023,2,February,Q1
ORD10053,2023-02-17,CUST1154,Desk,Furniture,West,Amit,Retail Store,7,19223.73,0.05,134566.11,6728.31,127837.8,100991.86,26845.94,Cash,Completed,2023,2,February,Q1
ORD10054,2023-02-18,CUST1162,Headphones,Accessories,Central,Priya,Distributor,8,3585.15,0.1,28681.2,2868.12,25813.08,19359.81,6453.27,UPI,Completed,2023,2,February,Q1
ORD10055,2023-02-19,CUST1120,Desk,Furniture,North,Priya,Distributor,4,18991.02,0.05,75964.08,3798.2,72165.88,57011.05,15154.83,Cash,Completed,2023,2,February,Q1
ORD10056,2023-02-20,CUST1047,Mouse,Accessories,South,Pooja,Retail Store,6,1157.17,0.15,6943.02,1041.45,5901.57,4131.1,1770.47,Net Banking,Completed,2023,2,February,Q1
ORD10057,2023-02-21,CUST1008,Mouse,Accessories,South,Neha,Distributor,2,1151.07,0.2,2302.14,460.43,1841.71,1289.2,552.51,Debit Card,Completed,2023,2,February,Q1
ORD10058,2023-02-22,CUST1124,Headphones,Accessories,East,Sneha,Distributor,6,3524.0,0.05,21144.0,1057.2,20086.8,15065.1,5021.7,Credit Card,Completed,2023,2,February,Q1
ORD10059,2023-02-22,CUST1156,Printer,Office Equipment,South,Neha,Distributor,6,16162.74,0.0,96976.44,0.0,96976.44,80490.45,16485.99,Cash,Completed,2023,2,February,Q1
ORD10060,2023-02-23,CUST1175,Printer,Office Equipment,East,Neha,Distributor,2,15349.97,0.0,30699.94,0.0,30699.94,25480.95,5218.99,UPI,Completed,2023,2,February,Q1
ORD10061,2023-02-24,CUST1034,Smartphone,Electronics,North,Arjun,Online,1,41139.81,0.1,41139.81,4113.98,37025.83,31101.7,5924.13,Credit Card,Completed,2023,2,February,Q1
ORD10062,2023-02-25,CUST1044,Keyboard,Accessories,South,Priya,Retail Store,3,2503.73,0.0,7511.19,0.0,7511.19,5408.06,2103.13,Cash,Completed,2023,2,February,Q1
ORD10063,2023-02-26,CUST1064,Headphones,Accessories,West,Arjun,Retail Store,7,3636.98,0.05,25458.86,1272.94,24185.92,18139.44,6046.48,Credit Card,Completed,2023,2,February,Q1
ORD10064,2023-02-27,CUST1160,Desk,Furniture,East,Arjun,Online,4,17440.26,0.05,69761.04,3488.05,66272.99,52355.66,13917.33,Cash,Completed,2023,2,February,Q1
ORD10065,2023-02-28,CUST1152,Monitor,Electronics,North,Sneha,Online,10,18981.77,0.2,189817.7,37963.54,151854.16,118446.24,33407.92,Net Banking,Completed,2023,2,February,Q1
ORD10066,2023-03-01,CUST1025,Office Chair,Furniture,South,Vikram,Retail Store,6,11463.56,0.0,68781.36,0.0,68781.36,52273.83,16507.53,UPI,Completed,2023,3,March,Q1
ORD10067,2023-03-02,CUST1091,Smartphone,Electronics,North,Rahul,Retail Store,10,40742.44,0.2,407424.4,81484.88,325939.52,273789.2,52150.32,Credit Card,Completed,2023,3,March,Q1
ORD10068,2023-03-03,CUST1178,Office Chair,Furniture,West,Amit,Online,6,11515.23,0.1,69091.38,6909.14,62182.24,47258.5,14923.74,UPI,Completed,2023,3,March,Q1
ORD10069,2023-03-04,CUST1084,Laptop,Electronics,North,Arjun,Distributor,1,65483.38,0.0,65483.38,0.0,65483.38,53696.37,11787.01,Credit Card,Completed,2023,3,March,Q1
ORD10070,2023-03-05,CUST1125,Printer,Office Equipment,North,Amit,Distributor,10,14660.68,0.15,146606.8,21991.02,124615.78,103431.1,21184.68,Net Banking,Completed,2023,3,March,Q1
ORD10071,2023-03-05,CUST1055,Desk,Furniture,North,Rahul,Retail Store,2,18812.04,0.05,37624.08,1881.2,35742.88,28236.88,7506.0,Net Banking,Completed,2023,3,March,Q1
ORD10072,2023-03-06,CUST1167,Office Chair,Furniture,East,Vikram,Retail Store,5,11871.3,0.2,59356.5,11871.3,47485.2,36088.75,11396.45,Cash,Completed,2023,3,March,Q1
ORD10073,2023-03-07,CUST1069,Headphones,Accessories,West,Pooja,Online,5,3671.8,0.0,18359.0,0.0,18359.0,13769.25,4589.75,UPI,Completed,2023,3,March,Q1
ORD10074,2023-03-08,CUST1085,Monitor,Electronics,West,Vikram,Retail Store,4,17899.63,0.0,71598.52,0.0,71598.52,55846.85,15751.67,Debit Card,Completed,2023,3,March,Q1
ORD10075,2023-03-09,CUST1013,Keyboard,Accessories,Central,Priya,Retail Store,8,2493.32,0.1,19946.56,1994.66,17951.9,12925.37,5026.53,Net Banking,Completed,2023,3,March,Q1
ORD10076,2023-03-10,CUST1033,Laptop,Electronics,West,Arjun,Distributor,2,62118.64,0.05,124237.28,6211.86,118025.42,96780.84,21244.58,UPI,Completed,2023,3,March,Q1
ORD10077,2023-03-11,CUST1006,Tablet,Electronics,West,Rahul,Retail Store,5,26504.12,0.2,132520.6,26504.12,106016.48,84813.18,21203.3,Cash,Completed,2023,3,March,Q1
ORD10078,2023-03-12,CUST1153,Desk,Furniture,North,Rahul,Distributor,6,19096.15,0.2,114576.9,22915.38,91661.52,72412.6,19248.92,Debit Card,Completed,2023,3,March,Q1
ORD10079,2023-03-13,CUST1131,Laptop,Electronics,East,Pooja,Retail Store,8,65193.08,0.0,521544.64,0.0,521544.64,427666.6,93878.04,Credit Card,Completed,2023,3,March,Q1
ORD10080,2023-03-14,CUST1058,Monitor,Electronics,Central,Rahul,Online,4,17605.19,0.05,70420.76,3521.04,66899.72,52181.78,14717.94,UPI,Completed,2023,3,March,Q1
ORD10081,2023-03-15,CUST1125,Headphones,Accessories,North,Pooja,Online,5,3357.57,0.05,16787.85,839.39,15948.46,11961.34,3987.12,UPI,Completed,2023,3,March,Q1
ORD10082,2023-03-15,CUST1134,Smartphone,Electronics,Central,Neha,Distributor,7,37854.59,0.15,264982.13,39747.32,225234.81,189197.24,36037.57,Cash,Completed,2023,3,March,Q1
ORD10083,2023-03-16,CUST1113,Laptop,Electronics,West,Arjun,Online,5,62169.14,0.2,310845.7,62169.14,248676.56,203914.78,44761.78,Credit Card,Completed,2023,3,March,Q1
ORD10084,2023-03-17,CUST1081,Mouse,Accessories,North,Rahul,Retail Store,4,1250.81,0.1,5003.24,500.32,4502.92,3152.04,1350.88,Cash,Completed,2023,3,March,Q1
ORD10085,2023-03-18,CUST1036,Tablet,Electronics,East,Sneha,Distributor,5,26502.44,0.1,132512.2,13251.22,119260.98,95408.78,23852.2,Debit Card,Completed,2023,3,March,Q1
ORD10086,2023-03-19,CUST1129,Office Chair,Furniture,West,Sneha,Online,6,12851.74,0.05,77110.44,3855.52,73254.92,55673.74,17581.18,Cash,Completed,2023,3,March,Q1
ORD10087,2023-03-20,CUST1005,Mouse,Accessories,South,Vikram,Distributor,5,1252.63,0.05,6263.15,313.16,5949.99,4164.99,1785.0,UPI,Completed,2023,3,March,Q1
ORD10088,2023-03-21,CUST1041,Smartphone,Electronics,West,Neha,Distributor,2,40414.05,0.1,80828.1,8082.81,72745.29,61106.04,11639.25,Cash,Completed,2023,3,March,Q1
ORD10089,2023-03-22,CUST1029,Keyboard,Accessories,North,Rahul,Retail Store,4,2500.48,0.2,10001.92,2000.38,8001.54,5761.11,2240.43,Net Banking,Completed,2023,3,March,Q1
ORD10090,2023-03-23,CUST1040,Headphones,Accessories,North,Neha,Distributor,2,3520.7,0.05,7041.4,352.07,6689.33,5017.0,1672.33,Cash,Completed,2023,3,March,Q1
ORD10091,2023-03-24,CUST1165,Keyboard,Accessories,Central,Amit,Online,1,2434.34,0.05,2434.34,121.72,2312.62,1665.09,647.53,Debit Card,Completed,2023,3,March,Q1
ORD10092,2023-03-25,CUST1032,Desk,Furniture,West,Amit,Online,1,18727.23,0.1,18727.23,1872.72,16854.51,13315.06,3539.45,Debit Card,Completed,2023,3,March,Q1
ORD10093,2023-03-26,CUST1106,Smartphone,Electronics,South,Vikram,Retail Store,9,42969.79,0.15,386728.11,58009.22,328718.89,276123.87,52595.02,Cash,Completed,2023,3,March,Q1
ORD10094,2023-03-26,CUST1096,Monitor,Electronics,North,Rahul,Distributor,5,18733.01,0.2,93665.05,18733.01,74932.04,58446.99,16485.05,Net Banking,Completed,2023,3,March,Q1
ORD10095,2023-03-27,CUST1144,Office Chair,Furniture,Central,Pooja,Distributor,5,11257.94,0.15,56289.7,8443.46,47846.24,36363.14,11483.1,Debit Card,Completed,2023,3,March,Q1
ORD10096,2023-03-28,CUST1143,Headphones,Accessories,North,Priya,Online,5,3581.08,0.1,17905.4,1790.54,16114.86,12086.14,4028.72,Debit Card,Completed,2023,3,March,Q1
ORD10097,2023-03-29,CUST1049,Desk,Furniture,South,Neha,Online,2,17210.66,0.0,34421.32,0.0,34421.32,27192.84,7228.48,Cash,Completed,2023,3,March,Q1
ORD10098,2023-03-30,CUST1174,Smartphone,Electronics,West,Rahul,Online,8,40087.55,0.15,320700.4,48105.06,272595.34,228980.09,43615.25,Credit Card,Completed,2023,3,March,Q1
ORD10099,2023-03-31,CUST1178,Tablet,Electronics,West,Sneha,Retail Store,5,30065.66,0.0,150328.3,0.0,150328.3,120262.64,30065.66,UPI,Completed,2023,3,March,Q1
ORD10100,2023-04-01,CUST1084,Office Chair,Furniture,Central,Rahul,Online,6,12198.7,0.2,73192.2,14638.44,58553.76,44500.86,14052.9,Credit Card,Completed,2023,4,April,Q2
ORD10101,2023-04-02,CUST1089,Desk,Furniture,East,Sneha,Online,6,17279.74,0.0,103678.44,0.0,103678.44,81905.97,21772.47,Credit Card,Completed,2023,4,April,Q2
ORD10102,2023-04-03,CUST1093,Headphones,Accessories,West,Vikram,Retail Store,1,3438.38,0.2,3438.38,687.68,2750.7,2063.02,687.68,UPI,Completed,2023,4,April,Q2
ORD10103,2023-04-04,CUST1131,Monitor,Electronics,East,Rahul,Online,8,17816.28,0.15,142530.24,21379.54,121150.7,94497.55,26653.15,Credit Card,Completed,2023,4,April,Q2
ORD10104,2023-04-05,CUST1070,Laptop,Electronics,South,Vikram,Retail Store,10,60026.5,0.2,600265.0,120053.0,-480212.0,393773.84,-86438.16,Net Banking,Returned,2023,4,April,Q2
ORD10105,2023-04-05,CUST1051,Smartphone,Electronics,North,Priya,Distributor,4,43104.29,0.0,172417.16,0.0,172417.16,144830.41,27586.75,Debit Card,Completed,2023,4,April,Q2
ORD10106,2023-04-06,CUST1048,Desk,Furniture,Central,Amit,Online,9,18242.32,0.1,164180.88,16418.09,-147762.79,116732.6,-31030.19,UPI,Returned,2023,4,April,Q2
ORD10107,2023-04-07,CUST1138,Printer,Office Equipment,North,Vikram,Distributor,1,15685.34,0.15,15685.34,2352.8,13332.54,11066.01,2266.53,Cash,Completed,2023,4,April,Q2
ORD10108,2023-04-08,CUST1112,Headphones,Accessories,East,Rahul,Distributor,2,3707.94,0.1,7415.88,741.59,6674.29,5005.72,1668.57,Net Banking,Completed,2023,4,April,Q2
ORD10109,2023-04-09,CUST1110,Keyboard,Accessories,South,Arjun,Distributor,1,2656.02,0.1,2656.02,265.6,2390.42,1721.1,669.32,Credit Card,Completed,2023,4,April,Q2
ORD10110,2023-04-10,CUST1137,Monitor,Electronics,West,Sneha,Distributor,2,17444.89,0.05,34889.78,1744.49,33145.29,25853.33,7291.96,Credit Card,Completed,2023,4,April,Q2
ORD10111,2023-04-11,CUST1075,Desk,Furniture,East,Pooja,Distributor,10,18705.04,0.1,187050.4,18705.04,168345.36,132992.83,35352.53,Cash,Completed,2023,4,April,Q2
ORD10112,2023-04-12,CUST1031,Office Chair,Furniture,Central,Neha,Distributor,10,12749.17,0.1,127491.7,12749.17,114742.53,87204.32,27538.21,Net Banking,Completed,2023,4,April,Q2
ORD10113,2023-04-13,CUST1092,Mouse,Accessories,East,Rahul,Online,4,1155.48,0.0,4621.92,0.0,4621.92,3235.34,1386.58,Cash,Completed,2023,4,April,Q2
ORD10114,2023-04-14,CUST1086,Keyboard,Accessories,South,Neha,Online,10,2497.55,0.0,24975.5,0.0,24975.5,17982.36,6993.14,Debit Card,Completed,2023,4,April,Q2
ORD10115,2023-04-15,CUST1008,Keyboard,Accessories,North,Amit,Retail Store,6,2399.54,0.0,14397.24,0.0,14397.24,10366.01,4031.23,Debit Card,Completed,2023,4,April,Q2
ORD10116,2023-04-16,CUST1138,Laptop,Electronics,South,Priya,Distributor,10,60215.1,0.05,602151.0,30107.55,0.0,469075.63,0.0,UPI,Cancelled,2023,4,April,Q2
ORD10117,2023-04-16,CUST1130,Office Chair,Furniture,Central,Arjun,Online,5,12616.26,0.05,63081.3,3154.07,59927.23,45544.69,14382.54,Debit Card,Completed,2023,4,April,Q2
ORD10118,2023-04-17,CUST1101,Office Chair,Furniture,North,Amit,Distributor,10,12410.99,0.05,124109.9,6205.5,117904.4,89607.34,28297.06,Net Banking,Completed,2023,4,April,Q2
ORD10119,2023-04-18,CUST1122,Keyboard,Accessories,North,Amit,Retail Store,6,2606.04,0.0,15636.24,0.0,15636.24,11258.09,4378.15,Net Banking,Completed,2023,4,April,Q2
ORD10120,2023-04-19,CUST1125,Printer,Office Equipment,West,Rahul,Online,1,15329.66,0.05,15329.66,766.48,14563.18,12087.44,2475.74,Cash,Completed,2023,4,April,Q2
ORD10121,2023-04-20,CUST1027,Keyboard,Accessories,East,Vikram,Distributor,5,2498.99,0.05,12494.95,624.75,11870.2,8546.54,3323.66,Cash,Completed,2023,4,April,Q2
ORD10122,2023-04-21,CUST1152,Laptop,Electronics,Central,Pooja,Retail Store,10,65984.07,0.1,659840.7,65984.07,593856.63,486962.44,106894.19,Credit Card,Completed,2023,4,April,Q2
ORD10123,2023-04-22,CUST1146,Tablet,Electronics,West,Arjun,Distributor,2,27486.33,0.05,54972.66,2748.63,52224.03,41779.22,10444.81,UPI,Completed,2023,4,April,Q2
ORD10124,2023-04-23,CUST1180,Office Chair,Furniture,West,Vikram,Retail Store,1,12074.22,0.0,12074.22,0.0,12074.22,9176.41,2897.81,Credit Card,Completed,2023,4,April,Q2
ORD10125,2023-04-24,CUST1028,Mouse,Accessories,South,Priya,Online,7,1119.72,0.05,7838.04,391.9,7446.14,5212.3,2233.84,UPI,Completed,2023,4,April,Q2
ORD10126,2023-04-25,CUST1146,Printer,Office Equipment,East,Vikram,Distributor,2,15490.89,0.05,30981.78,1549.09,29432.69,24429.13,5003.56,Credit Card,Completed,2023,4,April,Q2
ORD10127,2023-04-26,CUST1151,Smartphone,Electronics,East,Priya,Online,3,38578.08,0.0,115734.24,0.0,115734.24,97216.76,18517.48,Net Banking,Completed,2023,4,April,Q2
ORD10128,2023-04-26,CUST1024,Smartphone,Electronics,North,Sneha,Online,4,39925.51,0.05,159702.04,7985.1,151716.94,127442.23,24274.71,Credit Card,Completed,2023,4,April,Q2
ORD10129,2023-04-27,CUST1155,Printer,Office Equipment,South,Sneha,Retail Store,10,13908.31,0.0,139083.1,0.0,139083.1,115438.97,23644.13,Debit Card,Completed,2023,4,April,Q2
ORD10130,2023-04-28,CUST1001,Monitor,Electronics,West,Rahul,Distributor,4,16997.11,0.1,67988.44,6798.84,61189.6,47727.89,13461.71,Debit Card,Completed,2023,4,April,Q2
ORD10131,2023-04-29,CUST1047,Monitor,Electronics,South,Vikram,Online,8,19052.19,0.1,152417.52,15241.75,137175.77,106997.1,30178.67,Debit Card,Completed,2023,4,April,Q2
ORD10132,2023-04-30,CUST1112,Office Chair,Furniture,South,Arjun,Retail Store,5,12798.9,0.05,63994.5,3199.73,60794.77,46204.03,14590.74,Debit Card,Completed,2023,4,April,Q2
ORD10133,2023-05-01,CUST1162,Office Chair,Furniture,South,Priya,Online,5,12552.61,0.1,62763.05,6276.3,56486.75,42929.93,13556.82,Debit Card,Completed,2023,5,May,Q2
ORD10134,2023-05-02,CUST1131,Desk,Furniture,South,Arjun,Online,7,18217.22,0.15,127520.54,19128.08,108392.46,85630.04,22762.42,Net Banking,Completed,2023,5,May,Q2
ORD10135,2023-05-03,CUST1050,Printer,Office Equipment,West,Vikram,Retail Store,4,15202.86,0.0,60811.44,0.0,60811.44,50473.5,10337.94,,Completed,2023,5,May,Q2
ORD10136,2023-05-04,CUST1058,Laptop,Electronics,North,Amit,Retail Store,10,67720.58,0.0,677205.8,0.0,677205.8,555308.76,121897.04,Credit Card,Completed,2023,5,May,Q2
ORD10137,2023-05-05,CUST1006,Monitor,Electronics,Central,Pooja,Distributor,7,18986.74,0.1,132907.18,13290.72,119616.46,93300.84,26315.62,Debit Card,Completed,2023,5,May,Q2
ORD10138,2023-05-06,CUST1044,Keyboard,Accessories,South,Priya,Online,7,2414.58,0.1,16902.06,1690.21,15211.85,10952.53,4259.32,Debit Card,Completed,2023,5,May,Q2
ORD10139,2023-05-07,CUST1174,Laptop,Electronics,South,Vikram,Retail Store,1,67777.52,0.15,67777.52,10166.63,57610.89,47240.93,10369.96,Net Banking,Completed,2023,5,May,Q2
ORD10140,2023-05-07,CUST1165,Tablet,Electronics,South,Vikram,Online,2,28375.8,0.0,56751.6,0.0,56751.6,45401.28,11350.32,Credit Card,Completed,2023,5,May,Q2
ORD10141,2023-05-08,CUST1131,Printer,Office Equipment,South,Arjun,Distributor,1,13823.0,0.0,13823.0,0.0,13823.0,11473.09,2349.91,Credit Card,Completed,2023,5,May,Q2
ORD10142,2023-05-09,CUST1045,Office Chair,Furniture,East,Pooja,Online,10,12732.71,0.15,127327.1,19099.06,108228.04,82253.31,25974.73,Cash,Completed,2023,5,May,Q2
ORD10143,2023-05-10,CUST1007,Office Chair,Furniture,East,Arjun,Online,8,12337.16,0.2,98697.28,19739.46,78957.82,60007.94,18949.88,UPI,Completed,2023,5,May,Q2
ORD10144,2023-05-11,CUST1021,Printer,Office Equipment,West,Priya,Retail Store,1,15143.33,0.05,15143.33,757.17,14386.16,11940.51,2445.65,Credit Card,Completed,2023,5,May,Q2
ORD10145,2023-05-12,CUST1168,Headphones,Accessories,North,Vikram,Distributor,4,3662.24,0.05,14648.96,732.45,13916.51,10437.38,3479.13,Net Banking,Completed,2023,5,May,Q2
ORD10146,2023-05-13,CUST1124,Mouse,Accessories,Central,Arjun,Distributor,3,1201.87,0.0,3605.61,0.0,3605.61,2523.93,1081.68,UPI,Completed,2023,5,May,Q2
ORD10147,2023-05-14,CUST1015,Keyboard,Accessories,South,Amit,Distributor,4,2537.89,0.05,10151.56,507.58,9643.98,6943.67,2700.31,Debit Card,Completed,2023,5,May,Q2
ORD10148,2023-05-15,CUST1065,Tablet,Electronics,North,Amit,Distributor,5,26182.96,0.05,130914.8,6545.74,124369.06,99495.25,24873.81,Net Banking,Completed,2023,5,May,Q2
ORD10149,2023-05-16,CUST1051,Smartphone,Electronics,South,Rahul,Retail Store,6,41391.78,0.0,248350.68,0.0,248350.68,208614.57,39736.11,Credit Card,Completed,2023,5,May,Q2
ORD10150,2023-05-17,CUST1107,Office Chair,Furniture,North,Sneha,Distributor,6,12938.28,0.0,77629.68,0.0,77629.68,58998.56,18631.12,Net Banking,Completed,2023,5,May,Q2
ORD10151,2023-05-17,CUST1022,Tablet,Electronics,East,Amit,Online,2,30155.55,0.05,60311.1,3015.56,57295.54,45836.43,11459.11,Cash,Completed,2023,5,May,Q2
ORD10152,2023-05-18,CUST1088,Tablet,Electronics,East,Priya,Distributor,7,29131.9,0.0,203923.3,0.0,203923.3,163138.64,40784.66,UPI,Completed,2023,5,May,Q2
ORD10153,2023-05-19,CUST1045,Mouse,Accessories,East,Vikram,Distributor,3,1214.16,0.1,3642.48,364.25,3278.23,2294.76,983.47,Net Banking,Completed,2023,5,May,Q2
ORD10154,2023-05-20,CUST1104,Smartphone,Electronics,Central,Neha,Distributor,9,42663.94,0.2,383975.46,76795.09,-307180.37,258031.51,-49148.86,Credit Card,Returned,2023,5,May,Q2
ORD10155,2023-05-21,CUST1142,Laptop,Electronics,South,Rahul,Online,8,63789.17,0.05,510313.36,25515.67,484797.69,397534.11,87263.58,Debit Card,Completed,2023,5,May,Q2
ORD10156,2023-05-22,CUST1017,Monitor,Electronics,Central,Rahul,Retail Store,10,16715.8,0.1,167158.0,16715.8,150442.2,117344.92,33097.28,Debit Card,Completed,2023,5,May,Q2
ORD10157,2023-05-23,CUST1070,Tablet,Electronics,East,Neha,Distributor,8,26859.62,0.0,214876.96,0.0,214876.96,171901.57,42975.39,Debit Card,Completed,2023,5,May,Q2
ORD10158,2023-05-24,CUST1158,Office Chair,Furniture,East,Priya,Distributor,7,12636.24,0.0,88453.68,0.0,88453.68,67224.8,21228.88,UPI,Completed,2023,5,May,Q2
ORD10159,2023-05-25,CUST1024,Tablet,Electronics,North,Arjun,Distributor,1,25810.19,0.1,25810.19,2581.02,23229.17,18583.34,4645.83,Debit Card,Completed,2023,5,May,Q2
ORD10160,2023-05-26,CUST1096,Keyboard,Accessories,South,Amit,Retail Store,4,2416.86,0.0,9667.44,0.0,9667.44,6960.56,2706.88,Debit Card,Completed,2023,5,May,Q2
ORD10161,2023-05-27,CUST1064,Mouse,Accessories,East,Neha,Distributor,3,1283.35,0.15,3850.05,577.51,3272.54,2290.78,981.76,Net Banking,Completed,2023,5,May,Q2
ORD10162,2023-05-28,CUST1079,Keyboard,Accessories,North,Priya,Distributor,8,2425.61,0.1,19404.88,1940.49,17464.39,12574.36,4890.03,Cash,Completed,2023,5,May,Q2
ORD10163,2023-05-28,CUST1048,Office Chair,Furniture,North,Vikram,Online,9,12870.44,0.15,115833.96,17375.09,98458.87,74828.74,23630.13,Net Banking,Completed,2023,5,May,Q2
ORD10164,2023-05-29,CUST1147,Smartphone,Electronics,North,Vikram,Distributor,8,40921.22,0.05,327369.76,16368.49,311001.27,261241.07,49760.2,UPI,Completed,2023,5,May,Q2
ORD10165,2023-05-30,CUST1023,Smartphone,Electronics,West,Arjun,Distributor,8,41706.76,0.1,333654.08,33365.41,300288.67,252242.48,48046.19,UPI,Completed,2023,5,May,Q2
ORD10166,2023-05-31,CUST1126,Monitor,Electronics,North,Amit,Online,9,16622.22,0.0,149599.98,0.0,149599.98,116687.98,32912.0,Debit Card,Completed,2023,5,May,Q2
ORD10167,2023-06-01,CUST1180,Tablet,Electronics,South,Pooja,Retail Store,3,30047.79,0.1,90143.37,9014.34,81129.03,64903.22,16225.81,Net Banking,Completed,2023,6,June,Q2
ORD10168,2023-06-02,CUST1054,Smartphone,Electronics,East,Amit,Online,9,39035.99,0.05,351323.91,17566.2,333757.71,280356.48,53401.23,Net Banking,Completed,2023,6,June,Q2
ORD10169,2023-06-03,CUST1039,Printer,Office Equipment,West,Arjun,Online,10,14857.94,0.1,148579.4,14857.94,133721.46,110988.81,22732.65,Debit Card,Completed,2023,6,June,Q2
ORD10170,2023-06-04,CUST1104,Printer,Office Equipment,Central,Sneha,Retail Store,2,13817.65,0.05,27635.3,1381.76,26253.54,21790.44,4463.1,Net Banking,Completed,2023,6,June,Q2
ORD10171,2023-06-05,CUST1101,Mouse,Accessories,South,Rahul,Online,5,1240.51,0.2,6202.55,1240.51,4962.04,3473.43,1488.61,Credit Card,Completed,2023,6,June,Q2
ORD10172,2023-06-06,CUST1114,Smartphone,Electronics,Central,Arjun,Retail Store,3,37733.67,0.2,113201.01,22640.2,90560.81,76071.08,14489.73,Net Banking,Completed,2023,6,June,Q2
ORD10173,2023-06-07,CUST1091,Mouse,Accessories,South,Arjun,Online,6,1256.88,0.05,7541.28,377.06,7164.22,5014.95,2149.27,Cash,Completed,2023,6,June,Q2
ORD10174,2023-06-07,CUST1168,Office Chair,Furniture,West,Amit,Retail Store,7,11423.04,0.15,79961.28,11994.19,67967.09,51654.99,16312.1,Debit Card,Completed,2023,6,June,Q2
ORD10175,2023-06-08,CUST1132,Office Chair,Furniture,South,Arjun,Distributor,9,12510.98,0.2,112598.82,22519.76,90079.06,68460.09,21618.97,Debit Card,Completed,2023,6,June,Q2
ORD10176,2023-06-09,CUST1092,Monitor,Electronics,Central,Vikram,Online,4,16917.87,0.0,67671.48,0.0,67671.48,52783.75,14887.73,Credit Card,Completed,2023,6,June,Q2
ORD10177,2023-06-10,CUST1074,Laptop,Electronics,North,Neha,Retail Store,2,67774.91,0.15,135549.82,20332.47,115217.35,94478.23,20739.12,Credit Card,Completed,2023,6,June,Q2
ORD10178,2023-06-11,CUST1035,Keyboard,Accessories,West,Sneha,Retail Store,2,2646.1,0.15,5292.2,793.83,4498.37,3238.83,1259.54,Debit Card,Completed,2023,6,June,Q2
ORD10179,2023-06-12,CUST1105,Printer,Office Equipment,South,Pooja,Online,4,15988.83,0.05,63955.32,3197.77,60757.55,50428.77,10328.78,Cash,Completed,2023,6,June,Q2
ORD10180,2023-06-13,CUST1093,Smartphone,Electronics,Central,Amit,Online,3,39938.36,0.05,119815.08,5990.75,113824.33,95612.44,18211.89,Credit Card,Completed,2023,6,June,Q2
ORD10181,2023-06-14,CUST1173,Keyboard,Accessories,East,Sneha,Online,9,2503.83,0.2,22534.47,4506.89,18027.58,12979.86,5047.72,Cash,Completed,2023,6,June,Q2
ORD10182,2023-06-15,CUST1004,Monitor,Electronics,South,Rahul,Retail Store,4,16683.77,0.0,66735.08,0.0,66735.08,52053.36,14681.72,UPI,Completed,2023,6,June,Q2
ORD10183,2023-06-16,CUST1124,Headphones,Accessories,North,Priya,Distributor,9,3691.48,0.15,33223.32,4983.5,28239.82,21179.86,7059.96,Credit Card,Completed,2023,6,June,Q2
ORD10184,2023-06-17,CUST1087,Keyboard,Accessories,South,Amit,Distributor,3,2360.87,0.0,7082.61,0.0,7082.61,5099.48,1983.13,Credit Card,Completed,2023,6,June,Q2
ORD10185,2023-06-18,CUST1028,Laptop,Electronics,West,Vikram,Online,5,63752.26,0.0,318761.3,0.0,318761.3,261384.27,57377.03,Cash,Completed,2023,6,June,Q2
ORD10186,2023-06-18,CUST1076,Laptop,Electronics,East,Pooja,Distributor,8,66709.68,0.05,533677.44,26683.87,506993.57,415734.73,91258.84,Credit Card,Completed,2023,6,June,Q2
ORD10187,2023-06-19,CUST1042,Headphones,Accessories,South,Priya,Distributor,2,3729.73,0.0,7459.46,0.0,7459.46,5594.6,1864.86,Credit Card,Completed,2023,6,June,Q2
ORD10188,2023-06-20,CUST1171,Laptop,Electronics,West,Neha,Distributor,1,61458.57,0.1,61458.57,6145.86,0.0,45356.42,0.0,Cash,Cancelled,2023,6,June,Q2
ORD10189,2023-06-21,CUST1009,Keyboard,Accessories,South,Neha,Retail Store,1,2638.08,0.15,2638.08,395.71,2242.37,1614.51,627.86,Debit Card,Completed,2023,6,June,Q2
ORD10190,2023-06-22,CUST1049,Office Chair,Furniture,Central,Priya,Online,5,12938.99,0.05,64694.95,3234.75,61460.2,46709.75,14750.45,UPI,Completed,2023,6,June,Q2
ORD10191,2023-06-23,CUST1098,Mouse,Accessories,West,Priya,Retail Store,1,1140.19,0.0,1140.19,0.0,1140.19,798.13,342.06,Credit Card,Completed,2023,6,June,Q2
ORD10192,2023-06-24,CUST1096,Smartphone,Electronics,East,Vikram,Online,5,37577.84,0.05,187889.2,9394.46,178494.74,149935.58,28559.16,Net Banking,Completed,2023,6,June,Q2
ORD10193,2023-06-25,CUST1148,Tablet,Electronics,Central,Rahul,Distributor,9,26530.64,0.0,238775.76,0.0,238775.76,191020.61,47755.15,Net Banking,Completed,2023,6,June,Q2
ORD10194,2023-06-26,CUST1091,Desk,Furniture,East,Arjun,Retail Store,9,19422.63,0.0,174803.67,0.0,174803.67,138094.9,36708.77,Cash,Completed,2023,6,June,Q2
ORD10195,2023-06-27,CUST1014,Laptop,Electronics,Central,Rahul,Distributor,4,67443.34,0.05,269773.36,13488.67,256284.69,210153.45,46131.24,UPI,Completed,2023,6,June,Q2
ORD10196,2023-06-28,CUST1145,Keyboard,Accessories,West,Rahul,Distributor,6,2377.93,0.1,14267.58,1426.76,12840.82,9245.39,3595.43,UPI,Completed,2023,6,June,Q2
ORD10197,2023-06-28,CUST1149,Keyboard,Accessories,West,Sneha,Retail Store,10,2580.68,0.1,25806.8,2580.68,23226.12,16722.81,6503.31,Net Banking,Completed,2023,6,June,Q2
ORD10198,2023-06-29,CUST1143,Headphones,Accessories,South,Neha,Online,9,3289.82,0.1,29608.38,2960.84,26647.54,19985.66,6661.88,Credit Card,Completed,2023,6,June,Q2
ORD10199,2023-06-30,CUST1006,Desk,Furniture,Central,Amit,Online,6,16916.98,0.05,101501.88,5075.09,96426.79,76177.16,20249.63,UPI,Completed,2023,6,June,Q2
ORD10200,2023-07-01,CUST1099,Keyboard,Accessories,Central,Priya,Online,7,2317.33,0.0,16221.31,0.0,16221.31,11679.34,4541.97,Credit Card,Completed,2023,7,July,Q3
ORD10201,2023-07-02,CUST1172,Keyboard,Accessories,North,Pooja,Retail Store,6,2645.01,0.15,15870.06,2380.51,13489.55,9712.48,3777.07,Debit Card,Completed,2023,7,July,Q3
ORD10202,2023-07-03,CUST1077,Headphones,Accessories,South,Vikram,Retail Store,8,3285.89,0.05,26287.12,1314.36,24972.76,18729.57,6243.19,Net Banking,Completed,2023,7,July,Q3
ORD10203,2023-07-04,CUST1148,Laptop,Electronics,South,Neha,Online,5,63004.39,0.2,315021.95,63004.39,252017.56,206654.4,45363.16,Cash,Completed,2023,7,July,Q3
ORD10204,2023-07-05,CUST1164,Monitor,Electronics,South,Rahul,Distributor,2,17722.12,0.1,35444.24,3544.42,31899.82,24881.86,7017.96,Credit Card,Completed,2023,7,July,Q3
ORD10205,2023-07-06,CUST1139,Keyboard,Accessories,Central,Priya,Retail Store,6,2509.08,0.1,15054.48,1505.45,13549.03,9755.3,3793.73,Cash,Completed,2023,7,July,Q3
ORD10206,2023-07-07,CUST1099,Keyboard,Accessories,East,Sneha,Distributor,2,2497.64,0.0,4995.28,0.0,4995.28,3596.6,1398.68,Debit Card,Completed,2023,7,July,Q3
ORD10207,2023-07-08,CUST1003,Headphones,Accessories,East,Vikram,Retail Store,2,3714.7,0.0,7429.4,0.0,7429.4,5572.05,1857.35,UPI,Completed,2023,7,July,Q3
ORD10208,2023-07-09,CUST1112,Printer,Office Equipment,West,Priya,Online,10,14921.77,0.0,149217.7,0.0,149217.7,123850.69,25367.01,UPI,Completed,2023,7,July,Q3
ORD10209,2023-07-09,CUST1104,Tablet,Electronics,Central,Vikram,Retail Store,1,26924.35,0.0,26924.35,0.0,26924.35,21539.48,5384.87,UPI,Completed,2023,7,July,Q3
ORD10210,2023-07-10,CUST1165,Smartphone,Electronics,South,Sneha,Online,1,40596.28,0.05,40596.28,2029.81,38566.47,32395.83,6170.64,Cash,Completed,2023,7,July,Q3
ORD10211,2023-07-11,CUST1134,Office Chair,Furniture,West,Arjun,Distributor,1,11328.13,0.15,11328.13,1699.22,9628.91,7317.97,2310.94,Debit Card,Completed,2023,7,July,Q3
ORD10212,2023-07-12,CUST1025,Laptop,Electronics,West,Vikram,Distributor,4,63160.31,0.1,252641.24,25264.12,0.0,186449.24,0.0,Debit Card,Cancelled,2023,7,July,Q3
ORD10213,2023-07-13,CUST1128,Keyboard,Accessories,South,Neha,Distributor,4,2307.47,0.2,9229.88,1845.98,7383.9,5316.41,2067.49,Cash,Completed,2023,7,July,Q3
ORD10214,2023-07-14,CUST1148,Keyboard,Accessories,East,Pooja,Retail Store,9,2630.08,0.1,23670.72,2367.07,21303.65,15338.63,5965.02,Cash,Completed,2023,7,July,Q3
ORD10215,2023-07-15,CUST1108,Printer,Office Equipment,West,Arjun,Distributor,4,15913.8,0.0,63655.2,0.0,63655.2,52833.82,10821.38,Cash,Completed,2023,7,July,Q3
ORD10216,2023-07-16,CUST1178,Tablet,Electronics,South,Pooja,Retail Store,7,28635.13,0.15,200445.91,30066.89,170379.02,136303.22,34075.8,Credit Card,Completed,2023,7,July,Q3
ORD10217,2023-07-17,CUST1074,Headphones,Accessories,Central,Arjun,Retail Store,7,3490.56,0.15,24433.92,3665.09,20768.83,15576.62,5192.21,Debit Card,Completed,2023,7,July,Q3
ORD10218,2023-07-18,CUST1025,Smartphone,Electronics,East,Priya,Distributor,6,38455.16,0.05,230730.96,11536.55,219194.41,184123.3,35071.11,Debit Card,Completed,2023,7,July,Q3
ORD10219,2023-07-19,CUST1022,Laptop,Electronics,Central,Pooja,Online,6,69276.0,0.1,415656.0,41565.6,374090.4,306754.13,67336.27,UPI,Completed,2023,7,July,Q3
ORD10220,2023-07-20,CUST1140,Tablet,Electronics,North,Rahul,Online,9,26660.05,0.1,239940.45,23994.04,215946.41,172757.13,43189.28,UPI,Completed,2023,7,July,Q3
ORD10221,2023-07-20,CUST1171,Headphones,Accessories,East,Neha,Online,7,3629.55,0.1,25406.85,2540.68,22866.17,17149.63,5716.54,UPI,Completed,2023,7,July,Q3
ORD10222,2023-07-21,CUST1110,Laptop,Electronics,West,Rahul,Retail Store,10,61499.86,0.1,614998.6,61499.86,553498.74,453868.97,99629.77,Debit Card,Completed,2023,7,July,Q3
ORD10223,2023-07-22,CUST1051,Keyboard,Accessories,West,Amit,Retail Store,9,2595.65,0.0,23360.85,0.0,23360.85,16819.81,6541.04,UPI,Completed,2023,7,July,Q3
ORD10224,2023-07-23,CUST1059,Tablet,Electronics,North,Sneha,Online,3,29302.96,0.15,87908.88,13186.33,0.0,59778.04,0.0,Credit Card,Cancelled,2023,7,July,Q3
ORD10225,2023-07-24,CUST1064,Headphones,Accessories,East,Amit,Distributor,7,3738.89,0.05,26172.23,1308.61,-24863.62,18647.72,-6215.9,Debit Card,Returned,2023,7,July,Q3
ORD10226,2023-07-25,CUST1083,Office Chair,Furniture,Central,Rahul,Distributor,5,11183.33,0.0,55916.65,0.0,55916.65,42496.65,13420.0,Net Banking,Completed,2023,7,July,Q3
ORD10227,2023-07-26,CUST1096,Mouse,Accessories,North,Pooja,Retail Store,7,1134.5,0.15,7941.5,1191.22,6750.28,4725.2,2025.08,Net Banking,Completed,2023,7,July,Q3
ORD10228,2023-07-27,CUST1041,Office Chair,Furniture,East,Arjun,Online,9,11219.38,0.0,100974.42,0.0,100974.42,76740.56,24233.86,Credit Card,Completed,2023,7,July,Q3
ORD10229,2023-07-28,CUST1022,Tablet,Electronics,North,Sneha,Distributor,7,28633.61,0.2,200435.27,40087.05,160348.22,128278.58,32069.64,Net Banking,Completed,2023,7,July,Q3
ORD10230,2023-07-29,CUST1038,Headphones,Accessories,West,Arjun,Online,2,3326.75,0.1,6653.5,665.35,5988.15,4491.11,1497.04,UPI,Completed,2023,7,July,Q3
ORD10231,2023-07-30,CUST1035,Mouse,Accessories,North,Priya,Distributor,1,1204.54,0.05,1204.54,60.23,1144.31,801.02,343.29,Net Banking,Completed,2023,7,July,Q3
ORD10232,2023-07-30,CUST1073,Printer,Office Equipment,East,Neha,Retail Store,1,15620.5,0.05,15620.5,781.03,14839.47,12316.76,2522.71,Debit Card,Completed,2023,7,July,Q3
ORD10233,2023-07-31,CUST1139,Headphones,Accessories,Central,Neha,Retail Store,4,3673.2,0.2,14692.8,2938.56,11754.24,8815.68,2938.56,Net Banking,Completed,2023,7,July,Q3
ORD10234,2023-08-01,CUST1035,Mouse,Accessories,North,Rahul,Distributor,5,1143.08,0.15,5715.4,857.31,-4858.09,3400.66,-1457.43,Net Banking,Returned,2023,8,August,Q3
ORD10235,2023-08-02,CUST1144,Mouse,Accessories,South,Pooja,Online,2,1107.75,0.2,2215.5,443.1,1772.4,1240.68,531.72,Cash,Completed,2023,8,August,Q3
ORD10236,2023-08-03,CUST1037,Monitor,Electronics,South,Sneha,Distributor,5,17517.39,0.1,87586.95,8758.7,78828.25,61486.04,17342.21,UPI,Completed,2023,8,August,Q3
ORD10237,2023-08-04,CUST1023,Laptop,Electronics,West,Pooja,Distributor,10,66966.22,0.2,669662.2,133932.44,535729.76,439298.4,96431.36,Cash,Completed,2023,8,August,Q3
ORD10238,2023-08-05,CUST1123,Printer,Office Equipment,Central,Priya,Online,8,16031.13,0.15,128249.04,19237.36,109011.68,90479.69,18531.99,Cash,Completed,2023,8,August,Q3
ORD10239,2023-08-06,CUST1016,Keyboard,Accessories,Central,Arjun,Retail Store,1,2472.46,0.0,2472.46,0.0,2472.46,1780.17,692.29,Cash,Completed,2023,8,August,Q3
ORD10240,2023-08-07,CUST1094,Desk,Furniture,West,Arjun,Online,3,16573.21,0.05,49719.63,2485.98,47233.65,37314.58,9919.07,UPI,Completed,2023,8,August,Q3
ORD10241,2023-08-08,CUST1172,Smartphone,Electronics,Central,Rahul,Distributor,3,38489.67,0.15,115469.01,17320.35,98148.66,82444.87,15703.79,Cash,Completed,2023,8,August,Q3
ORD10242,2023-08-09,CUST1029,Headphones,Accessories,North,Vikram,Online,7,3495.14,0.0,24465.98,0.0,24465.98,18349.48,6116.5,Cash,Completed,2023,8,August,Q3
ORD10243,2023-08-10,CUST1084,Monitor,Electronics,North,Pooja,Retail Store,6,18447.06,0.05,110682.36,5534.12,105148.24,82015.63,23132.61,Credit Card,Completed,2023,8,August,Q3
ORD10244,2023-08-10,CUST1018,Tablet,Electronics,North,Priya,Distributor,4,28146.69,0.2,112586.76,22517.35,90069.41,72055.53,18013.88,UPI,Completed,2023,8,August,Q3
ORD10245,2023-08-11,CUST1164,Laptop,Electronics,East,Arjun,Retail Store,1,60909.5,0.0,60909.5,0.0,60909.5,49945.79,10963.71,Credit Card,Completed,2023,8,August,Q3
ORD10246,2023-08-12,CUST1124,Headphones,Accessories,Central,Arjun,Retail Store,5,3699.84,0.05,18499.2,924.96,17574.24,13180.68,4393.56,UPI,Completed,2023,8,August,Q3
ORD10247,2023-08-13,CUST1160,Laptop,Electronics,North,Priya,Retail Store,8,66980.45,0.15,535843.6,80376.54,455467.06,373482.99,81984.07,Credit Card,Completed,2023,8,August,Q3
ORD10248,2023-08-14,CUST1135,Keyboard,Accessories,East,Vikram,Retail Store,2,2679.24,0.15,5358.48,803.77,4554.71,3279.39,1275.32,Debit Card,Completed,2023,8,August,Q3
ORD10249,2023-08-15,CUST1178,Smartphone,Electronics,North,Priya,Distributor,3,38103.85,0.1,114311.55,11431.16,102880.39,86419.53,16460.86,Cash,Completed,2023,8,August,Q3
ORD10250,2023-08-16,CUST1061,Laptop,Electronics,West,Amit,Retail Store,3,66633.29,0.2,199899.87,39979.97,159919.9,131134.32,28785.58,UPI,Completed,2023,8,August,Q3
ORD10251,2023-08-17,CUST1101,Office Chair,Furniture,North,Pooja,Distributor,2,11133.25,0.0,22266.5,0.0,22266.5,16922.54,5343.96,Cash,Completed,2023,8,August,Q3
ORD10252,2023-08-18,CUST1080,Laptop,Electronics,North,Amit,Online,5,62979.64,0.1,314898.2,31489.82,283408.38,232394.87,51013.51,UPI,Completed,2023,8,August,Q3
ORD10253,2023-08-19,CUST1077,Smartphone,Electronics,North,Priya,Retail Store,1,38416.92,0.0,38416.92,0.0,38416.92,32270.21,6146.71,Credit Card,Completed,2023,8,August,Q3
ORD10254,2023-08-20,CUST1036,Keyboard,Accessories,East,Arjun,Distributor,1,2573.34,0.1,2573.34,257.33,2316.01,1667.53,648.48,Cash,Completed,2023,8,August,Q3
ORD10255,2023-08-20,CUST1058,Printer,Office Equipment,East,Arjun,Online,9,14372.18,0.15,129349.62,19402.44,109947.18,91256.16,18691.02,Cash,Completed,2023,8,August,Q3
ORD10256,2023-08-21,CUST1065,Mouse,Accessories,East,Priya,Distributor,9,1243.97,0.1,11195.73,1119.57,10076.16,7053.31,3022.85,Debit Card,Completed,2023,8,August,Q3
ORD10257,2023-08-22,CUST1174,Office Chair,Furniture,Central,Sneha,Distributor,4,11930.34,0.05,47721.36,2386.07,45335.29,34454.82,10880.47,Debit Card,Completed,2023,8,August,Q3
ORD10258,2023-08-23,CUST1019,Smartphone,Electronics,Central,Amit,Distributor,7,42781.41,0.0,299469.87,0.0,299469.87,251554.69,47915.18,UPI,Completed,2023,8,August,Q3
ORD10259,2023-08-24,CUST1046,Monitor,Electronics,South,Amit,Distributor,8,18423.84,0.1,147390.72,14739.07,132651.65,103468.29,29183.36,Cash,Completed,2023,8,August,Q3
ORD10260,2023-08-25,CUST1032,Printer,Office Equipment,North,Neha,Distributor,3,14131.08,0.05,42393.24,2119.66,40273.58,33427.07,6846.51,UPI,Completed,2023,8,August,Q3
ORD10261,2023-08-26,CUST1074,Laptop,Electronics,West,Rahul,Distributor,6,61107.49,0.15,366644.94,54996.74,311648.2,255551.52,56096.68,UPI,Completed,2023,8,August,Q3
ORD10262,2023-08-27,CUST1019,Office Chair,Furniture,West,Sneha,Distributor,8,11391.95,0.05,91135.6,4556.78,86578.82,65799.9,20778.92,Cash,Completed,2023,8,August,Q3
ORD10263,2023-08-28,CUST1109,Desk,Furniture,East,Amit,Online,10,18526.3,0.0,185263.0,0.0,185263.0,146357.77,38905.23,Credit Card,Completed,2023,8,August,Q3
ORD10264,2023-08-29,CUST1171,Office Chair,Furniture,West,Pooja,Online,2,12749.01,0.05,25498.02,1274.9,24223.12,18409.57,5813.55,Cash,Completed,2023,8,August,Q3
ORD10265,2023-08-30,CUST1019,Mouse,Accessories,Central,Rahul,Distributor,6,1126.39,0.0,6758.34,0.0,6758.34,4730.84,2027.5,Net Banking,Completed,2023,8,August,Q3
ORD10266,2023-08-31,CUST1075,Laptop,Electronics,East,Arjun,Online,8,66409.04,0.1,531272.32,53127.23,478145.09,392078.97,86066.12,Cash,Completed,2023,8,August,Q3
ORD10267,2023-08-31,CUST1076,Smartphone,Electronics,Central,Sneha,Distributor,4,38988.08,0.1,155952.32,15595.23,140357.09,117899.96,22457.13,Credit Card,Completed,2023,8,August,Q3
ORD10268,2023-09-01,CUST1002,Mouse,Accessories,South,Amit,Online,6,1211.73,0.1,7270.38,727.04,-6543.34,4580.34,-1963.0,,Returned,2023,9,September,Q3
ORD10269,2023-09-02,CUST1002,Office Chair,Furniture,East,Sneha,Distributor,5,12411.97,0.2,62059.85,12411.97,49647.88,37732.39,11915.49,UPI,Completed,2023,9,September,Q3
ORD10270,2023-09-03,CUST1152,Printer,Office Equipment,South,Arjun,Online,2,14916.42,0.0,29832.84,0.0,29832.84,24761.26,5071.58,Debit Card,Completed,2023,9,September,Q3
ORD10271,2023-09-04,CUST1082,Mouse,Accessories,North,Arjun,Distributor,7,1243.18,0.1,8702.26,870.23,7832.03,5482.42,2349.61,Net Banking,Completed,2023,9,September,Q3
ORD10272,2023-09-05,CUST1132,Desk,Furniture,West,Arjun,Online,4,17382.03,0.05,69528.12,3476.41,66051.71,52180.85,13870.86,UPI,Completed,2023,9,September,Q3
ORD10273,2023-09-06,CUST1034,Office Chair,Furniture,Central,Sneha,Retail Store,6,11583.52,0.1,69501.12,6950.11,62551.01,47538.77,15012.24,Credit Card,Completed,2023,9,September,Q3
ORD10274,2023-09-07,CUST1028,Headphones,Accessories,Central,Sneha,Distributor,10,3527.69,0.05,35276.9,1763.85,33513.05,25134.79,8378.26,Credit Card,Completed,2023,9,September,Q3
ORD10275,2023-09-08,CUST1067,Mouse,Accessories,West,Neha,Online,6,1267.91,0.0,7607.46,0.0,-7607.46,5325.22,-2282.24,Cash,Returned,2023,9,September,Q3
ORD10276,2023-09-09,CUST1048,Printer,Office Equipment,East,Sneha,Distributor,5,15084.73,0.05,75423.65,3771.18,71652.47,59471.55,12180.92,Credit Card,Completed,2023,9,September,Q3
ORD10277,2023-09-10,CUST1066,Keyboard,Accessories,West,Neha,Retail Store,6,2516.53,0.2,15099.18,3019.84,12079.34,8697.12,3382.22,Credit Card,Completed,2023,9,September,Q3
ORD10278,2023-09-10,CUST1177,Keyboard,Accessories,West,Neha,Online,10,2544.89,0.05,25448.9,1272.45,24176.45,17407.04,6769.41,Debit Card,Completed,2023,9,September,Q3
ORD10279,2023-09-11,CUST1180,Desk,Furniture,East,Neha,Retail Store,9,16886.68,0.15,151980.12,22797.02,-129183.1,102054.65,-27128.45,Debit Card,Returned,2023,9,September,Q3
ORD10280,2023-09-12,CUST1057,Keyboard,Accessories,South,Amit,Distributor,2,2402.05,0.0,4804.1,0.0,4804.1,3458.95,1345.15,UPI,Completed,2023,9,September,Q3
ORD10281,2023-09-13,CUST1160,Desk,Furniture,West,Rahul,Retail Store,10,17870.3,0.1,178703.0,17870.3,160832.7,127057.83,33774.87,Net Banking,Completed,2023,9,September,Q3
ORD10282,2023-09-14,CUST1088,Monitor,Electronics,South,Rahul,Online,2,17698.76,0.1,35397.52,3539.75,31857.77,24849.06,7008.71,UPI,Completed,2023,9,September,Q3
ORD10283,2023-09-15,CUST1149,Headphones,Accessories,North,Amit,Retail Store,3,3699.27,0.0,11097.81,0.0,11097.81,8323.36,2774.45,Credit Card,Completed,2023,9,September,Q3
ORD10284,2023-09-16,CUST1040,Desk,Furniture,West,Neha,Online,5,17262.22,0.05,86311.1,4315.56,81995.54,64776.48,17219.06,Debit Card,Completed,2023,9,September,Q3
ORD10285,2023-09-17,CUST1034,Laptop,Electronics,East,Priya,Distributor,2,63961.22,0.0,127922.44,0.0,127922.44,104896.4,23026.04,Debit Card,Completed,2023,9,September,Q3
ORD10286,2023-09-18,CUST1101,Laptop,Electronics,North,Amit,Online,3,69891.24,0.0,209673.72,0.0,209673.72,171932.45,37741.27,Debit Card,Completed,2023,9,September,Q3
ORD10287,2023-09-19,CUST1116,Desk,Furniture,East,Amit,Online,7,19375.54,0.0,135628.78,0.0,135628.78,107146.74,28482.04,Net Banking,Completed,2023,9,September,Q3
ORD10288,2023-09-20,CUST1179,Headphones,Accessories,South,Arjun,Online,8,3289.66,0.05,26317.28,1315.86,25001.42,18751.06,6250.36,Net Banking,Completed,2023,9,September,Q3
ORD10289,2023-09-21,CUST1022,Laptop,Electronics,Central,Amit,Retail Store,6,67743.96,0.0,406463.76,0.0,406463.76,333300.28,73163.48,UPI,Completed,2023,9,September,Q3
ORD10290,2023-09-21,CUST1168,Office Chair,Furniture,East,Vikram,Distributor,7,12854.85,0.0,89983.95,0.0,89983.95,68387.8,21596.15,Debit Card,Completed,2023,9,September,Q3
ORD10291,2023-09-22,CUST1114,Smartphone,Electronics,East,Arjun,Retail Store,1,37855.05,0.1,37855.05,3785.51,34069.54,28618.41,5451.13,Credit Card,Completed,2023,9,September,Q3
ORD10292,2023-09-23,CUST1123,Headphones,Accessories,West,Priya,Online,1,3454.13,0.05,3454.13,172.71,3281.42,2461.06,820.36,Debit Card,Completed,2023,9,September,Q3
ORD10293,2023-09-24,CUST1006,Headphones,Accessories,North,Amit,Distributor,3,3267.28,0.15,9801.84,1470.28,8331.56,6248.67,2082.89,Credit Card,Completed,2023,9,September,Q3
ORD10294,2023-09-25,CUST1052,Office Chair,Furniture,East,Rahul,Retail Store,9,11124.17,0.1,100117.53,10011.75,90105.78,68480.39,21625.39,Debit Card,Completed,2023,9,September,Q3
ORD10295,2023-09-26,CUST1139,Laptop,Electronics,Central,Priya,Retail Store,5,65302.54,0.05,326512.7,16325.64,310187.06,254353.39,55833.67,UPI,Completed,2023,9,September,Q3
ORD10296,2023-09-27,CUST1065,Smartphone,Electronics,North,Priya,Distributor,7,42072.82,0.0,294509.74,0.0,294509.74,247388.18,47121.56,Net Banking,Completed,2023,9,September,Q3
ORD10297,2023-09-28,CUST1084,Office Chair,Furniture,South,Rahul,Online,6,12896.27,0.05,77377.62,3868.88,73508.74,55866.64,17642.1,Debit Card,Completed,2023,9,September,Q3
ORD10298,2023-09-29,CUST1073,Laptop,Electronics,East,Arjun,Distributor,10,62343.7,0.2,623437.0,124687.4,498749.6,408974.67,89774.93,Cash,Completed,2023,9,September,Q3
ORD10299,2023-09-30,CUST1036,Headphones,Accessories,East,Sneha,Retail Store,4,3424.91,0.2,13699.64,2739.93,10959.71,8219.78,2739.93,Net Banking,Completed,2023,9,September,Q3
ORD10300,2023-10-01,CUST1039,Tablet,Electronics,West,Arjun,Online,3,29972.86,0.1,89918.58,8991.86,80926.72,64741.38,16185.34,Net Banking,Completed,2023,10,October,Q4
ORD10301,2023-10-01,CUST1113,Printer,Office Equipment,Central,Neha,Retail Store,8,14249.62,0.1,113996.96,11399.7,102597.26,85155.73,17441.53,Net Banking,Completed,2023,10,October,Q4
ORD10302,2023-10-02,CUST1123,Keyboard,Accessories,West,Vikram,Retail Store,4,2564.53,0.05,10258.12,512.91,9745.21,7016.55,2728.66,Debit Card,Completed,2023,10,October,Q4
ORD10303,2023-10-03,CUST1121,Headphones,Accessories,North,Amit,Online,9,3245.97,0.1,29213.73,2921.37,26292.36,19719.27,6573.09,UPI,Completed,2023,10,October,Q4
ORD10304,2023-10-04,CUST1120,Office Chair,Furniture,North,Amit,Distributor,1,12150.07,0.1,12150.07,1215.01,10935.06,8310.65,2624.41,Cash,Completed,2023,10,October,Q4
ORD10305,2023-10-05,CUST1043,Office Chair,Furniture,West,Arjun,Online,10,12729.96,0.15,127299.6,19094.94,108204.66,82235.54,25969.12,Debit Card,Completed,2023,10,October,Q4
ORD10306,2023-10-06,CUST1052,Mouse,Accessories,Central,Rahul,Online,3,1105.09,0.1,3315.27,331.53,2983.74,2088.62,895.12,UPI,Completed,2023,10,October,Q4
ORD10307,2023-10-07,CUST1169,Tablet,Electronics,South,Arjun,Retail Store,3,29356.67,0.0,88070.01,0.0,88070.01,70456.01,17614.0,Debit Card,Completed,2023,10,October,Q4
ORD10308,2023-10-08,CUST1156,Mouse,Accessories,North,Neha,Online,8,1291.87,0.1,10334.96,1033.5,9301.46,6511.02,2790.44,Cash,Completed,2023,10,October,Q4
ORD10309,2023-10-09,CUST1088,Desk,Furniture,North,Arjun,Retail Store,7,18529.26,0.05,129704.82,6485.24,123219.58,97343.47,25876.11,UPI,Completed,2023,10,October,Q4
ORD10310,2023-10-10,CUST1067,Desk,Furniture,South,Amit,Retail Store,8,18384.22,0.15,147073.76,22061.06,125012.7,98760.03,26252.67,Cash,Completed,2023,10,October,Q4
ORD10311,2023-10-11,CUST1047,Tablet,Electronics,North,Pooja,Online,2,29339.1,0.15,58678.2,8801.73,49876.47,39901.18,9975.29,UPI,Completed,2023,10,October,Q4
ORD10312,2023-10-12,CUST1128,Tablet,Electronics,South,Pooja,Retail Store,9,26752.07,0.05,240768.63,12038.43,228730.2,182984.16,45746.04,Debit Card,Completed,2023,10,October,Q4
ORD10313,2023-10-12,CUST1042,Mouse,Accessories,West,Amit,Retail Store,4,1177.09,0.05,4708.36,235.42,4472.94,3131.06,1341.88,Credit Card,Completed,2023,10,October,Q4
ORD10314,2023-10-13,CUST1094,Smartphone,Electronics,Central,Amit,Online,8,42517.29,0.05,340138.32,17006.92,323131.4,271430.38,51701.02,Credit Card,Completed,2023,10,October,Q4
ORD10315,2023-10-14,CUST1006,Laptop,Electronics,Central,Priya,Retail Store,3,60586.25,0.1,181758.75,18175.88,163582.87,134137.95,29444.92,UPI,Completed,2023,10,October,Q4
ORD10316,2023-10-15,CUST1073,Monitor,Electronics,West,Neha,Distributor,6,18568.57,0.1,111411.42,11141.14,100270.28,78210.82,22059.46,Net Banking,Completed,2023,10,October,Q4
ORD10317,2023-10-16,CUST1019,Printer,Office Equipment,West,Arjun,Distributor,8,14316.68,0.0,114533.44,0.0,114533.44,95062.76,19470.68,UPI,Completed,2023,10,October,Q4
ORD10318,2023-10-17,CUST1078,Tablet,Electronics,West,Arjun,Retail Store,1,25760.3,0.15,25760.3,3864.04,21896.26,17517.01,4379.25,Cash,Completed,2023,10,October,Q4
ORD10319,2023-10-18,CUST1051,Mouse,Accessories,South,Pooja,Retail Store,5,1269.96,0.05,6349.8,317.49,6032.31,4222.62,1809.69,UPI,Completed,2023,10,October,Q4
ORD10320,2023-10-19,CUST1021,Mouse,Accessories,West,Priya,Distributor,5,1234.38,0.05,6171.9,308.6,5863.3,4104.31,1758.99,Credit Card,Completed,2023,10,October,Q4
ORD10321,2023-10-20,CUST1169,Office Chair,Furniture,South,Arjun,Online,2,11390.41,0.15,22780.82,3417.12,19363.7,14716.41,4647.29,Net Banking,Completed,2023,10,October,Q4
ORD10322,2023-10-21,CUST1125,Keyboard,Accessories,East,Arjun,Retail Store,7,2588.12,0.1,18116.84,1811.68,16305.16,11739.72,4565.44,Credit Card,Completed,2023,10,October,Q4
ORD10323,2023-10-22,CUST1095,Smartphone,Electronics,South,Priya,Online,10,41152.56,0.15,411525.6,61728.84,349796.76,293829.28,55967.48,,Completed,2023,10,October,Q4
ORD10324,2023-10-22,CUST1140,Smartphone,Electronics,North,Arjun,Retail Store,1,40213.97,0.05,40213.97,2010.7,38203.27,32090.75,6112.52,UPI,Completed,2023,10,October,Q4
ORD10325,2023-10-23,CUST1175,Tablet,Electronics,South,Amit,Distributor,9,28954.14,0.15,260587.26,39088.09,221499.17,177199.34,44299.83,Net Banking,Completed,2023,10,October,Q4
ORD10326,2023-10-24,CUST1168,Mouse,Accessories,South,Sneha,Distributor,1,1108.33,0.15,1108.33,166.25,942.08,659.46,282.62,Debit Card,Completed,2023,10,October,Q4
ORD10327,2023-10-25,CUST1063,Laptop,Electronics,South,Neha,Distributor,5,65744.15,0.1,328720.75,32872.08,295848.67,242595.91,53252.76,UPI,Completed,2023,10,October,Q4
ORD10328,2023-10-26,CUST1150,Smartphone,Electronics,South,Priya,Retail Store,8,42002.58,0.1,336020.64,33602.06,302418.58,254031.61,48386.97,Cash,Completed,2023,10,October,Q4
ORD10329,2023-10-27,CUST1154,Mouse,Accessories,East,Rahul,Online,5,1188.65,0.15,5943.25,891.49,5051.76,3536.23,1515.53,Cash,Completed,2023,10,October,Q4
ORD10330,2023-10-28,CUST1115,Printer,Office Equipment,Central,Rahul,Distributor,8,15557.73,0.1,124461.84,12446.18,112015.66,92973.0,19042.66,Net Banking,Completed,2023,10,October,Q4
ORD10331,2023-10-29,CUST1082,Tablet,Electronics,East,Priya,Retail Store,7,27993.95,0.05,195957.65,9797.88,186159.77,148927.82,37231.95,UPI,Completed,2023,10,October,Q4
ORD10332,2023-10-30,CUST1169,Smartphone,Electronics,West,Neha,Online,9,39864.45,0.0,358780.05,0.0,358780.05,301375.24,57404.81,Net Banking,Completed,2023,10,October,Q4
ORD10333,2023-10-31,CUST1053,Desk,Furniture,East,Rahul,Distributor,3,18777.14,0.0,56331.42,0.0,56331.42,44501.82,11829.6,Cash,Completed,2023,10,October,Q4
ORD10334,2023-11-01,CUST1143,Monitor,Electronics,West,Rahul,Retail Store,8,17965.77,0.0,143726.16,0.0,143726.16,112106.4,31619.76,UPI,Completed,2023,11,November,Q4
ORD10335,2023-11-02,CUST1132,Monitor,Electronics,East,Rahul,Online,10,19207.51,0.0,192075.1,0.0,-192075.1,149818.58,-42256.52,Credit Card,Returned,2023,11,November,Q4
ORD10336,2023-11-02,CUST1056,Printer,Office Equipment,West,Arjun,Distributor,10,13915.44,0.1,139154.4,13915.44,125238.96,103948.34,21290.62,Debit Card,Completed,2023,11,November,Q4
ORD10337,2023-11-03,CUST1174,Tablet,Electronics,North,Priya,Retail Store,7,25782.13,0.15,180474.91,27071.24,153403.67,122722.94,30680.73,,Completed,2023,11,November,Q4
ORD10338,2023-11-04,CUST1015,Monitor,Electronics,North,Pooja,Retail Store,3,19293.53,0.0,57880.59,0.0,57880.59,45146.86,12733.73,Cash,Completed,2023,11,November,Q4
ORD10339,2023-11-05,CUST1129,Headphones,Accessories,North,Amit,Distributor,2,3322.44,0.2,6644.88,1328.98,5315.9,3986.92,1328.98,UPI,Completed,2023,11,November,Q4
ORD10340,2023-11-06,CUST1058,Office Chair,Furniture,East,Amit,Online,5,11062.48,0.1,55312.4,5531.24,49781.16,37833.68,11947.48,Debit Card,Completed,2023,11,November,Q4
ORD10341,2023-11-07,CUST1076,Printer,Office Equipment,North,Amit,Distributor,5,14026.2,0.1,70131.0,7013.1,63117.9,52387.86,10730.04,Debit Card,Completed,2023,11,November,Q4
ORD10342,2023-11-08,CUST1081,Office Chair,Furniture,South,Vikram,Distributor,5,12698.7,0.05,63493.5,3174.68,60318.82,45842.3,14476.52,Debit Card,Completed,2023,11,November,Q4
ORD10343,2023-11-09,CUST1157,Tablet,Electronics,North,Vikram,Distributor,3,26341.7,0.2,79025.1,15805.02,63220.08,50576.06,12644.02,Cash,Completed,2023,11,November,Q4
ORD10344,2023-11-10,CUST1144,Smartphone,Electronics,East,Arjun,Retail Store,1,41685.52,0.2,41685.52,8337.1,-33348.42,28012.67,-5335.75,Net Banking,Returned,2023,11,November,Q4
ORD10345,2023-11-11,CUST1178,Monitor,Electronics,East,Arjun,Online,2,18534.09,0.05,37068.18,1853.41,35214.77,27467.52,7747.25,UPI,Completed,2023,11,November,Q4
ORD10346,2023-11-12,CUST1095,Laptop,Electronics,West,Amit,Retail Store,8,60977.26,0.05,487818.08,24390.9,463427.18,380010.29,83416.89,UPI,Completed,2023,11,November,Q4
ORD10347,2023-11-12,CUST1067,Mouse,Accessories,Central,Amit,Online,5,1168.68,0.05,5843.4,292.17,5551.23,3885.86,1665.37,Credit Card,Completed,2023,11,November,Q4
ORD10348,2023-11-13,CUST1109,Office Chair,Furniture,West,Pooja,Retail Store,3,11667.49,0.2,35002.47,7000.49,28001.98,21281.5,6720.48,Debit Card,Completed,2023,11,November,Q4
ORD10349,2023-11-14,CUST1005,Office Chair,Furniture,West,Amit,Online,10,12330.07,0.0,123300.7,0.0,123300.7,93708.53,29592.17,Credit Card,Completed,2023,11,November,Q4
ORD10350,2023-11-15,CUST1032,Laptop,Electronics,East,Vikram,Online,7,61516.99,0.0,430618.93,0.0,430618.93,353107.52,77511.41,Debit Card,Completed,2023,11,November,Q4
ORD10351,2023-11-16,CUST1026,Monitor,Electronics,Central,Sneha,Online,1,18745.41,0.0,18745.41,0.0,18745.41,14621.42,4123.99,UPI,Completed,2023,11,November,Q4
ORD10352,2023-11-17,CUST1093,Keyboard,Accessories,Central,Neha,Online,4,2528.94,0.0,10115.76,0.0,10115.76,7283.35,2832.41,Debit Card,Completed,2023,11,November,Q4
ORD10353,2023-11-18,CUST1172,Monitor,Electronics,North,Neha,Online,10,18765.64,0.15,187656.4,28148.46,159507.94,124416.19,35091.75,Debit Card,Completed,2023,11,November,Q4
ORD10354,2023-11-19,CUST1076,Desk,Furniture,South,Amit,Retail Store,6,19406.9,0.05,116441.4,5822.07,110619.33,87389.27,23230.06,Credit Card,Completed,2023,11,November,Q4
ORD10355,2023-11-20,CUST1132,Smartphone,Electronics,East,Pooja,Online,6,38832.92,0.05,232997.52,11649.88,221347.64,185932.02,35415.62,UPI,Completed,2023,11,November,Q4
ORD10356,2023-11-21,CUST1090,Monitor,Electronics,West,Neha,Distributor,3,17252.91,0.2,51758.73,10351.75,41406.98,32297.44,9109.54,UPI,Completed,2023,11,November,Q4
ORD10357,2023-11-22,CUST1146,Smartphone,Electronics,Central,Sneha,Online,7,41558.01,0.0,290906.07,0.0,290906.07,244361.1,46544.97,Credit Card,Completed,2023,11,November,Q4
ORD10358,2023-11-23,CUST1044,Mouse,Accessories,Central,Neha,Online,5,1156.12,0.0,5780.6,0.0,5780.6,4046.42,1734.18,Cash,Completed,2023,11,November,Q4
ORD10359,2023-11-23,CUST1025,Desk,Furniture,West,Amit,Online,6,17623.1,0.05,105738.6,5286.93,0.0,79356.82,0.0,Debit Card,Cancelled,2023,11,November,Q4
ORD10360,2023-11-24,CUST1136,Desk,Furniture,East,Arjun,Distributor,5,19204.13,0.05,96020.65,4801.03,91219.62,72063.5,19156.12,UPI,Completed,2023,11,November,Q4
ORD10361,2023-11-25,CUST1096,Headphones,Accessories,North,Vikram,Online,5,3500.67,0.15,17503.35,2625.5,14877.85,11158.39,3719.46,Debit Card,Completed,2023,11,November,Q4
ORD10362,2023-11-26,CUST1066,Monitor,Electronics,South,Vikram,Distributor,2,18203.64,0.2,36407.28,7281.46,29125.82,22718.14,6407.68,Net Banking,Completed,2023,11,November,Q4
ORD10363,2023-11-27,CUST1138,Office Chair,Furniture,North,Amit,Online,6,11560.31,0.1,69361.86,6936.19,62425.67,47443.51,14982.16,Debit Card,Completed,2023,11,November,Q4
ORD10364,2023-11-28,CUST1055,Monitor,Electronics,South,Amit,Online,4,18242.21,0.2,72968.84,14593.77,58375.07,45532.55,12842.52,Net Banking,Completed,2023,11,November,Q4
ORD10365,2023-11-29,CUST1090,Headphones,Accessories,West,Pooja,Retail Store,7,3449.16,0.1,24144.12,2414.41,21729.71,16297.28,5432.43,UPI,Completed,2023,11,November,Q4
ORD10366,2023-11-30,CUST1075,Keyboard,Accessories,West,,Distributor,3,2679.26,0.0,8037.78,0.0,-8037.78,5787.2,-2250.58,UPI,Returned,2023,11,November,Q4
ORD10367,2023-12-01,CUST1162,Laptop,Electronics,South,Amit,Retail Store,1,61775.08,0.0,61775.08,0.0,61775.08,50655.57,11119.51,Net Banking,Completed,2023,12,December,Q4
ORD10368,2023-12-02,CUST1169,Tablet,Electronics,Central,Arjun,Distributor,10,30004.03,0.05,300040.3,15002.02,285038.28,228030.62,57007.66,Credit Card,Completed,2023,12,December,Q4
ORD10369,2023-12-03,CUST1028,Mouse,Accessories,West,Rahul,Distributor,2,1105.5,0.0,2211.0,0.0,2211.0,1547.7,663.3,Cash,Completed,2023,12,December,Q4
ORD10370,2023-12-03,CUST1053,Office Chair,Furniture,Central,Amit,Retail Store,10,11557.01,0.1,115570.1,11557.01,104013.09,79049.95,24963.14,UPI,Completed,2023,12,December,Q4
ORD10371,2023-12-04,CUST1177,Desk,Furniture,West,Arjun,Distributor,10,17932.98,0.0,179329.8,0.0,179329.8,141670.54,37659.26,UPI,Completed,2023,12,December,Q4
ORD10372,2023-12-05,CUST1025,Desk,Furniture,Central,Rahul,Online,5,19183.94,0.0,95919.7,0.0,95919.7,75776.56,20143.14,Cash,Completed,2023,12,December,Q4
ORD10373,2023-12-06,CUST1175,Office Chair,Furniture,South,Neha,Distributor,6,11788.45,0.2,70730.7,14146.14,56584.56,43004.27,13580.29,UPI,Completed,2023,12,December,Q4
ORD10374,2023-12-07,CUST1042,Mouse,Accessories,West,Arjun,Distributor,7,1199.09,0.2,8393.63,1678.73,6714.9,4700.43,2014.47,Debit Card,Completed,2023,12,December,Q4
ORD10375,2023-12-08,CUST1053,Laptop,Electronics,West,Vikram,Online,7,65292.1,0.2,457044.7,91408.94,365635.76,299821.32,65814.44,Debit Card,Completed,2023,12,December,Q4
ORD10376,2023-12-09,CUST1044,Printer,Office Equipment,Central,Pooja,Online,2,15761.73,0.05,31523.46,1576.17,29947.29,24856.25,5091.04,UPI,Completed,2023,12,December,Q4
ORD10377,2023-12-10,CUST1071,Printer,Office Equipment,South,Sneha,Retail Store,3,16183.34,0.05,48550.02,2427.5,46122.52,38281.69,7840.83,Debit Card,Completed,2023,12,December,Q4
ORD10378,2023-12-11,CUST1157,Keyboard,Accessories,West,Sneha,Online,3,2467.07,0.1,7401.21,740.12,6661.09,4795.98,1865.11,Credit Card,Completed,2023,12,December,Q4
ORD10379,2023-12-12,CUST1081,Printer,Office Equipment,Central,Vikram,Retail Store,7,15404.35,0.1,107830.45,10783.04,97047.41,80549.35,16498.06,Net Banking,Completed,2023,12,December,Q4
ORD10380,2023-12-13,CUST1139,Monitor,Electronics,South,Neha,Retail Store,10,19296.83,0.0,192968.3,0.0,192968.3,150515.27,42453.03,Credit Card,Completed,2023,12,December,Q4
ORD10381,2023-12-14,CUST1176,Monitor,Electronics,South,Priya,Retail Store,1,18658.47,0.15,18658.47,2798.77,15859.7,12370.57,3489.13,Cash,Completed,2023,12,December,Q4
ORD10382,2023-12-14,CUST1135,Mouse,Accessories,West,Priya,Distributor,4,1237.56,0.15,4950.24,742.54,4207.7,2945.39,1262.31,Credit Card,Completed,2023,12,December,Q4
ORD10383,2023-12-15,CUST1121,Keyboard,Accessories,Central,Amit,Distributor,10,2684.9,0.1,26849.0,2684.9,24164.1,17398.15,6765.95,Net Banking,Completed,2023,12,December,Q4
ORD10384,2023-12-16,CUST1021,Keyboard,Accessories,North,Rahul,Retail Store,1,2595.13,0.05,2595.13,129.76,2465.37,1775.07,690.3,Net Banking,Completed,2023,12,December,Q4
ORD10385,2023-12-17,CUST1061,Headphones,Accessories,West,Sneha,Distributor,1,3714.32,0.05,3714.32,185.72,3528.6,2646.45,882.15,Net Banking,Completed,2023,12,December,Q4
ORD10386,2023-12-18,CUST1133,Mouse,Accessories,East,Priya,Retail Store,2,1149.34,0.1,2298.68,229.87,2068.81,1448.17,620.64,Cash,Completed,2023,12,December,Q4
ORD10387,2023-12-19,CUST1019,Printer,Office Equipment,East,Rahul,Retail Store,1,15500.98,0.0,15500.98,0.0,15500.98,12865.81,2635.17,Debit Card,Completed,2023,12,December,Q4
ORD10388,2023-12-20,CUST1057,Desk,Furniture,North,Arjun,Online,10,17637.86,0.0,176378.6,0.0,176378.6,139339.09,37039.51,Cash,Completed,2023,12,December,Q4
ORD10389,2023-12-21,CUST1039,Headphones,Accessories,East,Neha,Online,10,3688.11,0.1,36881.1,3688.11,33192.99,24894.74,8298.25,Debit Card,Completed,2023,12,December,Q4
ORD10390,2023-12-22,CUST1084,Office Chair,Furniture,East,Sneha,Distributor,10,11200.28,0.15,112002.8,16800.42,95202.38,72353.81,22848.57,Cash,Completed,2023,12,December,Q4
ORD10391,2023-12-23,CUST1166,Laptop,Electronics,West,Pooja,Distributor,8,61671.49,0.0,493371.92,0.0,493371.92,404564.97,88806.95,Net Banking,Completed,2023,12,December,Q4
ORD10392,2023-12-24,CUST1171,Laptop,Electronics,North,Arjun,Retail Store,4,69075.35,0.1,276301.4,27630.14,248671.26,203910.43,44760.83,UPI,Completed,2023,12,December,Q4
ORD10393,2023-12-24,CUST1178,Keyboard,Accessories,South,Vikram,Retail Store,5,2425.52,0.05,12127.6,606.38,11521.22,8295.28,3225.94,Debit Card,Completed,2023,12,December,Q4
ORD10394,2023-12-25,CUST1177,Desk,Furniture,Central,Pooja,Online,7,16976.49,0.0,118835.43,0.0,118835.43,93879.99,24955.44,Debit Card,Completed,2023,12,December,Q4
ORD10395,2023-12-26,CUST1003,Headphones,Accessories,West,Arjun,Retail Store,10,3478.54,0.1,34785.4,3478.54,31306.86,23480.14,7826.72,UPI,Completed,2023,12,December,Q4
ORD10396,2023-12-27,CUST1070,Tablet,Electronics,Central,Sneha,Distributor,6,29673.47,0.1,178040.82,17804.08,160236.74,128189.39,32047.35,Cash,Completed,2023,12,December,Q4
ORD10397,2023-12-28,CUST1105,Desk,Furniture,South,Neha,Retail Store,2,18171.46,0.05,36342.92,1817.15,34525.77,27275.36,7250.41,Credit Card,Completed,2023,12,December,Q4
ORD10398,2023-12-29,CUST1044,Smartphone,Electronics,East,Pooja,Distributor,9,41349.05,0.05,372141.45,18607.07,353534.38,296968.88,56565.5,Debit Card,Completed,2023,12,December,Q4
ORD10399,2023-12-30,CUST1094,Headphones,Accessories,Central,Pooja,Distributor,2,3327.7,0.2,6655.4,1331.08,5324.32,3993.24,1331.08,Net Banking,Completed,2023,12,December,Q4
ORD10400,2023-12-31,CUST1097,Tablet,Electronics,South,Sneha,Distributor,9,27701.39,0.15,249312.51,37396.88,211915.63,169532.5,42383.13,Net Banking,Completed,2023,12,December,Q4
ORD10401,2024-01-01,CUST1066,Tablet,Electronics,West,Priya,Distributor,1,26943.08,0.1,26943.08,2694.31,24248.77,19399.02,4849.75,UPI,Completed,2024,1,January,Q1
ORD10402,2024-01-02,CUST1121,Smartphone,Electronics,East,Pooja,Distributor,4,38924.07,0.0,155696.28,0.0,155696.28,130784.88,24911.4,Debit Card,Completed,2024,1,January,Q1
ORD10403,2024-01-03,CUST1033,Monitor,Electronics,South,Vikram,Distributor,2,17838.84,0.05,35677.68,1783.88,33893.8,26437.16,7456.64,UPI,Completed,2024,1,January,Q1
ORD10404,2024-01-04,CUST1058,Mouse,Accessories,South,Amit,Distributor,2,1284.86,0.05,2569.72,128.49,2441.23,1708.86,732.37,Cash,Completed,2024,1,January,Q1
ORD10405,2024-01-04,CUST1123,Smartphone,Electronics,North,Arjun,Distributor,2,39077.55,0.1,78155.1,7815.51,-70339.59,59085.26,-11254.33,Debit Card,Returned,2024,1,January,Q1
ORD10406,2024-01-05,CUST1156,Laptop,Electronics,Central,Neha,Online,3,66827.51,0.05,200482.53,10024.13,190458.4,156175.89,34282.51,UPI,Completed,2024,1,January,Q1
ORD10407,2024-01-06,CUST1041,Keyboard,Accessories,Central,Vikram,Retail Store,2,2543.14,0.0,5086.28,0.0,5086.28,3662.12,1424.16,UPI,Completed,2024,1,January,Q1
ORD10408,2024-01-07,CUST1177,Desk,Furniture,East,Vikram,Distributor,7,19397.63,0.1,135783.41,13578.34,122205.07,96542.01,25663.06,Net Banking,Completed,2024,1,January,Q1
ORD10409,2024-01-08,CUST1160,Monitor,Electronics,East,Amit,Retail Store,8,19167.48,0.0,153339.84,0.0,153339.84,119605.08,33734.76,Cash,Completed,2024,1,January,Q1
ORD10410,2024-01-09,CUST1108,Headphones,Accessories,Central,Priya,Retail Store,4,3220.31,0.05,12881.24,644.06,12237.18,9177.88,3059.3,Credit Card,Completed,2024,1,January,Q1
ORD10411,2024-01-10,CUST1026,Laptop,Electronics,Central,Priya,Online,6,61532.57,0.15,369195.42,55379.31,313816.11,257329.21,56486.9,Net Banking,Completed,2024,1,January,Q1
ORD10412,2024-01-11,CUST1005,Headphones,Accessories,Central,Vikram,Retail Store,7,3259.12,0.1,22813.84,2281.38,20532.46,15399.34,5133.12,UPI,Completed,2024,1,January,Q1
ORD10413,2024-01-12,CUST1019,Monitor,Electronics,East,Rahul,Online,8,18236.14,0.0,145889.12,0.0,145889.12,113793.51,32095.61,Cash,Completed,2024,1,January,Q1
ORD10414,2024-01-13,CUST1138,Keyboard,Accessories,Central,Amit,Distributor,9,2437.79,0.2,21940.11,4388.02,17552.09,12637.5,4914.59,Credit Card,Completed,2024,1,January,Q1
ORD10415,2024-01-14,CUST1002,Monitor,Electronics,Central,Sneha,Online,4,18746.46,0.05,74985.84,3749.29,71236.55,55564.51,15672.04,UPI,Completed,2024,1,January,Q1
ORD10416,2024-01-15,CUST1062,Monitor,Electronics,West,Priya,Distributor,1,19046.83,0.15,19046.83,2857.02,16189.81,12628.05,3561.76,UPI,Completed,2024,1,January,Q1
ORD10417,2024-01-15,CUST1054,Printer,Office Equipment,East,Vikram,Retail Store,4,14134.78,0.15,56539.12,8480.87,48058.25,39888.35,8169.9,Debit Card,Completed,2024,1,January,Q1
ORD10418,2024-01-16,CUST1146,Headphones,Accessories,East,Amit,Retail Store,7,3446.49,0.0,24125.43,0.0,24125.43,18094.07,6031.36,Net Banking,Completed,2024,1,January,Q1
ORD10419,2024-01-17,CUST1101,Office Chair,Furniture,East,Pooja,Retail Store,7,12238.74,0.0,85671.18,0.0,85671.18,65110.1,20561.08,Debit Card,Completed,2024,1,January,Q1
ORD10420,2024-01-18,CUST1109,Monitor,Electronics,East,Sneha,Retail Store,5,18466.74,0.05,92333.7,4616.69,87717.01,68419.27,19297.74,Credit Card,Completed,2024,1,January,Q1
ORD10421,2024-01-19,CUST1113,Desk,Furniture,West,Vikram,Distributor,7,18061.54,0.0,126430.78,0.0,126430.78,99880.32,26550.46,UPI,Completed,2024,1,January,Q1
ORD10422,2024-01-20,CUST1157,Printer,Office Equipment,Central,Arjun,Online,7,13903.19,0.05,97322.33,4866.12,92456.21,76738.65,15717.56,Debit Card,Completed,2024,1,January,Q1
ORD10423,2024-01-21,CUST1135,Headphones,Accessories,East,Sneha,Retail Store,1,3623.9,0.15,3623.9,543.58,3080.32,2310.24,770.08,Net Banking,Completed,2024,1,January,Q1
ORD10424,2024-01-22,CUST1020,Keyboard,Accessories,West,Arjun,Distributor,2,2507.29,0.15,5014.58,752.19,4262.39,3068.92,1193.47,Cash,Completed,2024,1,January,Q1
ORD10425,2024-01-23,CUST1102,Desk,Furniture,West,Priya,Distributor,1,18671.5,0.0,18671.5,0.0,18671.5,14750.48,3921.02,Debit Card,Completed,2024,1,January,Q1
ORD10426,2024-01-24,CUST1104,Printer,Office Equipment,East,Pooja,Online,7,14470.9,0.1,101296.3,10129.63,91166.67,75668.34,15498.33,UPI,Completed,2024,1,January,Q1
ORD10427,2024-01-25,CUST1029,Desk,Furniture,North,Priya,Retail Store,5,18309.16,0.1,91545.8,9154.58,82391.22,65089.06,17302.16,Cash,Completed,2024,1,January,Q1
ORD10428,2024-01-25,CUST1167,Tablet,Electronics,North,Pooja,Online,10,26178.8,0.0,261788.0,0.0,261788.0,209430.4,52357.6,Cash,Completed,2024,1,January,Q1
ORD10429,2024-01-26,CUST1038,Printer,Office Equipment,North,Sneha,Retail Store,10,15473.46,0.2,154734.6,30946.92,123787.68,102743.77,21043.91,Debit Card,Completed,2024,1,January,Q1
ORD10430,2024-01-27,CUST1062,Tablet,Electronics,Central,Sneha,Distributor,3,27355.12,0.05,82065.36,4103.27,77962.09,62369.67,15592.42,UPI,Completed,2024,1,January,Q1
ORD10431,2024-01-28,CUST1014,Mouse,Accessories,South,Arjun,Distributor,7,1229.6,0.2,8607.2,1721.44,0.0,4820.03,0.0,UPI,Cancelled,2024,1,January,Q1
ORD10432,2024-01-29,CUST1040,Printer,Office Equipment,East,Sneha,Retail Store,2,15330.29,0.15,30660.58,4599.09,26061.49,21631.04,4430.45,Debit Card,Completed,2024,1,January,Q1
ORD10433,2024-01-30,CUST1139,Mouse,Accessories,Central,Rahul,Retail Store,2,1239.91,0.0,2479.82,0.0,-2479.82,1735.87,-743.95,Cash,Returned,2024,1,January,Q1
ORD10434,2024-01-31,CUST1127,Office Chair,Furniture,North,Amit,Online,2,12255.81,0.0,24511.62,0.0,24511.62,18628.83,5882.79,Credit Card,Completed,2024,1,January,Q1
ORD10435,2024-02-01,CUST1072,Keyboard,Accessories,South,Pooja,Online,3,2474.27,0.0,7422.81,0.0,7422.81,5344.42,2078.39,Credit Card,Completed,2024,2,February,Q1
ORD10436,2024-02-02,CUST1101,Desk,Furniture,South,Amit,Retail Store,4,18689.87,0.1,74759.48,7475.95,67283.53,53153.99,14129.54,Cash,Completed,2024,2,February,Q1
ORD10437,2024-02-03,CUST1178,Tablet,Electronics,East,Sneha,Online,4,27222.18,0.0,108888.72,0.0,108888.72,87110.98,21777.74,Cash,Completed,2024,2,February,Q1
ORD10438,2024-02-04,CUST1021,Mouse,Accessories,South,Amit,Online,1,1263.11,0.15,1263.11,189.47,1073.64,751.55,322.09,Cash,Completed,2024,2,February,Q1
ORD10439,2024-02-05,CUST1016,Desk,Furniture,South,Arjun,Distributor,5,17323.25,0.2,86616.25,17323.25,69293.0,54741.47,14551.53,Net Banking,Completed,2024,2,February,Q1
ORD10440,2024-02-05,CUST1148,Office Chair,Furniture,East,Arjun,Online,10,11054.73,0.1,110547.3,11054.73,99492.57,75614.35,23878.22,Credit Card,Completed,2024,2,February,Q1
ORD10441,2024-02-06,CUST1081,Keyboard,Accessories,North,Rahul,Online,9,2443.38,0.05,21990.42,1099.52,20890.9,15041.45,5849.45,Cash,Completed,2024,2,February,Q1
ORD10442,2024-02-07,CUST1170,Printer,Office Equipment,South,Amit,Retail Store,2,14683.65,0.05,29367.3,1468.36,27898.94,23156.12,4742.82,Net Banking,Completed,2024,2,February,Q1
ORD10443,2024-02-08,CUST1053,Printer,Office Equipment,South,Priya,Distributor,3,14665.08,0.1,43995.24,4399.52,39595.72,32864.45,6731.27,UPI,Completed,2024,2,February,Q1
ORD10444,2024-02-09,CUST1085,Mouse,Accessories,North,Priya,Distributor,4,1223.77,0.0,4895.08,0.0,4895.08,3426.56,1468.52,Cash,Completed,2024,2,February,Q1
ORD10445,2024-02-10,CUST1111,Desk,Furniture,Central,Neha,Online,4,18362.49,0.2,73449.96,14689.99,58759.97,46420.38,12339.59,Debit Card,Completed,2024,2,February,Q1
ORD10446,2024-02-11,CUST1034,Smartphone,Electronics,South,Vikram,Retail Store,3,41034.96,0.1,123104.88,12310.49,110794.39,93067.29,17727.1,Cash,Completed,2024,2,February,Q1
ORD10447,2024-02-12,CUST1092,Printer,Office Equipment,South,Rahul,Retail Store,8,14797.98,0.1,118383.84,11838.38,106545.46,88432.73,18112.73,Debit Card,Completed,2024,2,February,Q1
ORD10448,2024-02-13,CUST1171,Headphones,Accessories,East,Neha,Retail Store,6,3751.84,0.05,22511.04,1125.55,21385.49,16039.12,5346.37,UPI,Completed,2024,2,February,Q1
ORD10449,2024-02-14,CUST1026,Office Chair,Furniture,Central,Pooja,Distributor,10,11302.76,0.2,113027.6,22605.52,90422.08,68720.78,21701.3,Cash,Completed,2024,2,February,Q1
ORD10450,2024-02-15,CUST1039,Printer,Office Equipment,North,Pooja,Retail Store,5,15104.0,0.0,75520.0,0.0,75520.0,62681.6,12838.4,Credit Card,Completed,2024,2,February,Q1
ORD10451,2024-02-15,CUST1106,Smartphone,Electronics,East,Amit,Online,7,39699.08,0.15,277893.56,41684.03,236209.53,198416.01,37793.52,Net Banking,Completed,2024,2,February,Q1
ORD10452,2024-02-16,CUST1075,Tablet,Electronics,West,Amit,Distributor,9,29828.37,0.2,268455.33,53691.07,214764.26,171811.41,42952.85,Cash,Completed,2024,2,February,Q1
ORD10453,2024-02-17,CUST1054,Smartphone,Electronics,East,Pooja,Online,7,42760.27,0.0,299321.89,0.0,299321.89,251430.39,47891.5,Net Banking,Completed,2024,2,February,Q1
ORD10454,2024-02-18,CUST1149,Keyboard,Accessories,South,Amit,Online,10,2520.61,0.0,25206.1,0.0,25206.1,18148.39,7057.71,Credit Card,Completed,2024,2,February,Q1
ORD10455,2024-02-19,CUST1002,Mouse,Accessories,East,Vikram,Retail Store,8,1164.92,0.15,9319.36,1397.9,7921.46,5545.02,2376.44,Net Banking,Completed,2024,2,February,Q1
ORD10456,2024-02-20,CUST1013,Mouse,Accessories,South,Priya,Distributor,5,1235.29,0.1,6176.45,617.64,5558.81,3891.17,1667.64,Debit Card,Completed,2024,2,February,Q1
ORD10457,2024-02-21,CUST1072,Office Chair,Furniture,East,Sneha,Distributor,4,12375.33,0.0,49501.32,0.0,49501.32,37621.0,11880.32,UPI,Completed,2024,2,February,Q1
ORD10458,2024-02-22,CUST1027,Tablet,Electronics,Central,Amit,Distributor,8,28150.48,0.15,225203.84,33780.58,-191423.26,153138.61,-38284.65,Net Banking,Returned,2024,2,February,Q1
ORD10459,2024-02-23,CUST1167,Printer,Office Equipment,Central,Amit,Retail Store,6,14950.91,0.05,89705.46,4485.27,85220.19,70732.76,14487.43,Credit Card,Completed,2024,2,February,Q1
ORD10460,2024-02-24,CUST1017,Headphones,Accessories,North,Arjun,Online,7,3586.31,0.0,25104.17,0.0,25104.17,18828.13,6276.04,Debit Card,Completed,2024,2,February,Q1
ORD10461,2024-02-25,CUST1098,Printer,Office Equipment,West,Rahul,Distributor,9,15830.25,0.2,142472.25,28494.45,113977.8,94601.57,19376.23,Net Banking,Completed,2024,2,February,Q1
ORD10462,2024-02-26,CUST1098,Mouse,Accessories,West,Neha,Retail Store,5,1166.53,0.1,5832.65,583.26,5249.39,3674.57,1574.82,Cash,Completed,2024,2,February,Q1
ORD10463,2024-02-26,CUST1012,Desk,Furniture,Central,Neha,Online,10,16915.12,0.05,169151.2,8457.56,160693.64,126947.98,33745.66,Net Banking,Completed,2024,2,February,Q1
ORD10464,2024-02-27,CUST1165,Keyboard,Accessories,North,Neha,Distributor,5,2666.66,0.1,13333.3,1333.33,11999.97,8639.98,3359.99,UPI,Completed,2024,2,February,Q1
ORD10465,2024-02-28,CUST1076,Printer,Office Equipment,West,Sneha,Distributor,8,15651.28,0.0,125210.24,0.0,125210.24,103924.5,21285.74,Cash,Completed,2024,2,February,Q1
ORD10466,2024-02-29,CUST1059,Printer,Office Equipment,East,Vikram,Retail Store,9,14835.97,0.0,133523.73,0.0,133523.73,110824.7,22699.03,Cash,Completed,2024,2,February,Q1
ORD10467,2024-03-01,CUST1062,Tablet,Electronics,Central,Pooja,Distributor,9,25996.5,0.05,233968.5,11698.42,222270.08,177816.06,44454.02,Credit Card,Completed,2024,3,March,Q1
ORD10468,2024-03-02,CUST1104,Printer,Office Equipment,Central,Priya,Distributor,4,15613.54,0.0,62454.16,0.0,62454.16,51836.95,10617.21,UPI,Completed,2024,3,March,Q1
ORD10469,2024-03-03,CUST1087,Tablet,Electronics,West,Neha,Retail Store,2,28675.14,0.15,57350.28,8602.54,48747.74,38998.19,9749.55,Credit Card,Completed,2024,3,March,Q1
ORD10470,2024-03-04,CUST1020,Laptop,Electronics,South,Arjun,Online,7,60255.01,0.1,421785.07,42178.51,379606.56,311277.38,68329.18,Cash,Completed,2024,3,March,Q1
ORD10471,2024-03-05,CUST1139,Smartphone,Electronics,Central,Sneha,Distributor,1,41548.66,0.0,41548.66,0.0,41548.66,34900.87,6647.79,Debit Card,Completed,2024,3,March,Q1
ORD10472,2024-03-06,CUST1159,Laptop,Electronics,East,Amit,Retail Store,9,64870.03,0.05,583830.27,29191.51,554638.76,454803.78,99834.98,Credit Card,Completed,2024,3,March,Q1
ORD10473,2024-03-07,CUST1105,Desk,Furniture,North,Arjun,Distributor,2,17119.77,0.15,34239.54,5135.93,29103.61,22991.85,6111.76,Credit Card,Completed,2024,3,March,Q1
ORD10474,2024-03-07,CUST1011,Mouse,Accessories,South,Neha,Online,6,1251.04,0.15,7506.24,1125.94,6380.3,4466.21,1914.09,Net Banking,Completed,2024,3,March,Q1
ORD10475,2024-03-08,CUST1090,Printer,Office Equipment,South,Amit,Online,3,15264.09,0.1,45792.27,4579.23,41213.04,34206.82,7006.22,Cash,Completed,2024,3,March,Q1
ORD10476,2024-03-09,CUST1038,Desk,Furniture,South,Amit,Online,7,18664.22,0.05,130649.54,6532.48,124117.06,98052.48,26064.58,Cash,Completed,2024,3,March,Q1
ORD10477,2024-03-10,CUST1174,Smartphone,Electronics,West,Pooja,Retail Store,8,38922.8,0.05,311382.4,15569.12,295813.28,248483.16,47330.12,Debit Card,Completed,2024,3,March,Q1
ORD10478,2024-03-11,CUST1011,Smartphone,Electronics,Central,Pooja,Distributor,1,39258.01,0.05,39258.01,1962.9,37295.11,31327.89,5967.22,Debit Card,Completed,2024,3,March,Q1
ORD10479,2024-03-12,CUST1001,Office Chair,Furniture,North,Priya,Online,3,12763.81,0.05,38291.43,1914.57,36376.86,27646.41,8730.45,Cash,Completed,2024,3,March,Q1
ORD10480,2024-03-13,CUST1081,Mouse,Accessories,West,Pooja,Distributor,3,1279.96,0.15,3839.88,575.98,3263.9,2284.73,979.17,Cash,Completed,2024,3,March,Q1
ORD10481,2024-03-14,CUST1068,Smartphone,Electronics,South,Neha,Online,10,39926.82,0.15,399268.2,59890.23,339377.97,285077.49,54300.48,Debit Card,Completed,2024,3,March,Q1
ORD10482,2024-03-15,CUST1166,Headphones,Accessories,North,Vikram,Distributor,10,3379.82,0.0,33798.2,0.0,33798.2,25348.65,8449.55,Debit Card,Completed,2024,3,March,Q1
ORD10483,2024-03-16,CUST1125,Printer,Office Equipment,South,Vikram,Distributor,6,16046.63,0.0,96279.78,0.0,96279.78,79912.22,16367.56,Credit Card,Completed,2024,3,March,Q1
ORD10484,2024-03-17,CUST1132,Printer,Office Equipment,Central,Pooja,Online,8,15515.32,0.05,124122.56,6206.13,117916.43,97870.64,20045.79,Cash,Completed,2024,3,March,Q1
ORD10485,2024-03-18,CUST1029,Headphones,Accessories,Central,Neha,Retail Store,9,3327.32,0.1,29945.88,2994.59,26951.29,20213.47,6737.82,Cash,Completed,2024,3,March,Q1
ORD10486,2024-03-18,CUST1049,Monitor,Electronics,West,Rahul,Retail Store,10,18318.66,0.1,183186.6,18318.66,164867.94,128596.99,36270.95,UPI,Completed,2024,3,March,Q1
ORD10487,2024-03-19,CUST1051,Headphones,Accessories,North,Neha,Distributor,3,3248.9,0.0,9746.7,0.0,9746.7,7310.02,2436.68,Debit Card,Completed,2024,3,March,Q1
ORD10488,2024-03-20,CUST1034,Smartphone,Electronics,South,Sneha,Distributor,9,42229.14,0.1,380062.26,38006.23,342056.03,287327.07,54728.96,UPI,Completed,2024,3,March,Q1
ORD10489,2024-03-21,CUST1179,Office Chair,Furniture,East,Neha,Distributor,5,11084.46,0.15,55422.3,8313.34,47108.96,35802.81,11306.15,Net Banking,Completed,2024,3,March,Q1
ORD10490,2024-03-22,CUST1019,Office Chair,Furniture,West,Neha,Distributor,7,12287.91,0.15,86015.37,12902.31,73113.06,55565.93,17547.13,Cash,Completed,2024,3,March,Q1
ORD10491,2024-03-23,CUST1045,Printer,Office Equipment,North,Priya,Online,2,14365.44,0.1,28730.88,2873.09,25857.79,21461.97,4395.82,Debit Card,Completed,2024,3,March,Q1
ORD10492,2024-03-24,CUST1178,Tablet,Electronics,West,Amit,Retail Store,3,29946.84,0.0,89840.52,0.0,89840.52,71872.42,17968.1,UPI,Completed,2024,3,March,Q1
ORD10493,2024-03-25,CUST1005,Laptop,Electronics,Central,Pooja,Distributor,6,69212.25,0.0,415273.5,0.0,415273.5,340524.27,74749.23,Debit Card,Completed,2024,3,March,Q1
ORD10494,2024-03-26,CUST1155,Laptop,Electronics,South,Pooja,Distributor,1,61865.67,0.05,61865.67,3093.28,58772.39,48193.36,10579.03,Debit Card,Completed,2024,3,March,Q1
ORD10495,2024-03-27,CUST1011,Laptop,Electronics,East,Rahul,Retail Store,8,62281.28,0.1,498250.24,49825.02,448425.22,367708.68,80716.54,Debit Card,Completed,2024,3,March,Q1
ORD10496,2024-03-28,CUST1108,Laptop,Electronics,Central,Priya,Retail Store,10,64782.78,0.05,647827.8,32391.39,615436.41,504657.86,110778.55,Debit Card,Completed,2024,3,March,Q1
ORD10497,2024-03-28,CUST1074,Laptop,Electronics,South,Vikram,Distributor,5,69875.35,0.0,349376.75,0.0,349376.75,286488.94,62887.81,Net Banking,Completed,2024,3,March,Q1
ORD10498,2024-03-29,CUST1149,Desk,Furniture,West,Arjun,Retail Store,4,18437.6,0.2,73750.4,14750.08,59000.32,46610.25,12390.07,Credit Card,Completed,2024,3,March,Q1
ORD10499,2024-03-30,CUST1067,Mouse,Accessories,East,Amit,Distributor,5,1178.59,0.0,5892.95,0.0,5892.95,4125.06,1767.89,UPI,Completed,2024,3,March,Q1
ORD10500,2024-03-31,CUST1127,Headphones,Accessories,East,Arjun,Distributor,1,3681.58,0.15,3681.58,552.24,3129.34,2347.0,782.34,Debit Card,Completed,2024,3,March,Q1
ORD10501,2024-04-01,CUST1132,Office Chair,Furniture,South,Amit,Retail Store,1,12776.64,0.1,12776.64,1277.66,11498.98,8739.22,2759.76,Net Banking,Completed,2024,4,April,Q2
ORD10502,2024-04-02,CUST1056,Keyboard,Accessories,East,Arjun,Distributor,8,2517.83,0.0,20142.64,0.0,20142.64,14502.7,5639.94,UPI,Completed,2024,4,April,Q2
ORD10503,2024-04-03,CUST1084,Keyboard,Accessories,East,Arjun,Retail Store,8,2374.21,0.1,18993.68,1899.37,17094.31,12307.9,4786.41,Debit Card,Completed,2024,4,April,Q2
ORD10504,2024-04-04,CUST1137,Keyboard,Accessories,West,Arjun,Online,10,2663.34,0.05,26633.4,1331.67,25301.73,18217.25,7084.48,Net Banking,Completed,2024,4,April,Q2
ORD10505,2024-04-05,CUST1141,Keyboard,Accessories,Central,Amit,Distributor,2,2677.85,0.15,5355.7,803.35,4552.35,3277.69,1274.66,Debit Card,Completed,2024,4,April,Q2
ORD10506,2024-04-06,CUST1030,Keyboard,Accessories,North,Arjun,Retail Store,3,2412.85,0.0,7238.55,0.0,7238.55,5211.76,2026.79,Net Banking,Completed,2024,4,April,Q2
ORD10507,2024-04-07,CUST1079,Printer,Office Equipment,East,Sneha,Online,9,14388.45,0.15,129496.05,19424.41,110071.64,91359.46,18712.18,Net Banking,Completed,2024,4,April,Q2
ORD10508,2024-04-08,CUST1150,Headphones,Accessories,West,Pooja,Distributor,8,3631.34,0.05,29050.72,1452.54,27598.18,20698.64,6899.54,Credit Card,Completed,2024,4,April,Q2
ORD10509,2024-04-08,CUST1154,Desk,Furniture,Central,Neha,Retail Store,3,17385.72,0.15,52157.16,7823.57,44333.59,35023.54,9310.05,Debit Card,Completed,2024,4,April,Q2
ORD10510,2024-04-09,CUST1088,Smartphone,Electronics,East,Vikram,Distributor,6,40099.77,0.05,240598.62,12029.93,228568.69,191997.7,36570.99,UPI,Completed,2024,4,April,Q2
ORD10511,2024-04-10,CUST1022,Tablet,Electronics,South,Rahul,Retail Store,8,28779.88,0.1,230239.04,23023.9,207215.14,165772.11,41443.03,Credit Card,Completed,2024,4,April,Q2
ORD10512,2024-04-11,CUST1003,Keyboard,Accessories,South,Vikram,Retail Store,10,2371.41,0.15,23714.1,3557.12,20156.98,14513.03,5643.95,Debit Card,Completed,2024,4,April,Q2
ORD10513,2024-04-12,CUST1009,Headphones,Accessories,North,Neha,Retail Store,6,3392.5,0.05,20355.0,1017.75,19337.25,14502.94,4834.31,Debit Card,Completed,2024,4,April,Q2
ORD10514,2024-04-13,CUST1178,Headphones,Accessories,Central,Sneha,Distributor,7,3736.55,0.1,26155.85,2615.58,23540.27,17655.2,5885.07,Net Banking,Completed,2024,4,April,Q2
ORD10515,2024-04-14,CUST1118,Tablet,Electronics,North,Arjun,Retail Store,2,29610.71,0.0,59221.42,0.0,59221.42,47377.14,11844.28,Credit Card,Completed,2024,4,April,Q2
ORD10516,2024-04-15,CUST1152,Printer,Office Equipment,South,Sneha,Retail Store,4,14004.5,0.2,56018.0,11203.6,44814.4,37195.95,7618.45,Cash,Completed,2024,4,April,Q2
ORD10517,2024-04-16,CUST1084,Keyboard,Accessories,South,Sneha,Distributor,1,2428.4,0.0,2428.4,0.0,2428.4,1748.45,679.95,Debit Card,Completed,2024,4,April,Q2
ORD10518,2024-04-17,CUST1095,Printer,Office Equipment,South,Amit,Retail Store,2,15107.9,0.0,30215.8,0.0,30215.8,25079.11,5136.69,Debit Card,Completed,2024,4,April,Q2
ORD10519,2024-04-18,CUST1061,Keyboard,Accessories,North,Neha,Online,9,2331.27,0.1,20981.43,2098.14,18883.29,13595.97,5287.32,Cash,Completed,2024,4,April,Q2
ORD10520,2024-04-18,CUST1074,Keyboard,Accessories,West,Amit,Retail Store,1,2487.12,0.1,2487.12,248.71,2238.41,1611.66,626.75,UPI,Completed,2024,4,April,Q2
ORD10521,2024-04-19,CUST1108,Printer,Office Equipment,North,Arjun,Distributor,5,15454.71,0.2,77273.55,15454.71,0.0,51309.64,0.0,Debit Card,Cancelled,2024,4,April,Q2
ORD10522,2024-04-20,CUST1032,Laptop,Electronics,Central,Vikram,Distributor,6,68121.14,0.0,408726.84,0.0,408726.84,335156.01,73570.83,Net Banking,Completed,2024,4,April,Q2
ORD10523,2024-04-21,CUST1174,Headphones,Accessories,East,Neha,Distributor,6,3272.28,0.1,19633.68,1963.37,17670.31,13252.73,4417.58,Credit Card,Completed,2024,4,April,Q2
ORD10524,2024-04-22,CUST1032,Printer,Office Equipment,West,Neha,Online,2,15174.19,0.05,30348.38,1517.42,28830.96,23929.7,4901.26,Debit Card,Completed,2024,4,April,Q2
ORD10525,2024-04-23,CUST1163,Mouse,Accessories,South,Sneha,Distributor,3,1257.03,0.05,3771.09,188.55,3582.54,2507.78,1074.76,Credit Card,Completed,2024,4,April,Q2
ORD10526,2024-04-24,CUST1125,Desk,Furniture,Central,Vikram,Online,1,18702.72,0.1,18702.72,1870.27,16832.45,13297.64,3534.81,Cash,Completed,2024,4,April,Q2
ORD10527,2024-04-25,CUST1023,Laptop,Electronics,North,Amit,Distributor,2,67565.51,0.15,135131.02,20269.65,114861.37,94186.32,20675.05,Credit Card,Completed,2024,4,April,Q2
ORD10528,2024-04-26,CUST1025,Mouse,Accessories,North,Arjun,Retail Store,3,1166.25,0.1,3498.75,349.88,3148.87,2204.21,944.66,Debit Card,Completed,2024,4,April,Q2
ORD10529,2024-04-27,CUST1002,Headphones,Accessories,East,Pooja,Retail Store,7,3578.14,0.15,25046.98,3757.05,21289.93,15967.45,5322.48,UPI,Completed,2024,4,April,Q2
ORD10530,2024-04-28,CUST1147,Monitor,Electronics,North,Rahul,Distributor,5,18111.46,0.15,90557.3,13583.6,76973.7,60039.49,16934.21,UPI,Completed,2024,4,April,Q2
ORD10531,2024-04-29,CUST1054,Office Chair,Furniture,West,Sneha,Retail Store,5,11045.46,0.0,55227.3,0.0,55227.3,41972.75,13254.55,Credit Card,Completed,2024,4,April,Q2
ORD10532,2024-04-29,CUST1104,Printer,Office Equipment,North,Rahul,Retail Store,7,15167.92,0.05,106175.44,5308.77,100866.67,83719.34,17147.33,Net Banking,Completed,2024,4,April,Q2
ORD10533,2024-04-30,CUST1007,Smartphone,Electronics,Central,Arjun,Retail Store,9,41712.5,0.0,375412.5,0.0,375412.5,315346.5,60066.0,Net Banking,Completed,2024,4,April,Q2
ORD10534,2024-05-01,CUST1121,Office Chair,Furniture,Central,Sneha,Online,3,12762.1,0.15,38286.3,5742.95,32543.35,24732.95,7810.4,UPI,Completed,2024,5,May,Q2
ORD10535,2024-05-02,CUST1047,Mouse,Accessories,South,Rahul,Online,6,1237.01,0.1,7422.06,742.21,6679.85,4675.89,2003.96,Net Banking,Completed,2024,5,May,Q2
ORD10536,2024-05-03,CUST1033,Keyboard,Accessories,West,Neha,Retail Store,10,2470.71,0.05,24707.1,1235.36,23471.74,16899.65,6572.09,Net Banking,Completed,2024,5,May,Q2
ORD10537,2024-05-04,CUST1163,Headphones,Accessories,South,Rahul,Distributor,4,3764.97,0.1,15059.88,1505.99,13553.89,10165.42,3388.47,Debit Card,Completed,2024,5,May,Q2
ORD10538,2024-05-05,CUST1134,Monitor,Electronics,West,Vikram,Distributor,6,18673.27,0.1,112039.62,11203.96,100835.66,78651.81,22183.85,Debit Card,Completed,2024,5,May,Q2
ORD10539,2024-05-06,CUST1146,Laptop,Electronics,South,Pooja,Retail Store,2,60015.5,0.0,120031.0,0.0,120031.0,98425.42,21605.58,UPI,Completed,2024,5,May,Q2
ORD10540,2024-05-07,CUST1024,Laptop,Electronics,North,Priya,Retail Store,3,63898.11,0.0,191694.33,0.0,191694.33,157189.35,34504.98,UPI,Completed,2024,5,May,Q2
ORD10541,2024-05-08,CUST1018,Printer,Office Equipment,South,Sneha,Retail Store,5,14579.0,0.0,72895.0,0.0,72895.0,60502.85,12392.15,Net Banking,Completed,2024,5,May,Q2
ORD10542,2024-05-09,CUST1177,Tablet,Electronics,West,Neha,Retail Store,6,29308.89,0.0,175853.34,0.0,-175853.34,140682.67,-35170.67,UPI,Returned,2024,5,May,Q2
ORD10543,2024-05-09,CUST1080,Headphones,Accessories,South,Sneha,Retail Store,9,3365.3,0.15,30287.7,4543.16,25744.54,19308.4,6436.14,UPI,Completed,2024,5,May,Q2
ORD10544,2024-05-10,CUST1096,Office Chair,Furniture,East,Arjun,Online,1,11262.91,0.05,11262.91,563.15,10699.76,8131.82,2567.94,Debit Card,Completed,2024,5,May,Q2
ORD10545,2024-05-11,CUST1007,Tablet,Electronics,Central,Vikram,Retail Store,5,28803.71,0.05,144018.55,7200.93,136817.62,109454.1,27363.52,Credit Card,Completed,2024,5,May,Q2
ORD10546,2024-05-12,CUST1007,Desk,Furniture,East,Sneha,Distributor,3,17943.94,0.1,53831.82,5383.18,48448.64,38274.43,10174.21,Debit Card,Completed,2024,5,May,Q2
ORD10547,2024-05-13,CUST1009,Keyboard,Accessories,South,Neha,Online,6,2517.59,0.0,15105.54,0.0,15105.54,10875.99,4229.55,Credit Card,Completed,2024,5,May,Q2
ORD10548,2024-05-14,CUST1076,Printer,Office Equipment,West,Pooja,Online,7,15558.17,0.2,108907.19,21781.44,87125.75,72314.37,14811.38,UPI,Completed,2024,5,May,Q2
ORD10549,2024-05-15,CUST1159,Monitor,Electronics,West,Neha,Retail Store,6,18392.15,0.05,110352.9,5517.64,104835.26,81771.5,23063.76,Cash,Completed,2024,5,May,Q2
ORD10550,2024-05-16,CUST1015,Laptop,Electronics,South,Rahul,Retail Store,8,66818.74,0.0,534549.92,0.0,534549.92,438330.93,96218.99,UPI,Completed,2024,5,May,Q2
ORD10551,2024-05-17,CUST1157,Laptop,Electronics,East,Neha,Retail Store,7,70060.1,0.0,490420.7,0.0,490420.7,402144.97,88275.73,Credit Card,Completed,2024,5,May,Q2
ORD10552,2024-05-18,CUST1053,Monitor,Electronics,Central,,Retail Store,7,19439.93,0.0,136079.51,0.0,136079.51,106142.02,29937.49,UPI,Completed,2024,5,May,Q2
ORD10553,2024-05-19,CUST1125,Smartphone,Electronics,North,Priya,Retail Store,6,40437.15,0.1,242622.9,24262.29,218360.61,183422.91,34937.7,Debit Card,Completed,2024,5,May,Q2
ORD10554,2024-05-20,CUST1092,Desk,Furniture,South,Rahul,Retail Store,8,17966.9,0.1,143735.2,14373.52,129361.68,102195.73,27165.95,Cash,Completed,2024,5,May,Q2
ORD10555,2024-05-20,CUST1095,Smartphone,Electronics,East,Vikram,Distributor,3,40339.13,0.0,121017.39,0.0,121017.39,101654.61,19362.78,Net Banking,Completed,2024,5,May,Q2
ORD10556,2024-05-21,CUST1095,Headphones,Accessories,West,Priya,Distributor,10,3754.37,0.05,37543.7,1877.18,35666.52,26749.89,8916.63,Net Banking,Completed,2024,5,May,Q2
ORD10557,2024-05-22,CUST1057,Office Chair,Furniture,South,Amit,Distributor,1,11158.75,0.0,11158.75,0.0,11158.75,8480.65,2678.1,Credit Card,Completed,2024,5,May,Q2
ORD10558,2024-05-23,CUST1044,Mouse,Accessories,East,Rahul,Distributor,2,1157.07,0.05,2314.14,115.71,2198.43,1538.9,659.53,UPI,Completed,2024,5,May,Q2
ORD10559,2024-05-24,CUST1069,Keyboard,Accessories,East,Pooja,Retail Store,2,2592.08,0.05,5184.16,259.21,4924.95,3545.96,1378.99,UPI,Completed,2024,5,May,Q2
ORD10560,2024-05-25,CUST1166,Headphones,Accessories,Central,Pooja,Online,5,3649.74,0.0,18248.7,0.0,18248.7,13686.53,4562.17,Cash,Completed,2024,5,May,Q2
ORD10561,2024-05-26,CUST1097,Office Chair,Furniture,Central,Amit,Online,4,11116.33,0.05,44465.32,2223.27,-42242.05,32103.96,-10138.09,Credit Card,Returned,2024,5,May,Q2
ORD10562,2024-05-27,CUST1093,Keyboard,Accessories,North,Amit,Distributor,7,2373.44,0.2,16614.08,3322.82,13291.26,9569.71,3721.55,Net Banking,Completed,2024,5,May,Q2
ORD10563,2024-05-28,CUST1101,Tablet,Electronics,Central,Pooja,Retail Store,2,28807.49,0.0,57614.98,0.0,57614.98,46091.98,11523.0,UPI,Completed,2024,5,May,Q2
ORD10564,2024-05-29,CUST1025,Monitor,Electronics,North,Sneha,Retail Store,1,18433.77,0.1,18433.77,1843.38,16590.39,12940.5,3649.89,Cash,Completed,2024,5,May,Q2
ORD10565,2024-05-30,CUST1105,Headphones,Accessories,East,Sneha,Online,1,3388.26,0.0,3388.26,0.0,-3388.26,2541.2,-847.06,Cash,Returned,2024,5,May,Q2
ORD10566,2024-05-30,CUST1007,Laptop,Electronics,West,Pooja,Distributor,9,61200.5,0.1,550804.5,55080.45,495724.05,406493.72,89230.33,Net Banking,Completed,2024,5,May,Q2
ORD10567,2024-05-31,CUST1139,Mouse,Accessories,North,Vikram,Retail Store,4,1144.89,0.1,4579.56,457.96,4121.6,2885.12,1236.48,Cash,Completed,2024,5,May,Q2
ORD10568,2024-06-01,CUST1105,Smartphone,Electronics,East,Amit,Distributor,1,37428.51,0.05,37428.51,1871.43,35557.08,29867.95,5689.13,Debit Card,Completed,2024,6,June,Q2
ORD10569,2024-06-02,CUST1148,Smartphone,Electronics,Central,Sneha,Retail Store,10,40256.78,0.1,402567.8,40256.78,362311.02,304341.26,57969.76,Debit Card,Completed,2024,6,June,Q2
ORD10570,2024-06-03,CUST1095,Monitor,Electronics,North,Sneha,Retail Store,4,17389.68,0.05,69558.72,3477.94,66080.78,51543.01,14537.77,UPI,Completed,2024,6,June,Q2
ORD10571,2024-06-04,CUST1167,Tablet,Electronics,East,Arjun,Retail Store,4,27095.79,0.2,108383.16,21676.63,86706.53,69365.22,17341.31,UPI,Completed,2024,6,June,Q2
ORD10572,2024-06-05,CUST1044,Smartphone,Electronics,West,Neha,Distributor,4,38497.38,0.05,153989.52,7699.48,146290.04,122883.63,23406.41,Credit Card,Completed,2024,6,June,Q2
ORD10573,2024-06-06,CUST1049,Mouse,Accessories,South,Arjun,Retail Store,3,1147.9,0.2,3443.7,688.74,2754.96,1928.47,826.49,Cash,Completed,2024,6,June,Q2
ORD10574,2024-06-07,CUST1042,Tablet,Electronics,South,Vikram,Online,9,29084.83,0.0,261763.47,0.0,261763.47,209410.78,52352.69,UPI,Completed,2024,6,June,Q2
ORD10575,2024-06-08,CUST1040,Monitor,Electronics,East,Vikram,Online,10,17284.68,0.15,172846.8,25927.02,146919.78,114597.43,32322.35,Credit Card,Completed,2024,6,June,Q2
ORD10576,2024-06-09,CUST1154,Laptop,Electronics,East,Sneha,Distributor,7,64678.89,0.1,452752.23,45275.22,407477.01,334131.15,73345.86,UPI,Completed,2024,6,June,Q2
ORD10577,2024-06-10,CUST1077,Printer,Office Equipment,West,Priya,Distributor,4,15852.95,,63411.8,12682.36,50729.44,42105.44,8624.0,UPI,Completed,2024,6,June,Q2
ORD10578,2024-06-10,CUST1086,Laptop,Electronics,East,Vikram,Retail Store,8,68514.97,0.15,548119.76,82217.96,465901.8,382039.48,83862.32,Credit Card,Completed,2024,6,June,Q2
ORD10579,2024-06-11,CUST1078,Tablet,Electronics,South,Sneha,Retail Store,10,28777.67,0.05,287776.7,14388.84,273387.86,218710.29,54677.57,Credit Card,Completed,2024,6,June,Q2
ORD10580,2024-06-12,CUST1045,Laptop,Electronics,North,Pooja,Online,1,65984.2,0.1,65984.2,6598.42,59385.78,48696.34,10689.44,Cash,Completed,2024,6,June,Q2
ORD10581,2024-06-13,CUST1039,Headphones,Accessories,South,Neha,Distributor,5,3729.33,0.1,18646.65,1864.67,16781.98,12586.48,4195.5,Debit Card,Completed,2024,6,June,Q2
ORD10582,2024-06-14,CUST1047,Monitor,Electronics,Central,Neha,Distributor,3,19234.35,0.05,57703.05,2885.15,54817.9,42757.96,12059.94,Cash,Completed,2024,6,June,Q2
ORD10583,2024-06-15,CUST1039,Headphones,Accessories,Central,Amit,Distributor,2,3739.36,0.15,7478.72,1121.81,6356.91,4767.68,1589.23,Net Banking,Completed,2024,6,June,Q2
ORD10584,2024-06-16,CUST1009,Mouse,Accessories,West,Arjun,Distributor,5,1151.77,0.05,5758.85,287.94,5470.91,3829.64,1641.27,Cash,Completed,2024,6,June,Q2
ORD10585,2024-06-17,CUST1045,Smartphone,Electronics,Central,Pooja,Online,4,41908.13,0.0,167632.52,0.0,167632.52,140811.32,26821.2,Net Banking,Completed,2024,6,June,Q2
ORD10586,2024-06-18,CUST1048,Office Chair,Furniture,West,Pooja,Retail Store,6,12342.36,0.1,74054.16,7405.42,66648.74,50653.04,15995.7,Net Banking,Completed,2024,6,June,Q2
ORD10587,2024-06-19,CUST1029,Tablet,Electronics,South,Vikram,Online,4,26646.86,0.0,106587.44,0.0,106587.44,85269.95,21317.49,Cash,Completed,2024,6,June,Q2
ORD10588,2024-06-20,CUST1118,Laptop,Electronics,West,Sneha,Online,8,63455.69,0.0,507645.52,0.0,507645.52,416269.33,91376.19,Cash,Completed,2024,6,June,Q2
ORD10589,2024-06-20,CUST1082,Monitor,Electronics,East,Arjun,Distributor,9,16813.45,0.2,151321.05,30264.21,121056.84,94424.34,26632.5,Net Banking,Completed,2024,6,June,Q2
ORD10590,2024-06-21,CUST1141,Laptop,Electronics,Central,Pooja,Distributor,4,60815.68,0.15,243262.72,36489.41,206773.31,169554.11,37219.2,Credit Card,Completed,2024,6,June,Q2
ORD10591,2024-06-22,CUST1122,Monitor,Electronics,Central,Neha,Online,9,18852.85,0.1,169675.65,16967.56,152708.09,119112.31,33595.78,Net Banking,Completed,2024,6,June,Q2
ORD10592,2024-06-23,CUST1019,Printer,Office Equipment,West,Rahul,Retail Store,8,15696.19,0.05,125569.52,6278.48,119291.04,99011.56,20279.48,UPI,Completed,2024,6,June,Q2
ORD10593,2024-06-24,CUST1107,Mouse,Accessories,South,Neha,Distributor,6,1228.24,0.05,7369.44,368.47,7000.97,4900.68,2100.29,Net Banking,Completed,2024,6,June,Q2
ORD10594,2024-06-25,CUST1157,Tablet,Electronics,North,Arjun,Online,8,29404.0,0.15,235232.0,35284.8,199947.2,159957.76,39989.44,Credit Card,Completed,2024,6,June,Q2
ORD10595,2024-06-26,CUST1067,Office Chair,Furniture,South,Neha,Distributor,4,11579.21,0.0,46316.84,0.0,46316.84,35200.8,11116.04,Debit Card,Completed,2024,6,June,Q2
ORD10596,2024-06-27,CUST1063,Headphones,Accessories,South,Sneha,Distributor,2,3752.82,0.2,7505.64,1501.13,6004.51,4503.38,1501.13,Credit Card,Completed,2024,6,June,Q2
ORD10597,2024-06-28,CUST1165,Monitor,Electronics,West,Rahul,Distributor,9,17130.96,0.15,154178.64,23126.8,131051.84,102220.44,28831.4,Credit Card,Completed,2024,6,June,Q2
ORD10598,2024-06-29,CUST1117,Monitor,Electronics,North,Neha,Distributor,4,17062.53,0.05,68250.12,3412.51,64837.61,50573.34,14264.27,Debit Card,Completed,2024,6,June,Q2
ORD10599,2024-06-30,CUST1063,Laptop,Electronics,South,Rahul,Online,1,61849.87,0.05,61849.87,3092.49,58757.38,48181.05,10576.33,Debit Card,Completed,2024,6,June,Q2
ORD10600,2024-07-01,CUST1132,Monitor,Electronics,South,Pooja,Retail Store,3,17834.5,0.0,53503.5,0.0,-53503.5,41732.73,-11770.77,Net Banking,Returned,2024,7,July,Q3
ORD10601,2024-07-01,CUST1118,Headphones,Accessories,West,Amit,Online,5,3432.29,0.0,17161.45,0.0,17161.45,12871.09,4290.36,UPI,Completed,2024,7,July,Q3
ORD10602,2024-07-02,CUST1012,Tablet,Electronics,West,Priya,Online,4,27809.61,0.1,111238.44,11123.84,-100114.6,80091.68,-20022.92,Cash,Returned,2024,7,July,Q3
ORD10603,2024-07-03,CUST1090,Keyboard,Accessories,South,Amit,Retail Store,4,2351.66,0.0,9406.64,0.0,9406.64,6772.78,2633.86,Debit Card,Completed,2024,7,July,Q3
ORD10604,2024-07-04,CUST1069,Desk,Furniture,Central,Sneha,Distributor,3,16832.5,0.2,50497.5,10099.5,-40398.0,31914.42,-8483.58,UPI,Returned,2024,7,July,Q3
ORD10605,2024-07-05,CUST1041,Smartphone,Electronics,South,Vikram,Distributor,3,42538.16,0.0,127614.48,0.0,127614.48,107196.16,20418.32,Credit Card,Completed,2024,7,July,Q3
ORD10606,2024-07-06,CUST1051,Monitor,Electronics,South,Neha,Distributor,2,19374.74,0.15,38749.48,5812.42,32937.06,25690.91,7246.15,Credit Card,Completed,2024,7,July,Q3
ORD10607,2024-07-07,CUST1007,Smartphone,Electronics,East,Neha,Online,4,38985.92,0.1,155943.68,15594.37,140349.31,117893.42,22455.89,Net Banking,Completed,2024,7,July,Q3
ORD10608,2024-07-08,CUST1066,Headphones,Accessories,East,Rahul,Online,7,3371.01,0.15,23597.07,3539.56,20057.51,15043.13,5014.38,Cash,Completed,2024,7,July,Q3
ORD10609,2024-07-09,CUST1167,Tablet,Electronics,North,Neha,Retail Store,4,29298.13,0.05,117192.52,5859.63,111332.89,89066.31,22266.58,Net Banking,Completed,2024,7,July,Q3
ORD10610,2024-07-10,CUST1011,Mouse,Accessories,Central,Priya,Online,4,1198.88,0.0,4795.52,0.0,4795.52,3356.86,1438.66,Credit Card,Completed,2024,7,July,Q3
ORD10611,2024-07-11,CUST1129,Monitor,Electronics,South,Sneha,Retail Store,10,19105.68,0.05,191056.8,9552.84,181503.96,141573.09,39930.87,Cash,Completed,2024,7,July,Q3
ORD10612,2024-07-12,CUST1001,Keyboard,Accessories,North,Pooja,Distributor,3,2336.17,0.1,7008.51,700.85,6307.66,4541.52,1766.14,Debit Card,Completed,2024,7,July,Q3
ORD10613,2024-07-12,CUST1071,Keyboard,Accessories,South,Rahul,Distributor,1,2520.02,0.2,2520.02,504.0,2016.02,1451.53,564.49,Cash,Completed,2024,7,July,Q3
ORD10614,2024-07-13,CUST1138,Keyboard,Accessories,South,Amit,Online,8,2640.27,0.0,21122.16,0.0,21122.16,15207.96,5914.2,Credit Card,Completed,2024,7,July,Q3
ORD10615,2024-07-14,CUST1163,Monitor,Electronics,East,Sneha,Online,9,18489.46,0.0,166405.14,0.0,166405.14,129796.01,36609.13,Net Banking,Completed,2024,7,July,Q3
ORD10616,2024-07-15,CUST1084,Office Chair,Furniture,Central,Sneha,Online,9,12108.25,0.0,108974.25,0.0,108974.25,82820.43,26153.82,Debit Card,Completed,2024,7,July,Q3
ORD10617,2024-07-16,CUST1092,Smartphone,Electronics,South,Neha,Online,3,39544.22,0.15,118632.66,17794.9,100837.76,84703.72,16134.04,Net Banking,Completed,2024,7,July,Q3
ORD10618,2024-07-17,CUST1164,Monitor,Electronics,East,Amit,Distributor,1,16710.78,0.1,16710.78,1671.08,15039.7,11730.97,3308.73,Cash,Completed,2024,7,July,Q3
ORD10619,2024-07-18,CUST1032,Office Chair,Furniture,North,Arjun,Online,5,12000.78,0.15,60003.9,9000.58,51003.32,38762.52,12240.8,Cash,Completed,2024,7,July,Q3
ORD10620,2024-07-19,CUST1125,Mouse,Accessories,East,Vikram,Online,3,1250.43,0.15,3751.29,562.69,3188.6,2232.02,956.58,Net Banking,Completed,2024,7,July,Q3
ORD10621,2024-07-20,CUST1008,Printer,Office Equipment,North,Pooja,Online,3,14986.4,0.15,44959.2,6743.88,-38215.32,31718.72,-6496.6,Credit Card,Returned,2024,7,July,Q3
ORD10622,2024-07-21,CUST1139,Mouse,Accessories,North,Amit,Distributor,8,1112.45,0.2,8899.6,1779.92,7119.68,4983.78,2135.9,Net Banking,Completed,2024,7,July,Q3
ORD10623,2024-07-22,CUST1159,Tablet,Electronics,South,Pooja,Retail Store,3,28406.93,0.15,85220.79,12783.12,72437.67,57950.14,14487.53,Credit Card,Completed,2024,7,July,Q3
ORD10624,2024-07-22,CUST1172,Laptop,Electronics,North,Sneha,Retail Store,2,67840.32,0.1,135680.64,13568.06,122112.58,100132.32,21980.26,Credit Card,Completed,2024,7,July,Q3
ORD10625,2024-07-23,CUST1094,Office Chair,Furniture,West,Arjun,Retail Store,7,12111.69,0.15,84781.83,12717.27,72064.56,54769.07,17295.49,Credit Card,Completed,2024,7,July,Q3
ORD10626,2024-07-24,CUST1006,Keyboard,Accessories,Central,Neha,Retail Store,5,2409.64,0.1,12048.2,1204.82,10843.38,7807.23,3036.15,Credit Card,Completed,2024,7,July,Q3
ORD10627,2024-07-25,CUST1064,Mouse,Accessories,West,Sneha,Online,1,1172.13,0.2,1172.13,234.43,937.7,656.39,281.31,Debit Card,Completed,2024,7,July,Q3
ORD10628,2024-07-26,CUST1040,Desk,Furniture,Central,Arjun,Retail Store,4,17118.61,0.0,68474.44,0.0,68474.44,54094.81,14379.63,UPI,Completed,2024,7,July,Q3
ORD10629,2024-07-27,CUST1032,Printer,Office Equipment,West,Neha,Distributor,2,14721.09,0.05,29442.18,1472.11,27970.07,23215.16,4754.91,Cash,Completed,2024,7,July,Q3
ORD10630,2024-07-28,CUST1118,Laptop,Electronics,North,Arjun,Retail Store,8,69710.17,0.0,557681.36,0.0,557681.36,457298.72,100382.64,UPI,Completed,2024,7,July,Q3
ORD10631,2024-07-29,CUST1108,Tablet,Electronics,South,Amit,Retail Store,6,25829.19,0.05,154975.14,7748.76,147226.38,117781.1,29445.28,UPI,Completed,2024,7,July,Q3
ORD10632,2024-07-30,CUST1021,Keyboard,Accessories,North,Priya,Distributor,6,2471.59,0.1,14829.54,1482.95,-13346.59,9609.54,-3737.05,Cash,Returned,2024,7,July,Q3
ORD10633,2024-07-31,CUST1143,Printer,Office Equipment,South,Amit,Distributor,1,15486.46,0.0,15486.46,0.0,15486.46,12853.76,2632.7,UPI,Completed,2024,7,July,Q3
ORD10634,2024-08-01,CUST1072,Laptop,Electronics,East,Arjun,Retail Store,4,69541.58,0.05,278166.32,13908.32,264258.0,216691.56,47566.44,Cash,Completed,2024,8,August,Q3
ORD10635,2024-08-02,CUST1068,Keyboard,Accessories,West,Vikram,Online,7,2448.52,0.05,17139.64,856.98,16282.66,11723.52,4559.14,Net Banking,Completed,2024,8,August,Q3
ORD10636,2024-08-02,CUST1102,Tablet,Electronics,South,Rahul,Distributor,3,26784.83,0.0,80354.49,0.0,80354.49,64283.59,16070.9,Credit Card,Completed,2024,8,August,Q3
ORD10637,2024-08-03,CUST1074,Headphones,Accessories,Central,Sneha,Online,10,3348.05,0.05,33480.5,1674.02,31806.48,23854.86,7951.62,UPI,Completed,2024,8,August,Q3
ORD10638,2024-08-04,CUST1148,Office Chair,Furniture,Central,Sneha,Online,1,12085.78,0.0,12085.78,0.0,12085.78,9185.19,2900.59,Cash,Completed,2024,8,August,Q3
ORD10639,2024-08-05,CUST1096,Desk,Furniture,South,Priya,Distributor,1,18302.66,0.15,18302.66,2745.4,15557.26,12290.24,3267.02,Credit Card,Completed,2024,8,August,Q3
ORD10640,2024-08-06,CUST1037,Printer,Office Equipment,East,Rahul,Online,8,14350.37,0.15,114802.96,17220.44,97582.52,80993.49,16589.03,Credit Card,Completed,2024,8,August,Q3
ORD10641,2024-08-07,CUST1099,Desk,Furniture,North,Sneha,Retail Store,3,19148.23,0.1,57444.69,5744.47,51700.22,40843.17,10857.05,Cash,Completed,2024,8,August,Q3
ORD10642,2024-08-08,CUST1094,Laptop,Electronics,South,Rahul,Distributor,7,63202.37,0.05,442416.59,22120.83,420295.76,344642.52,75653.24,Debit Card,Completed,2024,8,August,Q3
ORD10643,2024-08-09,CUST1126,Mouse,Accessories,North,Rahul,Online,5,1230.76,0.1,6153.8,615.38,5538.42,3876.89,1661.53,Net Banking,Completed,2024,8,August,Q3
ORD10644,2024-08-10,CUST1154,Smartphone,Electronics,North,Sneha,Online,8,38221.07,0.0,305768.56,0.0,305768.56,256845.59,48922.97,Debit Card,Completed,2024,8,August,Q3
ORD10645,2024-08-11,CUST1166,Tablet,Electronics,Central,Priya,Retail Store,7,26932.52,0.15,188527.64,28279.15,160248.49,128198.79,32049.7,Credit Card,Completed,2024,8,August,Q3
ORD10646,2024-08-12,CUST1129,Printer,Office Equipment,East,Arjun,Online,1,14927.94,0.05,14927.94,746.4,14181.54,11770.68,2410.86,UPI,Completed,2024,8,August,Q3
ORD10647,2024-08-12,CUST1019,Desk,Furniture,South,Pooja,Retail Store,4,18560.77,0.15,74243.08,11136.46,63106.62,49854.23,13252.39,Net Banking,Completed,2024,8,August,Q3
ORD10648,2024-08-13,CUST1041,Headphones,Accessories,Central,Sneha,Retail Store,4,3327.59,0.15,13310.36,1996.55,11313.81,8485.36,2828.45,Credit Card,Completed,2024,8,August,Q3
ORD10649,2024-08-14,CUST1108,Office Chair,Furniture,East,Arjun,Retail Store,3,12260.33,0.1,36780.99,3678.1,33102.89,25158.2,7944.69,Cash,Completed,2024,8,August,Q3
ORD10650,2024-08-15,CUST1093,Laptop,Electronics,South,Pooja,Distributor,2,69654.34,0.0,139308.68,0.0,-139308.68,114233.12,-25075.56,Debit Card,Returned,2024,8,August,Q3
ORD10651,2024-08-16,CUST1138,Office Chair,Furniture,East,Arjun,Distributor,2,11753.59,0.0,23507.18,0.0,-23507.18,17865.46,-5641.72,Net Banking,Returned,2024,8,August,Q3
ORD10652,2024-08-17,CUST1062,Mouse,Accessories,Central,Neha,Online,8,1261.68,0.1,10093.44,1009.34,9084.1,6358.87,2725.23,Net Banking,Completed,2024,8,August,Q3
ORD10653,2024-08-18,CUST1023,Laptop,Electronics,West,Arjun,Retail Store,5,64574.17,0.15,322870.85,48430.63,-274440.22,225040.98,-49399.24,UPI,Returned,2024,8,August,Q3
ORD10654,2024-08-19,CUST1003,Printer,Office Equipment,Central,Amit,Online,3,16095.66,0.1,48286.98,4828.7,43458.28,36070.37,7387.91,UPI,Completed,2024,8,August,Q3
ORD10655,2024-08-20,CUST1158,Printer,Office Equipment,West,Sneha,Retail Store,3,15863.26,0.1,47589.78,4758.98,42830.8,35549.56,7281.24,Cash,Completed,2024,8,August,Q3
ORD10656,2024-08-21,CUST1018,Office Chair,Furniture,South,Amit,Online,6,12806.65,0.15,76839.9,11525.98,65313.92,49638.58,15675.34,Debit Card,Completed,2024,8,August,Q3
ORD10657,2024-08-22,CUST1047,Printer,Office Equipment,East,Amit,Retail Store,4,14211.22,0.0,56844.88,0.0,56844.88,47181.25,9663.63,Debit Card,Completed,2024,8,August,Q3
ORD10658,2024-08-23,CUST1093,Desk,Furniture,West,Pooja,Retail Store,9,18687.82,0.05,168190.38,8409.52,159780.86,126226.88,33553.98,UPI,Completed,2024,8,August,Q3
ORD10659,2024-08-23,CUST1040,Desk,Furniture,South,Rahul,Online,9,18582.8,0.1,167245.2,16724.52,150520.68,118911.34,31609.34,Net Banking,Completed,2024,8,August,Q3
ORD10660,2024-08-24,CUST1167,Tablet,Electronics,North,Priya,Online,8,26002.42,0.0,208019.36,0.0,208019.36,166415.49,41603.87,Credit Card,Completed,2024,8,August,Q3
ORD10661,2024-08-25,CUST1132,Tablet,Electronics,Central,Amit,Distributor,2,28334.16,0.0,56668.32,0.0,56668.32,45334.66,11333.66,UPI,Completed,2024,8,August,Q3
ORD10662,2024-08-26,CUST1003,Laptop,Electronics,East,Arjun,Online,6,65385.12,0.0,392310.72,0.0,392310.72,321694.79,70615.93,Net Banking,Completed,2024,8,August,Q3
ORD10663,2024-08-27,CUST1001,Laptop,Electronics,South,Priya,Online,1,62566.08,0.1,62566.08,6256.61,56309.47,46173.77,10135.7,Net Banking,Completed,2024,8,August,Q3
ORD10664,2024-08-28,CUST1031,Monitor,Electronics,North,Amit,Distributor,10,17120.35,0.05,171203.5,8560.18,162643.32,126861.79,35781.53,Debit Card,Completed,2024,8,August,Q3
ORD10665,2024-08-29,CUST1092,Tablet,Electronics,East,Amit,Retail Store,5,27856.11,0.15,139280.55,20892.08,118388.47,94710.78,23677.69,Cash,Completed,2024,8,August,Q3
ORD10666,2024-08-30,CUST1062,Monitor,Electronics,West,Rahul,Distributor,4,19131.47,0.0,76525.88,0.0,76525.88,59690.19,16835.69,Net Banking,Completed,2024,8,August,Q3
ORD10667,2024-08-31,CUST1031,Mouse,Accessories,Central,Priya,Distributor,10,1235.65,0.0,12356.5,0.0,12356.5,8649.55,3706.95,Debit Card,Completed,2024,8,August,Q3
ORD10668,2024-09-01,CUST1031,Mouse,Accessories,Central,Rahul,Distributor,4,1241.73,0.0,4966.92,0.0,4966.92,3476.84,1490.08,UPI,Completed,2024,9,September,Q3
ORD10669,2024-09-02,CUST1148,Laptop,Electronics,West,Rahul,Retail Store,1,60314.82,0.05,60314.82,3015.74,57299.08,46985.25,10313.83,UPI,Completed,2024,9,September,Q3
ORD10670,2024-09-02,CUST1171,Monitor,Electronics,North,Arjun,Online,8,18914.67,0.1,151317.36,15131.74,136185.62,106224.78,29960.84,Cash,Completed,2024,9,September,Q3
ORD10671,2024-09-03,CUST1093,Office Chair,Furniture,South,Neha,Online,5,11849.02,0.05,59245.1,2962.26,56282.84,42774.96,13507.88,Net Banking,Completed,2024,9,September,Q3
ORD10672,2024-09-04,CUST1172,Tablet,Electronics,Central,Priya,Online,8,26880.45,0.0,215043.6,0.0,215043.6,172034.88,43008.72,UPI,Completed,2024,9,September,Q3
ORD10673,2024-09-05,CUST1034,Desk,Furniture,North,Neha,Distributor,5,16972.68,0.2,84863.4,16972.68,67890.72,53633.67,14257.05,UPI,Completed,2024,9,September,Q3
ORD10674,2024-09-06,CUST1039,Printer,Office Equipment,Central,Pooja,Retail Store,3,14570.75,0.05,43712.25,2185.61,41526.64,34467.11,7059.53,Net Banking,Completed,2024,9,September,Q3
ORD10675,2024-09-07,CUST1144,Mouse,Accessories,Central,Arjun,Online,10,1148.21,0.15,11482.1,1722.32,9759.78,6831.85,2927.93,Cash,Completed,2024,9,September,Q3
ORD10676,2024-09-08,CUST1034,Monitor,Electronics,South,Arjun,Online,10,19144.12,0.15,191441.2,28716.18,162725.02,126925.52,35799.5,Cash,Completed,2024,9,September,Q3
ORD10677,2024-09-09,CUST1062,Mouse,Accessories,North,Priya,Distributor,9,1247.3,0.05,11225.7,561.29,10664.41,7465.09,3199.32,UPI,Completed,2024,9,September,Q3
ORD10678,2024-09-10,CUST1068,Smartphone,Electronics,Central,Sneha,Retail Store,2,37233.23,0.15,74466.46,11169.97,63296.49,53169.05,10127.44,Credit Card,Completed,2024,9,September,Q3
ORD10679,2024-09-11,CUST1100,Smartphone,Electronics,West,Rahul,Retail Store,5,40555.8,0.1,202779.0,20277.9,182501.1,153300.92,29200.18,Credit Card,Completed,2024,9,September,Q3
ORD10680,2024-09-12,CUST1130,Office Chair,Furniture,East,Rahul,Distributor,5,12705.52,0.1,63527.6,6352.76,57174.84,43452.88,13721.96,Debit Card,Completed,2024,9,September,Q3
ORD10681,2024-09-13,CUST1062,Office Chair,Furniture,South,Arjun,Retail Store,6,12366.16,0.1,74196.96,7419.7,66777.26,50750.72,16026.54,Debit Card,Completed,2024,9,September,Q3
ORD10682,2024-09-13,CUST1013,Monitor,Electronics,South,Vikram,Retail Store,9,17566.3,0.05,158096.7,7904.84,150191.86,117149.65,33042.21,Net Banking,Completed,2024,9,September,Q3
ORD10683,2024-09-14,CUST1049,Desk,Furniture,East,Pooja,Online,4,16815.01,0.2,67260.04,13452.01,53808.03,42508.34,11299.69,Cash,Completed,2024,9,September,Q3
ORD10684,2024-09-15,CUST1021,Laptop,Electronics,North,Neha,Distributor,8,61006.9,0.0,488055.2,0.0,488055.2,400205.26,87849.94,Net Banking,Completed,2024,9,September,Q3
ORD10685,2024-09-16,CUST1071,Tablet,Electronics,East,Priya,Retail Store,2,27808.36,0.05,55616.72,2780.84,52835.88,42268.7,10567.18,Credit Card,Completed,2024,9,September,Q3
ORD10686,2024-09-17,CUST1084,Keyboard,Accessories,South,Arjun,Retail Store,2,2403.73,0.0,4807.46,0.0,4807.46,3461.37,1346.09,Debit Card,Completed,2024,9,September,Q3
ORD10687,2024-09-18,CUST1006,Smartphone,Electronics,East,Amit,Online,5,38194.72,0.15,190973.6,28646.04,162327.56,136355.15,25972.41,Cash,Completed,2024,9,September,Q3
ORD10688,2024-09-19,CUST1061,Headphones,Accessories,East,Neha,Retail Store,8,3729.64,0.05,29837.12,1491.86,28345.26,21258.94,7086.32,UPI,Completed,2024,9,September,Q3
ORD10689,2024-09-20,CUST1165,Office Chair,Furniture,East,Pooja,Retail Store,8,12110.89,0.15,96887.12,14533.07,82354.05,62589.08,19764.97,Cash,Completed,2024,9,September,Q3
ORD10690,2024-09-21,CUST1020,Smartphone,Electronics,South,Vikram,Retail Store,7,41679.52,0.1,291756.64,29175.66,262580.98,220568.02,42012.96,Cash,Completed,2024,9,September,Q3
ORD10691,2024-09-22,CUST1060,Tablet,Electronics,West,Rahul,Distributor,5,29477.5,0.1,147387.5,14738.75,132648.75,106119.0,26529.75,Credit Card,Completed,2024,9,September,Q3
ORD10692,2024-09-23,CUST1085,Printer,Office Equipment,West,Amit,Distributor,1,14905.69,0.1,14905.69,1490.57,13415.12,11134.55,2280.57,Debit Card,Completed,2024,9,September,Q3
ORD10693,2024-09-23,CUST1050,Keyboard,Accessories,North,Amit,Distributor,3,2351.43,0.0,7054.29,0.0,7054.29,5079.09,1975.2,Credit Card,Completed,2024,9,September,Q3
ORD10694,2024-09-24,CUST1087,Laptop,Electronics,East,Sneha,Distributor,7,63062.64,0.0,441438.48,0.0,441438.48,361979.55,79458.93,UPI,Completed,2024,9,September,Q3
ORD10695,2024-09-25,CUST1082,Printer,Office Equipment,West,Arjun,Distributor,9,14142.6,0.05,127283.4,6364.17,120919.23,100362.96,20556.27,Cash,Completed,2024,9,September,Q3
ORD10696,2024-09-26,CUST1052,Smartphone,Electronics,North,Vikram,Online,9,42178.69,0.05,379608.21,18980.41,360627.8,302927.35,57700.45,UPI,Completed,2024,9,September,Q3
ORD10697,2024-09-27,CUST1164,Monitor,Electronics,West,Pooja,Distributor,5,17815.9,0.05,89079.5,4453.98,84625.52,66007.91,18617.61,Credit Card,Completed,2024,9,September,Q3
ORD10698,2024-09-28,CUST1019,Printer,Office Equipment,West,Rahul,Retail Store,10,15769.93,0.1,157699.3,15769.93,141929.37,117801.38,24127.99,UPI,Completed,2024,9,September,Q3
ORD10699,2024-09-29,CUST1035,Mouse,Accessories,North,Pooja,Retail Store,10,1105.12,0.0,11051.2,0.0,11051.2,7735.84,3315.36,Cash,Completed,2024,9,September,Q3
ORD10700,2024-09-30,CUST1082,Office Chair,Furniture,South,Neha,Distributor,5,11733.12,0.1,58665.6,5866.56,52799.04,40127.27,12671.77,Credit Card,Completed,2024,9,September,Q3
ORD10701,2024-10-01,CUST1131,Desk,Furniture,Central,Arjun,Distributor,9,18800.63,0.0,169205.67,0.0,0.0,133672.48,0.0,Debit Card,Cancelled,2024,10,October,Q4
ORD10702,2024-10-02,CUST1069,Keyboard,Accessories,West,Sneha,Distributor,4,2485.43,0.1,9941.72,994.17,8947.55,6442.24,2505.31,Credit Card,Completed,2024,10,October,Q4
ORD10703,2024-10-03,CUST1130,Printer,Office Equipment,Central,Vikram,Retail Store,8,14517.37,0.1,116138.96,11613.9,104525.06,86755.8,17769.26,Net Banking,Completed,2024,10,October,Q4
ORD10704,2024-10-04,CUST1110,Monitor,Electronics,South,Arjun,Online,9,18306.91,0.15,164762.19,24714.33,140047.86,109237.33,30810.53,Debit Card,Completed,2024,10,October,Q4
ORD10705,2024-10-04,CUST1134,Desk,Furniture,Central,Sneha,Distributor,7,18643.41,0.0,130503.87,0.0,130503.87,103098.06,27405.81,Credit Card,Completed,2024,10,October,Q4
ORD10706,2024-10-05,CUST1049,Office Chair,Furniture,West,Arjun,Distributor,8,11090.8,0.15,88726.4,13308.96,75417.44,57317.25,18100.19,Credit Card,Completed,2024,10,October,Q4
ORD10707,2024-10-06,CUST1058,Keyboard,Accessories,West,Rahul,Retail Store,10,2691.25,0.15,26912.5,4036.88,22875.62,16470.45,6405.17,Credit Card,Completed,2024,10,October,Q4
ORD10708,2024-10-07,CUST1034,Tablet,Electronics,Central,Amit,Distributor,5,27131.03,0.1,135655.15,13565.52,122089.63,97671.7,24417.93,Net Banking,Completed,2024,10,October,Q4
ORD10709,2024-10-08,CUST1158,Desk,Furniture,East,Rahul,Distributor,7,18737.57,0.1,131162.99,13116.3,118046.69,93256.89,24789.8,Credit Card,Completed,2024,10,October,Q4
ORD10710,2024-10-09,CUST1094,Tablet,Electronics,South,Pooja,Distributor,3,29691.19,0.0,89073.57,0.0,89073.57,71258.86,17814.71,Cash,Completed,2024,10,October,Q4
ORD10711,2024-10-10,CUST1167,Printer,Office Equipment,West,Rahul,Retail Store,6,15926.27,0.0,95557.62,0.0,95557.62,79312.82,16244.8,Cash,Completed,2024,10,October,Q4
ORD10712,2024-10-11,CUST1130,Printer,Office Equipment,West,Neha,Online,3,14544.91,0.2,43634.73,8726.95,34907.78,28973.46,5934.32,Credit Card,Completed,2024,10,October,Q4
ORD10713,2024-10-12,CUST1048,Office Chair,Furniture,South,Pooja,Online,6,11279.99,0.0,67679.94,0.0,67679.94,51436.75,16243.19,UPI,Completed,2024,10,October,Q4
ORD10714,2024-10-13,CUST1146,Headphones,Accessories,East,Sneha,Online,7,3562.16,0.1,24935.12,2493.51,22441.61,16831.21,5610.4,UPI,Completed,2024,10,October,Q4
ORD10715,2024-10-14,CUST1075,Printer,Office Equipment,North,Pooja,Retail Store,7,14101.81,0.2,98712.67,19742.53,78970.14,65545.22,13424.92,Debit Card,Completed,2024,10,October,Q4
ORD10716,2024-10-14,CUST1050,Smartphone,Electronics,Central,Priya,Distributor,1,41637.07,0.0,41637.07,0.0,41637.07,34975.14,6661.93,Credit Card,Completed,2024,10,October,Q4
ORD10717,2024-10-15,CUST1033,Smartphone,Electronics,South,Amit,Online,9,41075.26,0.0,369677.34,0.0,369677.34,310528.97,59148.37,UPI,Completed,2024,10,October,Q4
ORD10718,2024-10-16,CUST1049,Keyboard,Accessories,Central,Arjun,Online,4,2499.9,0.2,9999.6,1999.92,7999.68,5759.77,2239.91,Net Banking,Completed,2024,10,October,Q4
ORD10719,2024-10-17,CUST1043,Keyboard,Accessories,Central,Rahul,Retail Store,1,2544.32,0.0,2544.32,0.0,2544.32,1831.91,712.41,Debit Card,Completed,2024,10,October,Q4
ORD10720,2024-10-18,CUST1041,Office Chair,Furniture,East,Neha,Retail Store,10,11389.35,0.1,113893.5,11389.35,102504.15,77903.15,24601.0,Net Banking,Completed,2024,10,October,Q4
ORD10721,2024-10-19,CUST1011,Mouse,Accessories,Central,Rahul,Retail Store,3,1281.58,0.0,3844.74,0.0,3844.74,2691.32,1153.42,Cash,Completed,2024,10,October,Q4
ORD10722,2024-10-20,CUST1145,Desk,Furniture,North,Vikram,Online,10,17274.89,0.05,172748.9,8637.44,164111.46,129648.05,34463.41,Net Banking,Completed,2024,10,October,Q4
ORD10723,2024-10-21,CUST1042,Keyboard,Accessories,North,Sneha,Distributor,5,2325.09,0.05,11625.45,581.27,11044.18,7951.81,3092.37,Credit Card,Completed,2024,10,October,Q4
ORD10724,2024-10-22,CUST1079,Tablet,Electronics,Central,Sneha,Retail Store,10,28279.78,0.1,282797.8,28279.78,254518.02,203614.42,50903.6,Cash,Completed,2024,10,October,Q4
ORD10725,2024-10-23,CUST1049,Laptop,Electronics,West,Pooja,Online,6,67965.55,0.15,407793.3,61169.0,346624.3,284231.93,62392.37,Credit Card,Completed,2024,10,October,Q4
ORD10726,2024-10-24,CUST1064,Printer,Office Equipment,East,Priya,Distributor,3,15989.19,0.05,47967.57,2398.38,45569.19,37822.43,7746.76,Cash,Completed,2024,10,October,Q4
ORD10727,2024-10-25,CUST1032,Laptop,Electronics,West,Pooja,Online,8,60267.71,0.15,482141.68,72321.25,409820.43,336052.75,73767.68,Net Banking,Completed,2024,10,October,Q4
ORD10728,2024-10-25,CUST1006,Headphones,Accessories,West,Amit,Distributor,5,3234.03,0.0,16170.15,0.0,16170.15,12127.61,4042.54,Credit Card,Completed,2024,10,October,Q4
ORD10729,2024-10-26,CUST1149,Mouse,Accessories,East,Rahul,Distributor,10,1198.74,0.0,11987.4,0.0,11987.4,8391.18,3596.22,Credit Card,Completed,2024,10,October,Q4
ORD10730,2024-10-27,CUST1165,Office Chair,Furniture,West,Neha,Retail Store,9,12317.96,0.1,110861.64,11086.16,99775.48,75829.36,23946.12,Credit Card,Completed,2024,10,October,Q4
ORD10731,2024-10-28,CUST1032,Tablet,Electronics,North,Arjun,Online,6,29140.76,0.2,174844.56,34968.91,139875.65,111900.52,27975.13,Net Banking,Completed,2024,10,October,Q4
ORD10732,2024-10-29,CUST1095,Desk,Furniture,East,Neha,Distributor,8,17303.35,0.2,138426.8,27685.36,110741.44,87485.74,23255.7,Debit Card,Completed,2024,10,October,Q4
ORD10733,2024-10-30,CUST1104,Keyboard,Accessories,West,Arjun,Online,8,2649.69,0.0,21197.52,0.0,21197.52,15262.21,5935.31,Net Banking,Completed,2024,10,October,Q4
ORD10734,2024-10-31,CUST1054,Desk,Furniture,North,Vikram,Retail Store,9,16732.92,0.0,150596.28,0.0,150596.28,118971.06,31625.22,Net Banking,Completed,2024,10,October,Q4
ORD10735,2024-11-01,CUST1154,Mouse,Accessories,West,Rahul,Online,2,1132.47,0.0,2264.94,0.0,2264.94,1585.46,679.48,Net Banking,Completed,2024,11,November,Q4
ORD10736,2024-11-02,CUST1167,Tablet,Electronics,West,Amit,Online,1,26600.25,0.05,26600.25,1330.01,25270.24,20216.19,5054.05,Credit Card,Completed,2024,11,November,Q4
ORD10737,2024-11-03,CUST1031,Smartphone,Electronics,South,Vikram,Online,5,41745.27,0.05,208726.35,10436.32,198290.03,166563.63,31726.4,Debit Card,Completed,2024,11,November,Q4
ORD10738,2024-11-04,CUST1016,Keyboard,Accessories,South,Sneha,Retail Store,7,2304.09,0.15,16128.63,2419.29,13709.34,9870.72,3838.62,UPI,Completed,2024,11,November,Q4
ORD10739,2024-11-04,CUST1066,Desk,Furniture,South,Priya,Online,6,19356.97,0.0,116141.82,0.0,116141.82,91752.04,24389.78,UPI,Completed,2024,11,November,Q4
ORD10740,2024-11-05,CUST1017,Office Chair,Furniture,Central,Sneha,Distributor,8,12469.62,0.1,99756.96,9975.7,89781.26,68233.76,21547.5,UPI,Completed,2024,11,November,Q4
ORD10741,2024-11-06,CUST1142,Printer,Office Equipment,South,Pooja,Retail Store,3,14944.68,0.05,44834.04,2241.7,42592.34,35351.64,7240.7,Net Banking,Completed,2024,11,November,Q4
ORD10742,2024-11-07,CUST1037,Desk,Furniture,South,Rahul,Distributor,3,16883.27,0.0,50649.81,0.0,50649.81,40013.35,10636.46,Credit Card,Completed,2024,11,November,Q4
ORD10743,2024-11-08,CUST1021,Headphones,Accessories,South,Amit,Distributor,8,3639.82,0.0,29118.56,0.0,29118.56,21838.92,7279.64,Net Banking,Completed,2024,11,November,Q4
ORD10744,2024-11-09,CUST1160,Tablet,Electronics,West,Arjun,Distributor,7,28249.61,0.05,197747.27,9887.36,187859.91,150287.93,37571.98,Debit Card,Completed,2024,11,November,Q4
ORD10745,2024-11-10,CUST1156,Office Chair,Furniture,East,Amit,Online,1,11092.1,0.1,11092.1,1109.21,9982.89,7587.0,2395.89,Cash,Completed,2024,11,November,Q4
ORD10746,2024-11-11,CUST1089,Laptop,Electronics,East,Amit,Distributor,8,69145.02,0.0,553160.16,0.0,553160.16,453591.33,99568.83,Net Banking,Completed,2024,11,November,Q4
ORD10747,2024-11-12,CUST1073,Headphones,Accessories,Central,Sneha,Distributor,3,3296.04,0.1,9888.12,988.81,8899.31,6674.48,2224.83,UPI,Completed,2024,11,November,Q4
ORD10748,2024-11-13,CUST1010,Mouse,Accessories,South,Neha,Online,3,1234.18,0.2,3702.54,740.51,2962.03,2073.42,888.61,Net Banking,Completed,2024,11,November,Q4
ORD10749,2024-11-14,CUST1068,Desk,Furniture,North,Vikram,Retail Store,6,17181.3,0.1,103087.8,10308.78,92779.02,73295.43,19483.59,Net Banking,Completed,2024,11,November,Q4
ORD10750,2024-11-15,CUST1110,Mouse,Accessories,West,Amit,Distributor,10,1182.01,0.05,11820.1,591.0,11229.1,7860.37,3368.73,Net Banking,Completed,2024,11,November,Q4
ORD10751,2024-11-15,CUST1178,Smartphone,Electronics,Central,Vikram,Online,8,39713.07,0.0,317704.56,0.0,317704.56,266871.83,50832.73,Credit Card,Completed,2024,11,November,Q4
ORD10752,2024-11-16,CUST1004,Laptop,Electronics,West,Arjun,Distributor,8,67055.67,0.1,536445.36,53644.54,482800.82,395896.67,86904.15,UPI,Completed,2024,11,November,Q4
ORD10753,2024-11-17,CUST1110,Tablet,Electronics,East,Arjun,Online,5,26122.92,0.15,130614.6,19592.19,111022.41,88817.93,22204.48,UPI,Completed,2024,11,November,Q4
ORD10754,2024-11-18,CUST1144,Laptop,Electronics,North,Vikram,Distributor,2,63295.67,0.1,126591.34,12659.13,113932.21,93424.41,20507.8,Debit Card,Completed,2024,11,November,Q4
ORD10755,2024-11-19,CUST1031,Office Chair,Furniture,South,Amit,Retail Store,7,11870.54,0.0,83093.78,0.0,83093.78,63151.27,19942.51,UPI,Completed,2024,11,November,Q4
ORD10756,2024-11-20,CUST1151,Printer,Office Equipment,Central,Sneha,Distributor,6,15249.04,0.2,91494.24,18298.85,73195.39,60752.17,12443.22,Credit Card,Completed,2024,11,November,Q4
ORD10757,2024-11-21,CUST1035,Office Chair,Furniture,West,Amit,Online,4,11630.99,0.0,46523.96,0.0,46523.96,35358.21,11165.75,Credit Card,Completed,2024,11,November,Q4
ORD10758,2024-11-22,CUST1141,Laptop,Electronics,East,Amit,Distributor,1,67983.2,0.2,67983.2,13596.64,54386.56,44596.98,9789.58,Net Banking,Completed,2024,11,November,Q4
ORD10759,2024-11-23,CUST1145,Smartphone,Electronics,North,Priya,Online,5,42796.72,0.1,213983.6,21398.36,192585.24,161771.6,30813.64,Debit Card,Completed,2024,11,November,Q4
ORD10760,2024-11-24,CUST1080,Monitor,Electronics,South,Neha,Distributor,3,18689.28,0.1,56067.84,5606.78,50461.06,39359.63,11101.43,Net Banking,Completed,2024,11,November,Q4
ORD10761,2024-11-25,CUST1034,Printer,Office Equipment,North,Priya,Online,8,15739.22,0.05,125913.76,6295.69,119618.07,99283.0,20335.07,Cash,Completed,2024,11,November,Q4
ORD10762,2024-11-25,CUST1179,Office Chair,Furniture,West,Arjun,Retail Store,4,11115.41,0.0,44461.64,0.0,44461.64,33790.85,10670.79,UPI,Completed,2024,11,November,Q4
ORD10763,2024-11-26,CUST1091,Printer,Office Equipment,East,Amit,Online,9,14703.38,0.1,132330.42,13233.04,119097.38,98850.83,20246.55,UPI,Completed,2024,11,November,Q4
ORD10764,2024-11-27,CUST1047,Mouse,Accessories,Central,Vikram,Retail Store,9,1227.09,0.1,11043.81,1104.38,9939.43,6957.6,2981.83,Debit Card,Completed,2024,11,November,Q4
ORD10765,2024-11-28,CUST1090,Mouse,Accessories,South,Sneha,Distributor,5,1118.31,0.1,5591.55,559.16,5032.39,3522.67,1509.72,UPI,Completed,2024,11,November,Q4
ORD10766,2024-11-29,CUST1127,Printer,Office Equipment,Central,Priya,Distributor,6,14488.24,0.2,86929.44,17385.89,69543.55,57721.15,11822.4,Debit Card,Completed,2024,11,November,Q4
ORD10767,2024-11-30,CUST1092,Mouse,Accessories,South,Sneha,Distributor,1,1241.8,0.1,1241.8,124.18,1117.62,782.33,335.29,Debit Card,Completed,2024,11,November,Q4
ORD10768,2024-12-01,CUST1125,Keyboard,Accessories,East,Amit,Distributor,9,2459.83,0.1,22138.47,2213.85,19924.62,14345.73,5578.89,Credit Card,Completed,2024,12,December,Q4
ORD10769,2024-12-02,CUST1144,Monitor,Electronics,North,Priya,Online,2,18023.71,0.0,36047.42,0.0,-36047.42,28116.99,-7930.43,UPI,Returned,2024,12,December,Q4
ORD10770,2024-12-03,CUST1168,Smartphone,Electronics,South,Arjun,Distributor,10,40874.08,0.15,408740.8,61311.12,347429.68,291840.93,55588.75,Cash,Completed,2024,12,December,Q4
ORD10771,2024-12-04,CUST1148,Headphones,Accessories,West,Rahul,Distributor,10,3760.55,0.2,37605.5,7521.1,30084.4,22563.3,7521.1,Cash,Completed,2024,12,December,Q4
ORD10772,2024-12-05,CUST1090,Tablet,Electronics,West,Sneha,Distributor,4,27111.64,0.1,108446.56,10844.66,97601.9,78081.52,19520.38,UPI,Completed,2024,12,December,Q4
ORD10773,2024-12-06,CUST1159,Tablet,Electronics,Central,Vikram,Retail Store,10,27171.58,0.0,271715.8,0.0,271715.8,217372.64,54343.16,Debit Card,Completed,2024,12,December,Q4
ORD10774,2024-12-06,CUST1123,Smartphone,Electronics,West,Vikram,Distributor,5,37398.99,0.15,186994.95,28049.24,158945.71,133514.4,25431.31,UPI,Completed,2024,12,December,Q4
ORD10775,2024-12-07,CUST1103,Headphones,Accessories,North,Rahul,Retail Store,9,3652.28,0.0,32870.52,0.0,32870.52,24652.89,8217.63,UPI,Completed,2024,12,December,Q4
ORD10776,2024-12-08,CUST1097,Headphones,Accessories,Central,Sneha,Retail Store,2,3400.31,0.2,6800.62,1360.12,5440.5,4080.38,1360.12,Net Banking,Completed,2024,12,December,Q4
ORD10777,2024-12-09,CUST1074,Tablet,Electronics,East,Amit,Distributor,5,29453.09,0.05,147265.45,7363.27,139902.18,111921.74,27980.44,Credit Card,Completed,2024,12,December,Q4
ORD10778,2024-12-10,CUST1015,Headphones,Accessories,North,Neha,Retail Store,5,3271.94,0.2,16359.7,3271.94,13087.76,9815.82,3271.94,Net Banking,Completed,2024,12,December,Q4
ORD10779,2024-12-11,CUST1175,Laptop,Electronics,West,Amit,Retail Store,1,60136.69,0.0,60136.69,0.0,60136.69,49312.09,10824.6,Debit Card,Completed,2024,12,December,Q4
ORD10780,2024-12-12,CUST1006,Headphones,Accessories,Central,Pooja,Retail Store,6,3242.15,0.2,19452.9,3890.58,15562.32,11671.74,3890.58,Credit Card,Completed,2024,12,December,Q4
ORD10781,2024-12-13,CUST1109,Desk,Furniture,North,Arjun,Retail Store,10,18470.51,0.05,184705.1,9235.26,175469.84,138621.17,36848.67,Debit Card,Completed,2024,12,December,Q4
ORD10782,2024-12-14,CUST1167,Mouse,Accessories,Central,Sneha,Distributor,8,1216.62,0.0,9732.96,0.0,9732.96,6813.07,2919.89,Net Banking,Completed,2024,12,December,Q4
ORD10783,2024-12-15,CUST1167,Laptop,Electronics,North,Arjun,Retail Store,3,67324.77,0.1,201974.31,20197.43,181776.88,149057.04,32719.84,UPI,Completed,2024,12,December,Q4
ORD10784,2024-12-16,CUST1172,Mouse,Accessories,North,Neha,Distributor,6,1281.67,0.2,7690.02,1538.0,6152.02,4306.41,1845.61,Net Banking,Completed,2024,12,December,Q4
ORD10785,2024-12-16,CUST1165,Desk,Furniture,West,Rahul,Retail Store,4,18660.17,0.1,74640.68,7464.07,67176.61,53069.52,14107.09,Net Banking,Completed,2024,12,December,Q4
ORD10786,2024-12-17,CUST1100,Desk,Furniture,Central,Arjun,Distributor,10,19240.66,0.2,192406.6,38481.32,153925.28,121600.97,32324.31,UPI,Completed,2024,12,December,Q4
ORD10787,2024-12-18,CUST1044,Tablet,Electronics,Central,Sneha,Online,6,26996.63,0.1,161979.78,16197.98,145781.8,116625.44,29156.36,Credit Card,Completed,2024,12,December,Q4
ORD10788,2024-12-19,CUST1067,Tablet,Electronics,West,Pooja,Online,7,29477.26,0.0,206340.82,0.0,206340.82,165072.66,41268.16,UPI,Completed,2024,12,December,Q4
ORD10789,2024-12-20,CUST1036,Headphones,Accessories,South,Priya,Retail Store,3,3330.6,0.05,9991.8,499.59,9492.21,7119.16,2373.05,UPI,Completed,2024,12,December,Q4
ORD10790,2024-12-21,CUST1051,Keyboard,Accessories,North,Vikram,Online,3,2446.94,0.05,7340.82,367.04,6973.78,5021.12,1952.66,UPI,Completed,2024,12,December,Q4
ORD10791,2024-12-22,CUST1173,Smartphone,Electronics,West,Pooja,Retail Store,8,37721.21,0.0,301769.68,0.0,301769.68,253486.53,48283.15,Debit Card,Completed,2024,12,December,Q4
ORD10792,2024-12-23,CUST1149,Laptop,Electronics,West,Vikram,Online,8,65030.33,0.0,520242.64,0.0,520242.64,426598.96,93643.68,Cash,Completed,2024,12,December,Q4
ORD10793,2024-12-24,CUST1118,Desk,Furniture,West,Arjun,Distributor,2,16888.78,0.0,33777.56,0.0,33777.56,26684.27,7093.29,Debit Card,Completed,2024,12,December,Q4
ORD10794,2024-12-25,CUST1125,Tablet,Electronics,West,Vikram,Online,3,26128.06,0.0,78384.18,0.0,78384.18,62707.34,15676.84,UPI,Completed,2024,12,December,Q4
ORD10795,2024-12-26,CUST1054,Office Chair,Furniture,West,Rahul,Online,8,12264.54,0.1,98116.32,9811.63,88304.69,67111.56,21193.13,Credit Card,Completed,2024,12,December,Q4
ORD10796,2024-12-27,CUST1175,Desk,Furniture,East,Vikram,Online,6,18596.12,,111576.72,11157.67,100419.05,79331.05,21088.0,UPI,Completed,2024,12,December,Q4
ORD10797,2024-12-27,CUST1159,Headphones,Accessories,South,Neha,Retail Store,6,3511.49,0.1,21068.94,2106.89,18962.05,14221.54,4740.51,Cash,Completed,2024,12,December,Q4
ORD10798,2024-12-28,CUST1051,Smartphone,Electronics,West,Sneha,Retail Store,5,38714.61,,193573.05,9678.65,183894.4,154471.3,29423.1,Credit Card,Completed,2024,12,December,Q4
ORD10799,2024-12-29,CUST1061,Tablet,Electronics,East,Priya,Online,8,26578.86,0.0,212630.88,0.0,212630.88,170104.7,42526.18,Net Banking,Completed,2024,12,December,Q4
ORD10800,2024-12-30,CUST1007,Monitor,Electronics,East,Neha,Retail Store,3,17304.63,0.1,51913.89,5191.39,46722.5,36443.55,10278.95,Credit Card,Completed,2024,12,December,Q4
ORD10801,2024-12-31,CUST1045,Tablet,Electronics,East,Arjun,Distributor,1,27848.31,0.0,27848.31,0.0,27848.31,22278.65,5569.66,UPI,Completed,2024,12,December,Q4
ORD10802,2025-01-01,CUST1152,Office Chair,Furniture,West,Priya,Online,10,11555.89,0.05,115558.9,5777.94,109780.96,83433.53,26347.43,Credit Card,Completed,2025,1,January,Q1
ORD10803,2025-01-02,CUST1069,Office Chair,Furniture,East,Pooja,Online,4,11354.28,0.15,45417.12,6812.57,38604.55,29339.46,9265.09,UPI,Completed,2025,1,January,Q1
ORD10804,2025-01-03,CUST1069,Laptop,Electronics,South,Sneha,Retail Store,1,60505.84,0.0,60505.84,0.0,60505.84,49614.79,10891.05,Cash,Completed,2025,1,January,Q1
ORD10805,2025-01-04,CUST1099,Office Chair,Furniture,North,Amit,Retail Store,3,11660.57,0.2,34981.71,6996.34,-27985.37,21268.88,-6716.49,Credit Card,Returned,2025,1,January,Q1
ORD10806,2025-01-05,CUST1117,Headphones,Accessories,Central,Amit,Online,4,3619.7,0.0,14478.8,0.0,14478.8,10859.1,3619.7,Net Banking,Completed,2025,1,January,Q1
ORD10807,2025-01-06,CUST1075,Smartphone,Electronics,South,Priya,Distributor,3,39026.2,0.1,117078.6,11707.86,105370.74,88511.42,16859.32,Credit Card,Completed,2025,1,January,Q1
ORD10808,2025-01-07,CUST1114,Printer,Office Equipment,Central,Arjun,Online,7,14054.0,0.1,98378.0,9837.8,88540.2,73488.37,15051.83,UPI,Completed,2025,1,January,Q1
ORD10809,2025-01-07,CUST1159,Printer,Office Equipment,South,Rahul,Distributor,5,15151.3,0.0,75756.5,0.0,75756.5,62877.9,12878.6,Cash,Completed,2025,1,January,Q1
ORD10810,2025-01-08,CUST1033,Tablet,Electronics,Central,Sneha,Online,4,27081.0,0.15,108324.0,16248.6,92075.4,73660.32,18415.08,UPI,Completed,2025,1,January,Q1
ORD10811,2025-01-09,CUST1003,Desk,Furniture,East,Arjun,Retail Store,6,18983.42,0.1,113900.52,11390.05,102510.47,80983.27,21527.2,Credit Card,Completed,2025,1,January,Q1
ORD10812,2025-01-10,CUST1008,Headphones,Accessories,North,Neha,Online,8,3571.13,0.1,28569.04,2856.9,25712.14,19284.1,6428.04,Debit Card,Completed,2025,1,January,Q1
ORD10813,2025-01-11,CUST1022,Monitor,Electronics,South,Arjun,Online,3,17995.57,0.05,53986.71,2699.34,51287.37,40004.15,11283.22,Credit Card,Completed,2025,1,January,Q1
ORD10814,2025-01-12,CUST1168,Printer,Office Equipment,Central,Amit,Retail Store,9,14312.3,0.05,128810.7,6440.54,122370.16,101567.23,20802.93,Net Banking,Completed,2025,1,January,Q1
ORD10815,2025-01-13,CUST1077,Laptop,Electronics,Central,Pooja,Retail Store,2,67493.99,0.2,134987.98,26997.6,107990.38,88552.11,19438.27,UPI,Completed,2025,1,January,Q1
ORD10816,2025-01-14,CUST1097,Office Chair,Furniture,West,Arjun,Online,5,12727.57,0.15,63637.85,9545.68,54092.17,41110.05,12982.12,Cash,Completed,2025,1,January,Q1
ORD10817,2025-01-15,CUST1169,Mouse,Accessories,Central,Priya,Distributor,4,1278.87,0.1,5115.48,511.55,4603.93,3222.75,1381.18,Credit Card,Completed,2025,1,January,Q1
ORD10818,2025-01-16,CUST1129,Desk,Furniture,Central,Neha,Online,10,18739.65,0.1,187396.5,18739.65,168656.85,133238.91,35417.94,Cash,Completed,2025,1,January,Q1
ORD10819,2025-01-17,CUST1151,Printer,Office Equipment,North,Neha,Online,9,15406.91,0.05,138662.19,6933.11,131729.08,109335.14,22393.94,Cash,Completed,2025,1,January,Q1
ORD10820,2025-01-17,CUST1142,Monitor,Electronics,West,Priya,Online,10,19375.34,0.1,193753.4,19375.34,174378.06,136014.89,38363.17,Credit Card,Completed,2025,1,January,Q1
ORD10821,2025-01-18,CUST1031,Laptop,Electronics,East,Rahul,Online,7,61394.75,0.1,429763.25,42976.32,386786.93,317165.28,69621.65,Net Banking,Completed,2025,1,January,Q1
ORD10822,2025-01-19,CUST1162,Headphones,Accessories,South,Priya,Retail Store,2,3556.98,0.05,7113.96,355.7,6758.26,5068.7,1689.56,Cash,Completed,2025,1,January,Q1
ORD10823,2025-01-20,CUST1019,Tablet,Electronics,East,Rahul,Distributor,3,29563.24,0.05,88689.72,4434.49,84255.23,67404.18,16851.05,Net Banking,Completed,2025,1,January,Q1
ORD10824,2025-01-21,CUST1017,Laptop,Electronics,North,Sneha,Distributor,2,60358.83,0.1,120717.66,12071.77,108645.89,89089.63,19556.26,Credit Card,Completed,2025,1,January,Q1
ORD10825,2025-01-22,CUST1103,Monitor,Electronics,Central,Rahul,Retail Store,10,17607.51,0.15,176075.1,26411.26,149663.84,116737.8,32926.04,Debit Card,Completed,2025,1,January,Q1
ORD10826,2025-01-23,CUST1075,Keyboard,Accessories,Central,Pooja,Distributor,9,2546.93,0.05,22922.37,1146.12,21776.25,15678.9,6097.35,Debit Card,Completed,2025,1,January,Q1
ORD10827,2025-01-24,CUST1077,Headphones,Accessories,Central,Sneha,Online,3,3332.03,0.0,9996.09,0.0,9996.09,7497.07,2499.02,Credit Card,Completed,2025,1,January,Q1
ORD10828,2025-01-25,CUST1132,Desk,Furniture,West,Priya,Online,10,17602.08,0.05,176020.8,8801.04,167219.76,132103.61,35116.15,UPI,Completed,2025,1,January,Q1
ORD10829,2025-01-26,CUST1176,Keyboard,Accessories,West,Pooja,Retail Store,4,2426.72,0.0,9706.88,0.0,9706.88,6988.95,2717.93,UPI,Completed,2025,1,January,Q1
ORD10830,2025-01-27,CUST1003,Desk,Furniture,West,Vikram,Distributor,5,17463.98,0.0,87319.9,0.0,-87319.9,68982.72,-18337.18,Net Banking,Returned,2025,1,January,Q1
ORD10831,2025-01-28,CUST1111,Keyboard,Accessories,North,Pooja,Retail Store,8,2361.3,0.05,18890.4,944.52,17945.88,12921.03,5024.85,Debit Card,Completed,2025,1,January,Q1
ORD10832,2025-01-28,CUST1079,Tablet,Electronics,Central,Vikram,Online,10,29058.78,0.1,290587.8,29058.78,261529.02,209223.22,52305.8,Credit Card,Completed,2025,1,January,Q1
ORD10833,2025-01-29,CUST1048,Printer,Office Equipment,North,Arjun,Distributor,1,15319.85,0.15,15319.85,2297.98,13021.87,10808.15,2213.72,Debit Card,Completed,2025,1,January,Q1
ORD10834,2025-01-30,CUST1156,Office Chair,Furniture,West,Amit,Retail Store,6,12296.65,0.0,73779.9,0.0,73779.9,56072.72,17707.18,UPI,Completed,2025,1,January,Q1
ORD10835,2025-01-31,CUST1076,Monitor,Electronics,West,Sneha,Distributor,3,17115.77,0.0,51347.31,0.0,51347.31,40050.9,11296.41,Credit Card,Completed,2025,1,January,Q1
ORD10836,2025-02-01,CUST1113,Laptop,Electronics,Central,Neha,Distributor,10,61661.27,0.2,616612.7,123322.54,493290.16,404497.93,88792.23,Credit Card,Completed,2025,2,February,Q1
ORD10837,2025-02-02,CUST1137,Monitor,Electronics,East,Sneha,Distributor,1,18219.96,0.0,18219.96,0.0,18219.96,14211.57,4008.39,Net Banking,Completed,2025,2,February,Q1
ORD10838,2025-02-03,CUST1107,Laptop,Electronics,West,Sneha,Online,9,61478.32,0.1,553304.88,55330.49,497974.39,408339.0,89635.39,Net Banking,Completed,2025,2,February,Q1
ORD10839,2025-02-04,CUST1082,Smartphone,Electronics,West,Sneha,Online,3,37525.65,0.0,112576.95,0.0,112576.95,94564.64,18012.31,Net Banking,Completed,2025,2,February,Q1
ORD10840,2025-02-05,CUST1007,Monitor,Electronics,North,Arjun,Online,7,16638.09,0.15,116466.63,17469.99,98996.64,77217.38,21779.26,Cash,Completed,2025,2,February,Q1
ORD10841,2025-02-06,CUST1178,Keyboard,Accessories,Central,Vikram,Retail Store,5,2541.67,0.1,12708.35,1270.84,11437.51,8235.01,3202.5,Credit Card,Completed,2025,2,February,Q1
ORD10842,2025-02-07,CUST1093,Monitor,Electronics,East,Priya,Online,3,18048.05,0.1,54144.15,5414.42,48729.73,38009.19,10720.54,UPI,Completed,2025,2,February,Q1
ORD10843,2025-02-07,CUST1140,Keyboard,Accessories,East,Pooja,Distributor,7,2497.29,0.1,17481.03,1748.1,15732.93,11327.71,4405.22,Cash,Completed,2025,2,February,Q1
ORD10844,2025-02-08,CUST1018,Office Chair,Furniture,West,Priya,Online,3,11793.12,0.05,35379.36,1768.97,33610.39,25543.9,8066.49,Cash,Completed,2025,2,February,Q1
ORD10845,2025-02-09,CUST1016,Headphones,Accessories,East,Sneha,Retail Store,1,3258.19,0.15,3258.19,488.73,0.0,2077.1,0.0,Credit Card,Cancelled,2025,2,February,Q1
ORD10846,2025-02-10,CUST1006,Office Chair,Furniture,East,Vikram,Online,10,11693.08,0.2,116930.8,23386.16,93544.64,71093.93,22450.71,Debit Card,Completed,2025,2,February,Q1
ORD10847,2025-02-11,CUST1052,Desk,Furniture,North,Neha,Distributor,5,18044.89,0.0,90224.45,0.0,90224.45,71277.32,18947.13,Credit Card,Completed,2025,2,February,Q1
ORD10848,2025-02-12,CUST1055,Tablet,Electronics,South,Vikram,Distributor,3,27587.38,0.0,82762.14,0.0,0.0,66209.71,0.0,Net Banking,Cancelled,2025,2,February,Q1
ORD10849,2025-02-13,CUST1096,Mouse,Accessories,Central,Arjun,Online,7,1149.95,0.05,8049.65,402.48,7647.17,5353.02,2294.15,Credit Card,Completed,2025,2,February,Q1
ORD10850,2025-02-14,CUST1057,Keyboard,Accessories,West,Vikram,Distributor,3,2365.21,0.0,7095.63,0.0,7095.63,5108.85,1986.78,Cash,Completed,2025,2,February,Q1
ORD10851,2025-02-15,CUST1033,Keyboard,Accessories,South,Priya,Online,6,2504.77,0.15,15028.62,2254.29,12774.33,9197.52,3576.81,Debit Card,Completed,2025,2,February,Q1
ORD10852,2025-02-16,CUST1106,Office Chair,Furniture,East,Rahul,Distributor,10,12154.8,0.05,121548.0,6077.4,115470.6,87757.66,27712.94,UPI,Completed,2025,2,February,Q1
ORD10853,2025-02-17,CUST1057,Monitor,Electronics,South,Arjun,Distributor,5,17103.75,0.05,85518.75,4275.94,81242.81,63369.39,17873.42,Credit Card,Completed,2025,2,February,Q1
ORD10854,2025-02-18,CUST1141,Tablet,Electronics,West,Rahul,Distributor,3,29728.87,0.0,89186.61,0.0,89186.61,71349.29,17837.32,Debit Card,Completed,2025,2,February,Q1
ORD10855,2025-02-18,CUST1149,Office Chair,Furniture,Central,Rahul,Retail Store,7,12815.39,0.05,89707.73,4485.39,85222.34,64768.98,20453.36,UPI,Completed,2025,2,February,Q1
ORD10856,2025-02-19,CUST1149,Headphones,Accessories,West,Neha,Distributor,10,3708.15,0.1,37081.5,3708.15,33373.35,25030.01,8343.34,Net Banking,Completed,2025,2,February,Q1
ORD10857,2025-02-20,CUST1044,Laptop,Electronics,South,Sneha,Online,5,62184.16,0.1,310920.8,31092.08,279828.72,229459.55,50369.17,Debit Card,Completed,2025,2,February,Q1
ORD10858,2025-02-21,CUST1130,Tablet,Electronics,East,Amit,Retail Store,5,26888.23,0.0,134441.15,0.0,134441.15,107552.92,26888.23,UPI,Completed,2025,2,February,Q1
ORD10859,2025-02-22,CUST1158,Printer,Office Equipment,West,Amit,Retail Store,2,14752.61,0.05,29505.22,1475.26,28029.96,23264.87,4765.09,Net Banking,Completed,2025,2,February,Q1
ORD10860,2025-02-23,CUST1004,Desk,Furniture,North,Sneha,Online,1,17863.78,0.1,17863.78,1786.38,16077.4,12701.15,3376.25,Cash,Completed,2025,2,February,Q1
ORD10861,2025-02-24,CUST1095,Printer,Office Equipment,North,Amit,Online,10,14823.16,0.05,148231.6,7411.58,140820.02,116880.62,23939.4,Net Banking,Completed,2025,2,February,Q1
ORD10862,2025-02-25,CUST1051,Printer,Office Equipment,East,Arjun,Online,10,15630.45,0.15,156304.5,23445.68,132858.82,110272.82,22586.0,Debit Card,Completed,2025,2,February,Q1
ORD10863,2025-02-26,CUST1159,Monitor,Electronics,West,Pooja,Distributor,5,18686.23,0.05,93431.15,4671.56,88759.59,69232.48,19527.11,Net Banking,Completed,2025,2,February,Q1
ORD10864,2025-02-27,CUST1166,Monitor,Electronics,North,Priya,Retail Store,10,19374.63,0.05,193746.3,9687.32,184058.98,143566.0,40492.98,UPI,Completed,2025,2,February,Q1
ORD10865,2025-02-28,CUST1067,Keyboard,Accessories,West,Pooja,Retail Store,3,2631.35,0.1,7894.05,789.41,7104.64,5115.34,1989.3,Net Banking,Completed,2025,2,February,Q1
ORD10866,2025-02-28,CUST1013,Laptop,Electronics,North,Neha,Distributor,1,65523.9,0.1,65523.9,6552.39,58971.51,48356.64,10614.87,Credit Card,Completed,2025,2,February,Q1
ORD10867,2025-03-01,CUST1041,Laptop,Electronics,North,Priya,Online,1,62158.06,0.05,62158.06,3107.9,59050.16,48421.13,10629.03,Debit Card,Completed,2025,3,March,Q1
ORD10868,2025-03-02,CUST1073,Tablet,Electronics,North,Arjun,Distributor,6,26659.91,0.05,159959.46,7997.97,151961.49,121569.19,30392.3,Credit Card,Completed,2025,3,March,Q1
ORD10869,2025-03-03,CUST1048,Desk,Furniture,South,Priya,Retail Store,2,18928.83,0.05,37857.66,1892.88,35964.78,28412.18,7552.6,Credit Card,Completed,2025,3,March,Q1
ORD10870,2025-03-04,CUST1112,Headphones,Accessories,South,Rahul,Distributor,7,3729.35,0.0,26105.45,0.0,26105.45,19579.09,6526.36,Credit Card,Completed,2025,3,March,Q1
ORD10871,2025-03-05,CUST1021,Tablet,Electronics,North,Vikram,Retail Store,5,28357.12,0.15,141785.6,21267.84,120517.76,96414.21,24103.55,Debit Card,Completed,2025,3,March,Q1
ORD10872,2025-03-06,CUST1180,Smartphone,Electronics,East,Vikram,Online,8,39989.12,0.1,319912.96,31991.3,287921.66,241854.19,46067.47,Credit Card,Completed,2025,3,March,Q1
ORD10873,2025-03-07,CUST1149,Desk,Furniture,West,Vikram,Retail Store,1,18355.44,0.0,18355.44,0.0,18355.44,14500.8,3854.64,Net Banking,Completed,2025,3,March,Q1
ORD10874,2025-03-08,CUST1058,Monitor,Electronics,West,Sneha,Distributor,7,18106.14,0.2,126742.98,25348.6,101394.38,79087.62,22306.76,Debit Card,Completed,2025,3,March,Q1
ORD10875,2025-03-09,CUST1100,Desk,Furniture,Central,Neha,Distributor,5,18278.05,0.2,91390.25,18278.05,73112.2,57758.64,15353.56,Debit Card,Completed,2025,3,March,Q1
ORD10876,2025-03-10,CUST1015,Laptop,Electronics,South,Arjun,Retail Store,10,62651.06,0.0,626510.6,0.0,626510.6,513738.69,112771.91,Net Banking,Completed,2025,3,March,Q1
ORD10877,2025-03-11,CUST1063,Tablet,Electronics,North,Neha,Distributor,9,26226.04,0.05,236034.36,11801.72,-224232.64,179386.11,-44846.53,Cash,Returned,2025,3,March,Q1
ORD10878,2025-03-11,CUST1173,Office Chair,Furniture,West,Vikram,Retail Store,8,11648.6,0.05,93188.8,4659.44,88529.36,67282.31,21247.05,Credit Card,Completed,2025,3,March,Q1
ORD10879,2025-03-12,CUST1033,Smartphone,Electronics,West,Neha,Online,4,38805.87,0.1,155223.48,15522.35,139701.13,117348.95,22352.18,Cash,Completed,2025,3,March,Q1
ORD10880,2025-03-13,CUST1094,Office Chair,Furniture,West,Pooja,Distributor,5,12932.36,0.05,64661.8,3233.09,61428.71,46685.82,14742.89,UPI,Completed,2025,3,March,Q1
ORD10881,2025-03-14,CUST1108,Monitor,Electronics,North,Vikram,Online,9,17618.95,0.1,158570.55,15857.06,142713.49,111316.52,31396.97,Debit Card,Completed,2025,3,March,Q1
ORD10882,2025-03-15,CUST1144,Tablet,Electronics,East,Sneha,Retail Store,6,27651.61,0.0,165909.66,0.0,165909.66,132727.73,33181.93,Debit Card,Completed,2025,3,March,Q1
ORD10883,2025-03-16,CUST1118,Tablet,Electronics,Central,Rahul,Online,8,26155.83,0.1,209246.64,20924.66,188321.98,150657.58,37664.4,Net Banking,Completed,2025,3,March,Q1
ORD10884,2025-03-17,CUST1178,Printer,Office Equipment,South,Priya,Online,8,15841.76,0.2,126734.08,25346.82,101387.26,84151.43,17235.83,Debit Card,Completed,2025,3,March,Q1
ORD10885,2025-03-18,CUST1100,Desk,Furniture,South,Sneha,Distributor,6,18023.49,0.0,108140.94,0.0,108140.94,85431.34,22709.6,Debit Card,Completed,2025,3,March,Q1
ORD10886,2025-03-19,CUST1078,Mouse,Accessories,Central,Rahul,Online,3,1197.15,0.1,3591.45,359.14,3232.31,2262.62,969.69,Cash,Completed,2025,3,March,Q1
ORD10887,2025-03-20,CUST1059,Printer,Office Equipment,South,Priya,Retail Store,4,15052.07,0.0,60208.28,0.0,60208.28,49972.87,10235.41,UPI,Completed,2025,3,March,Q1
ORD10888,2025-03-21,CUST1042,Monitor,Electronics,North,Neha,Retail Store,9,17322.44,0.0,155901.96,0.0,155901.96,121603.53,34298.43,Cash,Completed,2025,3,March,Q1
ORD10889,2025-03-21,CUST1129,Mouse,Accessories,West,Amit,Online,10,1158.44,0.0,11584.4,0.0,11584.4,8109.08,3475.32,Net Banking,Completed,2025,3,March,Q1
ORD10890,2025-03-22,CUST1133,Printer,Office Equipment,North,Rahul,Retail Store,7,15308.36,0.1,107158.52,10715.85,96442.67,80047.42,16395.25,Debit Card,Completed,2025,3,March,Q1
ORD10891,2025-03-23,CUST1014,Desk,Furniture,Central,Vikram,Retail Store,6,17612.39,0.1,105674.34,10567.43,95106.91,75134.46,19972.45,Debit Card,Completed,2025,3,March,Q1
ORD10892,2025-03-24,CUST1066,Headphones,Accessories,South,Sneha,Distributor,6,3334.55,0.2,20007.3,4001.46,16005.84,12004.38,4001.46,Debit Card,Completed,2025,3,March,Q1
ORD10893,2025-03-25,CUST1099,Keyboard,Accessories,North,Amit,Retail Store,7,2322.29,0.1,16256.03,1625.6,14630.43,10533.91,4096.52,UPI,Completed,2025,3,March,Q1
ORD10894,2025-03-26,CUST1169,Keyboard,Accessories,Central,Pooja,Online,5,2380.57,0.1,11902.85,1190.29,10712.56,7713.04,2999.52,Debit Card,Completed,2025,3,March,Q1
ORD10895,2025-03-27,CUST1045,Office Chair,Furniture,Central,Priya,Distributor,2,12529.46,0.05,25058.92,1252.95,23805.97,18092.54,5713.43,Cash,Completed,2025,3,March,Q1
ORD10896,2025-03-28,CUST1026,Laptop,Electronics,Central,Neha,Distributor,5,67809.18,0.05,339045.9,16952.3,322093.6,264116.75,57976.85,Credit Card,Completed,2025,3,March,Q1
ORD10897,2025-03-29,CUST1139,Desk,Furniture,Central,Pooja,Online,4,18585.9,0.0,74343.6,0.0,74343.6,58731.44,15612.16,Credit Card,Completed,2025,3,March,Q1
ORD10898,2025-03-30,CUST1068,Headphones,Accessories,Central,Priya,Distributor,4,3363.08,0.15,13452.32,2017.85,11434.47,8575.85,2858.62,Debit Card,Completed,2025,3,March,Q1
ORD10899,2025-03-31,CUST1155,Desk,Furniture,East,Priya,Online,3,17754.35,0.0,53263.05,0.0,53263.05,42077.81,11185.24,Cash,Completed,2025,3,March,Q1
ORD10900,2025-04-01,CUST1135,Headphones,Accessories,Central,Pooja,Online,7,3328.8,0.2,23301.6,4660.32,18641.28,13980.96,4660.32,Credit Card,Completed,2025,4,April,Q2
ORD10901,2025-04-01,CUST1022,Smartphone,Electronics,East,Pooja,Online,6,39674.88,0.1,238049.28,23804.93,214244.35,179965.25,34279.1,Net Banking,Completed,2025,4,April,Q2
ORD10902,2025-04-02,CUST1033,Smartphone,Electronics,East,Arjun,Online,8,38520.09,0.0,308160.72,0.0,-308160.72,258855.0,-49305.72,Cash,Returned,2025,4,April,Q2
ORD10903,2025-04-03,CUST1104,Office Chair,Furniture,Central,Vikram,Distributor,7,11118.08,0.1,77826.56,7782.66,70043.9,53233.36,16810.54,Cash,Completed,2025,4,April,Q2
ORD10904,2025-04-04,CUST1174,Laptop,Electronics,West,Rahul,Online,10,69827.88,0.15,698278.8,104741.82,593536.98,486700.32,106836.66,UPI,Completed,2025,4,April,Q2
ORD10905,2025-04-05,CUST1111,Mouse,Accessories,South,Amit,Distributor,10,1235.16,0.0,12351.6,0.0,12351.6,8646.12,3705.48,Cash,Completed,2025,4,April,Q2
ORD10906,2025-04-06,CUST1139,Keyboard,Accessories,North,Amit,Distributor,10,2479.47,0.05,24794.7,1239.74,23554.96,16959.57,6595.39,Debit Card,Completed,2025,4,April,Q2
ORD10907,2025-04-07,CUST1162,Tablet,Electronics,North,Rahul,Distributor,5,25813.77,0.05,129068.85,6453.44,122615.41,98092.33,24523.08,Cash,Completed,2025,4,April,Q2
ORD10908,2025-04-08,CUST1160,Keyboard,Accessories,North,Rahul,Retail Store,1,2340.96,0.15,2340.96,351.14,1989.82,1432.67,557.15,Net Banking,Completed,2025,4,April,Q2
ORD10909,2025-04-09,CUST1104,Desk,Furniture,South,Amit,Retail Store,6,19423.3,0.1,116539.8,11653.98,0.0,82859.8,0.0,Debit Card,Cancelled,2025,4,April,Q2
ORD10910,2025-04-10,CUST1166,Desk,Furniture,Central,Sneha,Online,6,17200.23,0.1,103201.38,10320.14,92881.24,73376.18,19505.06,UPI,Completed,2025,4,April,Q2
ORD10911,2025-04-11,CUST1023,Mouse,Accessories,North,Sneha,Online,2,1202.43,0.0,2404.86,0.0,2404.86,1683.4,721.46,Cash,Completed,2025,4,April,Q2
ORD10912,2025-04-11,CUST1107,Office Chair,Furniture,North,Amit,Online,6,11824.67,0.2,70948.02,14189.6,56758.42,43136.4,13622.02,Net Banking,Completed,2025,4,April,Q2
ORD10913,2025-04-12,CUST1085,Laptop,Electronics,West,Neha,Distributor,10,62381.08,0.15,623810.8,93571.62,530239.18,434796.13,95443.05,Cash,Completed,2025,4,April,Q2
ORD10914,2025-04-13,CUST1017,Printer,Office Equipment,North,Arjun,Retail Store,2,14509.94,0.1,29019.88,2901.99,26117.89,21677.85,4440.04,Debit Card,Completed,2025,4,April,Q2
ORD10915,2025-04-14,CUST1016,Keyboard,Accessories,West,Sneha,Distributor,3,2570.48,0.15,7711.44,1156.72,6554.72,4719.4,1835.32,Cash,Completed,2025,4,April,Q2
ORD10916,2025-04-15,CUST1004,Laptop,Electronics,West,Neha,Retail Store,1,60033.1,0.05,60033.1,3001.66,57031.44,46765.78,10265.66,UPI,Completed,2025,4,April,Q2
ORD10917,2025-04-16,CUST1120,Mouse,Accessories,West,Neha,Online,2,1177.77,0.1,2355.54,235.55,2119.99,1483.99,636.0,Debit Card,Completed,2025,4,April,Q2
ORD10918,2025-04-17,CUST1121,Laptop,Electronics,Central,Amit,Distributor,10,67963.18,0.1,679631.8,67963.18,611668.62,501568.27,110100.35,Credit Card,Completed,2025,4,April,Q2
ORD10919,2025-04-18,CUST1146,Monitor,Electronics,East,Priya,Online,7,18311.27,0.05,128178.89,6408.94,121769.95,94980.56,26789.39,UPI,Completed,2025,4,April,Q2
ORD10920,2025-04-19,CUST1144,Mouse,Accessories,Central,Amit,Distributor,2,1236.63,0.1,2473.26,247.33,2225.93,1558.15,667.78,UPI,Completed,2025,4,April,Q2
ORD10921,2025-04-20,CUST1016,Smartphone,Electronics,North,Priya,Retail Store,1,36972.03,0.05,36972.03,1848.6,35123.43,29503.68,5619.75,Credit Card,Completed,2025,4,April,Q2
ORD10922,2025-04-21,CUST1127,Office Chair,Furniture,South,Amit,Online,3,11104.82,0.05,33314.46,1665.72,31648.74,24053.04,7595.7,Debit Card,Completed,2025,4,April,Q2
ORD10923,2025-04-22,CUST1159,Keyboard,Accessories,East,Amit,Retail Store,10,2320.58,0.05,23205.8,1160.29,22045.51,15872.77,6172.74,Cash,Completed,2025,4,April,Q2
ORD10924,2025-04-22,CUST1102,Smartphone,Electronics,North,Neha,Distributor,8,41086.33,0.1,328690.64,32869.06,295821.58,248490.13,47331.45,UPI,Completed,2025,4,April,Q2
ORD10925,2025-04-23,CUST1006,Monitor,Electronics,Central,Arjun,Online,2,17909.21,0.2,35818.42,7163.68,28654.74,22350.7,6304.04,Debit Card,Completed,2025,4,April,Q2
ORD10926,2025-04-24,CUST1066,Smartphone,Electronics,North,Sneha,Retail Store,7,40659.86,0.1,284619.02,28461.9,256157.12,215171.98,40985.14,UPI,Completed,2025,4,April,Q2
ORD10927,2025-04-25,CUST1177,Smartphone,Electronics,North,Pooja,Distributor,3,42590.9,0.0,127772.7,0.0,127772.7,107329.07,20443.63,Net Banking,Completed,2025,4,April,Q2
ORD10928,2025-04-26,CUST1119,Tablet,Electronics,West,Priya,Online,6,29530.72,0.0,177184.32,0.0,177184.32,141747.46,35436.86,UPI,Completed,2025,4,April,Q2
ORD10929,2025-04-27,CUST1175,Keyboard,Accessories,South,Amit,Online,8,2507.34,0.2,20058.72,4011.74,16046.98,11553.83,4493.15,Cash,Completed,2025,4,April,Q2
ORD10930,2025-04-28,CUST1177,Tablet,Electronics,West,Arjun,Online,2,29976.39,0.15,59952.78,8992.92,50959.86,40767.89,10191.97,Cash,Completed,2025,4,April,Q2
ORD10931,2025-04-29,CUST1040,Printer,Office Equipment,East,Rahul,Retail Store,10,14781.94,0.1,147819.4,14781.94,133037.46,110421.09,22616.37,UPI,Completed,2025,4,April,Q2
ORD10932,2025-04-30,CUST1131,Smartphone,Electronics,East,Amit,Distributor,7,37117.96,0.0,259825.72,0.0,259825.72,218253.6,41572.12,Debit Card,Completed,2025,4,April,Q2
ORD10933,2025-05-01,CUST1056,Printer,Office Equipment,North,Neha,Distributor,2,14904.71,0.0,29809.42,0.0,29809.42,24741.82,5067.6,Net Banking,Completed,2025,5,May,Q2
ORD10934,2025-05-02,CUST1171,Monitor,Electronics,West,Amit,Online,7,18799.94,0.1,131599.58,13159.96,118439.62,92382.9,26056.72,UPI,Completed,2025,5,May,Q2
ORD10935,2025-05-02,CUST1084,Printer,Office Equipment,North,Pooja,Distributor,4,14899.86,0.2,59599.44,11919.89,-47679.55,39574.03,-8105.52,Debit Card,Returned,2025,5,May,Q2
ORD10936,2025-05-03,CUST1059,Smartphone,Electronics,West,Arjun,Online,2,42801.29,0.05,85602.58,4280.13,-81322.45,68310.86,-13011.59,Cash,Returned,2025,5,May,Q2
ORD10937,2025-05-04,CUST1057,Headphones,Accessories,East,Sneha,Distributor,8,3643.34,0.0,29146.72,0.0,29146.72,21860.04,7286.68,Net Banking,Completed,2025,5,May,Q2
ORD10938,2025-05-05,CUST1033,Headphones,Accessories,East,Rahul,Online,3,3470.8,0.05,10412.4,520.62,9891.78,7418.84,2472.94,Debit Card,Completed,2025,5,May,Q2
ORD10939,2025-05-06,CUST1138,Smartphone,Electronics,East,Arjun,Retail Store,4,41826.66,0.15,167306.64,25096.0,142210.64,119456.94,22753.7,Debit Card,Completed,2025,5,May,Q2
ORD10940,2025-05-07,CUST1082,Tablet,Electronics,Central,Pooja,Online,10,29519.4,0.2,295194.0,59038.8,236155.2,188924.16,47231.04,Net Banking,Completed,2025,5,May,Q2
ORD10941,2025-05-08,CUST1057,Headphones,Accessories,West,Rahul,Online,3,3268.63,0.1,9805.89,980.59,8825.3,6618.98,2206.32,Net Banking,Completed,2025,5,May,Q2
ORD10942,2025-05-09,CUST1083,Desk,Furniture,West,Pooja,Retail Store,3,17035.81,0.1,51107.43,5110.74,45996.69,36337.39,9659.3,Credit Card,Completed,2025,5,May,Q2
ORD10943,2025-05-10,CUST1155,Desk,Furniture,West,Neha,Distributor,10,17182.01,0.05,171820.1,8591.01,163229.09,128950.98,34278.11,Debit Card,Completed,2025,5,May,Q2
ORD10944,2025-05-11,CUST1008,Printer,Office Equipment,Central,Pooja,Retail Store,2,15752.02,0.05,31504.04,1575.2,29928.84,24840.94,5087.9,Net Banking,Completed,2025,5,May,Q2
ORD10945,2025-05-12,CUST1115,Printer,Office Equipment,West,Pooja,Distributor,4,15208.61,0.1,60834.44,6083.44,54751.0,45443.33,9307.67,UPI,Completed,2025,5,May,Q2
ORD10946,2025-05-13,CUST1132,Tablet,Electronics,East,Pooja,Retail Store,3,26619.06,0.05,79857.18,3992.86,75864.32,60691.46,15172.86,Net Banking,Completed,2025,5,May,Q2
ORD10947,2025-05-13,CUST1092,Office Chair,Furniture,Central,Sneha,Online,7,12276.22,0.2,85933.54,17186.71,68746.83,52247.59,16499.24,Debit Card,Completed,2025,5,May,Q2
ORD10948,2025-05-14,CUST1132,Desk,Furniture,West,Priya,Online,8,18399.05,0.05,147192.4,7359.62,139832.78,110467.9,29364.88,Debit Card,Completed,2025,5,May,Q2
ORD10949,2025-05-15,CUST1091,Laptop,Electronics,East,Pooja,Distributor,7,65023.46,0.05,455164.22,22758.21,-432406.01,354572.93,-77833.08,Credit Card,Returned,2025,5,May,Q2
ORD10950,2025-05-16,CUST1102,Monitor,Electronics,East,Rahul,Distributor,3,16801.62,0.2,50404.86,10080.97,40323.89,31452.63,8871.26,Credit Card,Completed,2025,5,May,Q2
ORD10951,2025-05-17,CUST1138,Printer,Office Equipment,North,Sneha,Retail Store,9,14202.63,0.0,127823.67,0.0,127823.67,106093.65,21730.02,Net Banking,Completed,2025,5,May,Q2
ORD10952,2025-05-18,CUST1141,Keyboard,Accessories,Central,Rahul,Online,8,2689.99,0.0,21519.92,0.0,21519.92,15494.34,6025.58,UPI,Completed,2025,5,May,Q2
ORD10953,2025-05-19,CUST1071,Keyboard,Accessories,East,Pooja,Distributor,4,2523.48,0.1,10093.92,1009.39,9084.53,6540.86,2543.67,Credit Card,Completed,2025,5,May,Q2
ORD10954,2025-05-20,CUST1078,Keyboard,Accessories,East,Sneha,Retail Store,10,2426.18,0.1,24261.8,2426.18,21835.62,15721.65,6113.97,Cash,Completed,2025,5,May,Q2
ORD10955,2025-05-21,CUST1073,Mouse,Accessories,Central,Priya,Retail Store,9,1104.22,0.15,9937.98,1490.7,8447.28,5913.1,2534.18,UPI,Completed,2025,5,May,Q2
ORD10956,2025-05-22,CUST1172,Desk,Furniture,West,Pooja,Online,3,19016.87,0.15,57050.61,8557.59,48493.02,38309.49,10183.53,Debit Card,Completed,2025,5,May,Q2
ORD10957,2025-05-23,CUST1032,Desk,Furniture,West,Pooja,Retail Store,2,16872.95,0.1,33745.9,3374.59,30371.31,23993.33,6377.98,UPI,Completed,2025,5,May,Q2
ORD10958,2025-05-23,CUST1136,Headphones,Accessories,South,Amit,Retail Store,6,3428.0,0.05,20568.0,1028.4,19539.6,14654.7,4884.9,Cash,Completed,2025,5,May,Q2
ORD10959,2025-05-24,CUST1032,Office Chair,Furniture,West,Pooja,Distributor,9,11285.7,0.0,101571.3,0.0,101571.3,77194.19,24377.11,Net Banking,Completed,2025,5,May,Q2
ORD10960,2025-05-25,CUST1142,Office Chair,Furniture,Central,Arjun,Retail Store,1,12449.65,0.05,12449.65,622.48,11827.17,8988.65,2838.52,Net Banking,Completed,2025,5,May,Q2
ORD10961,2025-05-26,CUST1009,Smartphone,Electronics,West,Vikram,Retail Store,7,42786.1,0.1,299502.7,29950.27,269552.43,226424.04,43128.39,Credit Card,Completed,2025,5,May,Q2
ORD10962,2025-05-27,CUST1125,Laptop,Electronics,South,Arjun,Distributor,1,64094.98,0.0,64094.98,0.0,64094.98,52557.88,11537.1,Cash,Completed,2025,5,May,Q2
ORD10963,2025-05-28,CUST1094,Headphones,Accessories,Central,Priya,Retail Store,6,3697.34,0.05,22184.04,1109.2,21074.84,15806.13,5268.71,UPI,Completed,2025,5,May,Q2
ORD10964,2025-05-29,CUST1113,Desk,Furniture,North,Vikram,Distributor,2,17592.28,0.0,35184.56,0.0,35184.56,27795.8,7388.76,Net Banking,Completed,2025,5,May,Q2
ORD10965,2025-05-30,CUST1016,Office Chair,Furniture,Central,Sneha,Distributor,4,12636.48,0.1,50545.92,5054.59,45491.33,34573.41,10917.92,Net Banking,Completed,2025,5,May,Q2
ORD10966,2025-05-31,CUST1078,Keyboard,Accessories,South,Amit,Distributor,4,2427.93,0.1,9711.72,971.17,8740.55,6293.2,2447.35,Credit Card,Completed,2025,5,May,Q2
ORD10967,2025-06-01,CUST1146,Desk,Furniture,Central,Vikram,Online,3,17014.27,0.1,51042.81,5104.28,45938.53,36291.44,9647.09,Debit Card,Completed,2025,6,June,Q2
ORD10968,2025-06-02,CUST1025,Monitor,Electronics,South,Amit,Online,8,17389.59,0.05,139116.72,6955.84,132160.88,103085.49,29075.39,Net Banking,Completed,2025,6,June,Q2
ORD10969,2025-06-03,CUST1122,Smartphone,Electronics,Central,Neha,Online,8,37094.66,0.0,296757.28,0.0,296757.28,249276.12,47481.16,Cash,Completed,2025,6,June,Q2
ORD10970,2025-06-03,CUST1062,Tablet,Electronics,South,Neha,Online,10,28965.93,0.05,289659.3,14482.96,275176.34,220141.07,55035.27,Debit Card,Completed,2025,6,June,Q2
ORD10971,2025-06-04,CUST1096,Keyboard,Accessories,West,Arjun,Retail Store,7,2492.79,0.0,17449.53,0.0,17449.53,12563.66,4885.87,Debit Card,Completed,2025,6,June,Q2
ORD10972,2025-06-05,CUST1134,Laptop,Electronics,South,Pooja,Distributor,6,66314.69,0.05,397888.14,19894.41,0.0,309954.86,0.0,Credit Card,Cancelled,2025,6,June,Q2
ORD10973,2025-06-06,CUST1079,Office Chair,Furniture,West,Priya,Retail Store,7,11697.08,0.1,81879.56,8187.96,73691.6,56005.62,17685.98,UPI,Completed,2025,6,June,Q2
ORD10974,2025-06-07,CUST1137,Office Chair,Furniture,East,Vikram,Online,9,12767.3,0.2,114905.7,22981.14,91924.56,69862.67,22061.89,Cash,Completed,2025,6,June,Q2
ORD10975,2025-06-08,CUST1155,Printer,Office Equipment,Central,Priya,Distributor,10,15227.37,0.0,152273.7,0.0,152273.7,126387.17,25886.53,Debit Card,Completed,2025,6,June,Q2
ORD10976,2025-06-09,CUST1153,Smartphone,Electronics,East,Priya,Distributor,4,38436.53,0.0,153746.12,0.0,153746.12,129146.74,24599.38,Net Banking,Completed,2025,6,June,Q2
ORD10977,2025-06-10,CUST1078,Monitor,Electronics,Central,Rahul,Online,6,19415.43,0.15,116492.58,17473.89,-99018.69,77234.58,-21784.11,UPI,Returned,2025,6,June,Q2
ORD10978,2025-06-11,CUST1133,Tablet,Electronics,North,Sneha,Online,7,26822.42,0.0,187756.94,0.0,187756.94,150205.55,37551.39,Cash,Completed,2025,6,June,Q2
ORD10979,2025-06-12,CUST1116,Keyboard,Accessories,South,Neha,Online,4,2640.49,0.1,10561.96,1056.2,9505.76,6844.15,2661.61,UPI,Completed,2025,6,June,Q2
ORD10980,2025-06-13,CUST1168,Printer,Office Equipment,East,Sneha,Distributor,9,15803.83,0.15,142234.47,21335.17,120899.3,100346.42,20552.88,Credit Card,Completed,2025,6,June,Q2
ORD10981,2025-06-13,CUST1100,Headphones,Accessories,West,Amit,Distributor,10,3540.08,0.0,35400.8,0.0,35400.8,26550.6,8850.2,Credit Card,Completed,2025,6,June,Q2
ORD10982,2025-06-14,CUST1058,Desk,Furniture,West,Sneha,Online,9,18399.35,0.0,165594.15,0.0,165594.15,130819.38,34774.77,Debit Card,Completed,2025,6,June,Q2
ORD10983,2025-06-15,CUST1145,Printer,Office Equipment,North,Arjun,Retail Store,5,16153.32,0.0,80766.6,0.0,80766.6,67036.28,13730.32,Credit Card,Completed,2025,6,June,Q2
ORD10984,2025-06-16,CUST1123,Keyboard,Accessories,West,Pooja,Online,10,2624.59,0.05,26245.9,1312.3,24933.6,17952.19,6981.41,Net Banking,Completed,2025,6,June,Q2
ORD10985,2025-06-17,CUST1058,Laptop,Electronics,South,Rahul,Distributor,5,68984.01,0.05,344920.05,17246.0,327674.05,268692.72,58981.33,Credit Card,Completed,2025,6,June,Q2
ORD10986,2025-06-18,CUST1141,Mouse,Accessories,West,Arjun,Distributor,1,1245.83,0.1,1245.83,124.58,1121.25,784.88,336.37,Net Banking,Completed,2025,6,June,Q2
ORD10987,2025-06-19,CUST1025,Keyboard,Accessories,North,Rahul,Retail Store,1,2504.3,0.0,2504.3,0.0,2504.3,1803.1,701.2,UPI,Completed,2025,6,June,Q2
ORD10988,2025-06-20,CUST1118,Desk,Furniture,West,Vikram,Retail Store,10,18679.54,0.1,186795.4,18679.54,168115.86,132811.53,35304.33,UPI,Completed,2025,6,June,Q2
ORD10989,2025-06-21,CUST1080,Mouse,Accessories,Central,Rahul,Online,1,1129.68,0.05,1129.68,56.48,1073.2,751.24,321.96,UPI,Completed,2025,6,June,Q2
ORD10990,2025-06-22,CUST1167,Headphones,Accessories,Central,Neha,Online,7,3758.02,0.1,26306.14,2630.61,23675.53,17756.65,5918.88,Credit Card,Completed,2025,6,June,Q2
ORD10991,2025-06-23,CUST1131,Headphones,Accessories,North,Sneha,Online,6,3483.17,0.0,20899.02,0.0,0.0,15674.26,0.0,UPI,Cancelled,2025,6,June,Q2
ORD10992,2025-06-24,CUST1040,Keyboard,Accessories,South,Sneha,Online,5,2507.01,0.1,12535.05,1253.51,11281.54,8122.71,3158.83,Net Banking,Completed,2025,6,June,Q2
ORD10993,2025-06-24,CUST1064,Mouse,Accessories,Central,Sneha,Online,3,1110.78,0.15,3332.34,499.85,2832.49,1982.74,849.75,Net Banking,Completed,2025,6,June,Q2
ORD10994,2025-06-25,CUST1051,Printer,Office Equipment,Central,Pooja,Distributor,1,14287.38,0.1,14287.38,1428.74,12858.64,10672.67,2185.97,Cash,Completed,2025,6,June,Q2
ORD10995,2025-06-26,CUST1150,Mouse,Accessories,West,Sneha,Retail Store,2,1270.78,0.1,2541.56,254.16,2287.4,1601.18,686.22,Credit Card,Completed,2025,6,June,Q2
ORD10996,2025-06-27,CUST1089,Laptop,Electronics,West,Pooja,Distributor,7,60546.04,0.15,423822.28,63573.34,360248.94,295404.13,64844.81,Cash,Completed,2025,6,June,Q2
ORD10997,2025-06-28,CUST1019,Monitor,Electronics,Central,Pooja,Retail Store,10,17284.7,0.15,172847.0,25927.05,146919.95,114597.56,32322.39,Cash,Completed,2025,6,June,Q2
ORD10998,2025-06-29,CUST1142,Laptop,Electronics,South,Pooja,Online,4,63868.37,0.05,255473.48,12773.67,242699.81,199013.84,43685.97,UPI,Completed,2025,6,June,Q2
ORD10999,2025-06-30,CUST1140,Keyboard,Accessories,North,Sneha,Online,4,2588.65,0.15,10354.6,1553.19,8801.41,6337.02,2464.39,Net Banking,Completed,2025,6,June,Q2
ORD11000,2025-07-01,CUST1077,Laptop,Electronics,East,Vikram,Distributor,6,66719.06,0.2,400314.36,80062.87,320251.49,262606.22,57645.27,Cash,Completed,2025,7,July,Q3
ORD11001,2025-07-02,CUST1015,Monitor,Electronics,East,Amit,Distributor,4,18108.91,0.2,72435.64,14487.13,57948.51,45199.84,12748.67,Debit Card,Completed,2025,7,July,Q3
ORD11002,2025-07-03,CUST1038,Office Chair,Furniture,North,Arjun,Distributor,10,12323.6,0.1,123236.0,12323.6,110912.4,84293.42,26618.98,Net Banking,Completed,2025,7,July,Q3
ORD11003,2025-07-04,CUST1074,Keyboard,Accessories,North,Arjun,Retail Store,1,2567.54,0.0,2567.54,0.0,2567.54,1848.63,718.91,Net Banking,Completed,2025,7,July,Q3
ORD11004,2025-07-05,CUST1146,Keyboard,Accessories,East,Pooja,Online,1,2557.77,0.1,2557.77,255.78,2301.99,1657.43,644.56,Net Banking,Completed,2025,7,July,Q3
ORD11005,2025-07-05,CUST1171,Headphones,Accessories,South,Neha,Retail Store,4,3524.2,0.1,14096.8,1409.68,12687.12,9515.34,3171.78,Cash,Completed,2025,7,July,Q3
ORD11006,2025-07-06,CUST1169,Office Chair,Furniture,West,Rahul,Distributor,2,12459.91,0.15,24919.82,3737.97,21181.85,16098.21,5083.64,Debit Card,Completed,2025,7,July,Q3
ORD11007,2025-07-07,CUST1027,Keyboard,Accessories,West,Priya,Distributor,4,2327.71,0.1,9310.84,931.08,8379.76,6033.43,2346.33,Debit Card,Completed,2025,7,July,Q3
ORD11008,2025-07-08,CUST1053,Keyboard,Accessories,South,Pooja,Distributor,8,2477.53,0.1,19820.24,1982.02,17838.22,12843.52,4994.7,Credit Card,Completed,2025,7,July,Q3
ORD11009,2025-07-09,CUST1089,Monitor,Electronics,West,Neha,Distributor,4,17129.28,0.1,68517.12,6851.71,-61665.41,48099.02,-13566.39,Debit Card,Returned,2025,7,July,Q3
ORD11010,2025-07-10,CUST1176,Desk,Furniture,East,Pooja,Distributor,10,17357.37,0.05,173573.7,8678.69,164895.01,130267.06,34627.95,Debit Card,Completed,2025,7,July,Q3
ORD11011,2025-07-11,CUST1013,Headphones,Accessories,North,Pooja,Retail Store,1,3235.9,0.0,3235.9,0.0,3235.9,2426.93,808.97,UPI,Completed,2025,7,July,Q3
ORD11012,2025-07-12,CUST1043,Monitor,Electronics,East,Priya,Online,10,17827.63,0.1,178276.3,17827.63,160448.67,125149.96,35298.71,UPI,Completed,2025,7,July,Q3
ORD11013,2025-07-13,CUST1090,Monitor,Electronics,East,Rahul,Online,1,16956.83,0.1,16956.83,1695.68,15261.15,11903.7,3357.45,Cash,Completed,2025,7,July,Q3
ORD11014,2025-07-14,CUST1147,Monitor,Electronics,East,Priya,Retail Store,8,18944.32,0.15,151554.56,22733.18,0.0,100480.68,0.0,UPI,Cancelled,2025,7,July,Q3
ORD11015,2025-07-15,CUST1060,Keyboard,Accessories,West,Amit,Online,1,2370.48,0.05,2370.48,118.52,2251.96,1621.41,630.55,Credit Card,Completed,2025,7,July,Q3
ORD11016,2025-07-15,CUST1103,Laptop,Electronics,Central,Priya,Distributor,8,63117.98,0.2,504943.84,100988.77,403955.07,331243.16,72711.91,Debit Card,Completed,2025,7,July,Q3
ORD11017,2025-07-16,CUST1043,Tablet,Electronics,Central,Rahul,Online,9,28222.16,0.15,253999.44,38099.92,215899.52,172719.62,43179.9,Cash,Completed,2025,7,July,Q3
ORD11018,2025-07-17,CUST1036,Laptop,Electronics,Central,Amit,Distributor,9,61392.76,0.1,552534.84,55253.48,497281.36,407770.72,89510.64,Net Banking,Completed,2025,7,July,Q3
ORD11019,2025-07-18,CUST1178,Mouse,Accessories,Central,Vikram,Online,3,1205.32,0.05,3615.96,180.8,3435.16,2404.61,1030.55,Debit Card,Completed,2025,7,July,Q3
ORD11020,2025-07-19,CUST1174,Tablet,Electronics,West,Arjun,Distributor,1,28694.08,0.15,28694.08,4304.11,24389.97,19511.98,4877.99,Net Banking,Completed,2025,7,July,Q3
ORD11021,2025-07-20,CUST1037,Desk,Furniture,North,Neha,Online,7,19352.61,0.15,135468.27,20320.24,115148.03,90966.94,24181.09,Credit Card,Completed,2025,7,July,Q3
ORD11022,2025-07-21,CUST1176,Office Chair,Furniture,West,Amit,Retail Store,2,11249.97,0.15,22499.94,3374.99,19124.95,14534.96,4589.99,Credit Card,Completed,2025,7,July,Q3
ORD11023,2025-07-22,CUST1180,Printer,Office Equipment,North,Vikram,Online,1,15652.31,0.1,15652.31,1565.23,14087.08,11692.28,2394.8,Net Banking,Completed,2025,7,July,Q3
ORD11024,2025-07-23,CUST1069,Smartphone,Electronics,South,Neha,Distributor,5,37181.4,0.1,185907.0,18590.7,167316.3,140545.69,26770.61,Net Banking,Completed,2025,7,July,Q3
ORD11025,2025-07-24,CUST1151,Keyboard,Accessories,North,Rahul,Distributor,2,2338.46,0.05,4676.92,233.85,4443.07,3199.01,1244.06,Net Banking,Completed,2025,7,July,Q3
ORD11026,2025-07-25,CUST1140,Keyboard,Accessories,South,Neha,Online,2,2336.32,0.0,4672.64,0.0,4672.64,3364.3,1308.34,Credit Card,Completed,2025,7,July,Q3
ORD11027,2025-07-26,CUST1135,Smartphone,Electronics,North,Pooja,Online,1,42623.9,0.15,42623.9,6393.58,36230.32,30433.47,5796.85,Debit Card,Completed,2025,7,July,Q3
ORD11028,2025-07-26,CUST1041,Smartphone,Electronics,South,Neha,Online,2,42893.65,0.0,85787.3,0.0,85787.3,72061.33,13725.97,UPI,Completed,2025,7,July,Q3
ORD11029,2025-07-27,CUST1084,Laptop,Electronics,Central,Sneha,Retail Store,1,69520.5,0.2,69520.5,13904.1,55616.4,45605.45,10010.95,Net Banking,Completed,2025,7,July,Q3
ORD11030,2025-07-28,CUST1060,Tablet,Electronics,North,Arjun,Distributor,9,29087.73,0.2,261789.57,52357.91,209431.66,167545.33,41886.33,Credit Card,Completed,2025,7,July,Q3
ORD11031,2025-07-29,CUST1052,Headphones,Accessories,East,Amit,Distributor,5,3544.42,0.2,17722.1,3544.42,14177.68,10633.26,3544.42,UPI,Completed,2025,7,July,Q3
ORD11032,2025-07-30,CUST1029,Keyboard,Accessories,West,Neha,Distributor,10,2635.99,0.0,26359.9,0.0,26359.9,18979.13,7380.77,Credit Card,Completed,2025,7,July,Q3
ORD11033,2025-07-31,CUST1059,Office Chair,Furniture,North,Vikram,Retail Store,6,12035.17,0.0,72211.02,0.0,72211.02,54880.38,17330.64,Net Banking,Completed,2025,7,July,Q3
ORD11034,2025-08-01,CUST1073,Headphones,Accessories,Central,Pooja,Retail Store,10,3704.65,0.0,37046.5,0.0,37046.5,27784.88,9261.62,UPI,Completed,2025,8,August,Q3
ORD11035,2025-08-02,CUST1179,Desk,Furniture,South,Sneha,Distributor,3,17472.7,0.0,52418.1,0.0,52418.1,41410.3,11007.8,Debit Card,Completed,2025,8,August,Q3
ORD11036,2025-08-03,CUST1174,Mouse,Accessories,Central,Arjun,Retail Store,10,1159.22,0.05,11592.2,579.61,-11012.59,7708.81,-3303.78,Debit Card,Returned,2025,8,August,Q3
ORD11037,2025-08-04,CUST1164,Monitor,Electronics,East,Priya,Online,10,17087.58,0.0,170875.8,0.0,170875.8,133283.12,37592.68,Credit Card,Completed,2025,8,August,Q3
ORD11038,2025-08-05,CUST1060,Smartphone,Electronics,West,Sneha,Distributor,2,42667.31,0.1,85334.62,8533.46,76801.16,64512.97,12288.19,Debit Card,Completed,2025,8,August,Q3
ORD11039,2025-08-05,CUST1167,Laptop,Electronics,East,Pooja,Retail Store,6,59961.86,0.15,359771.16,53965.67,305805.49,250760.5,55044.99,UPI,Completed,2025,8,August,Q3
ORD11040,2025-08-06,CUST1053,Smartphone,Electronics,Central,Sneha,Distributor,6,37268.35,0.1,223610.1,22361.01,201249.09,169049.24,32199.85,UPI,Completed,2025,8,August,Q3
ORD11041,2025-08-07,CUST1077,Keyboard,Accessories,East,Priya,Retail Store,8,2360.48,0.1,18883.84,1888.38,16995.46,12236.73,4758.73,Cash,Completed,2025,8,August,Q3
ORD11042,2025-08-08,CUST1153,Monitor,Electronics,North,Pooja,Distributor,4,18248.82,0.0,72995.28,0.0,72995.28,56936.32,16058.96,Cash,Completed,2025,8,August,Q3
ORD11043,2025-08-09,CUST1051,Headphones,Accessories,South,Sneha,Distributor,4,3315.4,0.05,13261.6,663.08,12598.52,9448.89,3149.63,Debit Card,Completed,2025,8,August,Q3
ORD11044,2025-08-10,CUST1132,Office Chair,Furniture,Central,Arjun,Distributor,7,11147.96,0.1,78035.72,7803.57,70232.15,53376.43,16855.72,Net Banking,Completed,2025,8,August,Q3
ORD11045,2025-08-11,CUST1060,Laptop,Electronics,North,Vikram,Distributor,4,67282.25,0.15,269129.0,40369.35,228759.65,187582.91,41176.74,Cash,Completed,2025,8,August,Q3
ORD11046,2025-08-12,CUST1099,Smartphone,Electronics,West,Rahul,Distributor,2,38797.61,0.1,77595.22,7759.52,69835.7,58661.99,11173.71,Credit Card,Completed,2025,8,August,Q3
ORD11047,2025-08-13,CUST1148,Monitor,Electronics,West,Amit,Distributor,7,17170.55,0.0,120193.85,0.0,120193.85,93751.2,26442.65,Cash,Completed,2025,8,August,Q3
ORD11048,2025-08-14,CUST1099,Mouse,Accessories,South,Vikram,Retail Store,10,1193.48,0.1,11934.8,1193.48,10741.32,7518.92,3222.4,Debit Card,Completed,2025,8,August,Q3
ORD11049,2025-08-15,CUST1170,Mouse,Accessories,North,Sneha,Online,4,1132.13,0.05,4528.52,226.43,4302.09,3011.46,1290.63,UPI,Completed,2025,8,August,Q3
ORD11050,2025-08-16,CUST1039,Mouse,Accessories,Central,Amit,Distributor,9,1175.17,0.2,10576.53,2115.31,8461.22,5922.85,2538.37,Debit Card,Completed,2025,8,August,Q3
ORD11051,2025-08-16,CUST1030,Tablet,Electronics,East,Sneha,Distributor,5,28366.98,0.2,141834.9,28366.98,113467.92,90774.34,22693.58,Net Banking,Completed,2025,8,August,Q3
ORD11052,2025-08-17,CUST1062,Keyboard,Accessories,North,Pooja,Retail Store,8,2659.5,0.0,21276.0,0.0,21276.0,15318.72,5957.28,Debit Card,Completed,2025,8,August,Q3
ORD11053,2025-08-18,CUST1066,Laptop,Electronics,West,Neha,Distributor,6,65525.16,0.1,393150.96,39315.1,-353835.86,290145.41,-63690.45,Debit Card,Returned,2025,8,August,Q3
ORD11054,2025-08-19,CUST1015,Monitor,Electronics,Central,Rahul,Online,5,19021.81,0.1,95109.05,9510.91,85598.14,66766.55,18831.59,Net Banking,Completed,2025,8,August,Q3
ORD11055,2025-08-20,CUST1175,Tablet,Electronics,Central,Vikram,Distributor,10,29478.09,0.2,294780.9,58956.18,235824.72,188659.78,47164.94,Debit Card,Completed,2025,8,August,Q3
ORD11056,2025-08-21,CUST1137,Smartphone,Electronics,Central,Pooja,Online,6,38646.56,0.2,231879.36,46375.87,185503.49,155822.93,29680.56,Cash,Completed,2025,8,August,Q3
ORD11057,2025-08-22,CUST1136,Mouse,Accessories,South,Rahul,Online,9,1254.44,0.0,11289.96,0.0,11289.96,7902.97,3386.99,Debit Card,Completed,2025,8,August,Q3
ORD11058,2025-08-23,CUST1145,Desk,Furniture,South,Vikram,Online,10,17702.82,0.05,177028.2,8851.41,168176.79,132859.66,35317.13,Debit Card,Completed,2025,8,August,Q3
ORD11059,2025-08-24,CUST1131,Monitor,Electronics,West,Priya,Distributor,9,17574.71,0.05,158172.39,7908.62,150263.77,117205.74,33058.03,Cash,Completed,2025,8,August,Q3
ORD11060,2025-08-25,CUST1099,Laptop,Electronics,East,Neha,Online,3,65886.37,0.15,197659.11,29648.87,168010.24,137768.4,30241.84,UPI,Completed,2025,8,August,Q3
ORD11061,2025-08-26,CUST1054,Printer,Office Equipment,East,Pooja,Online,9,14546.6,0.05,130919.4,6545.97,124373.43,103229.95,21143.48,Net Banking,Completed,2025,8,August,Q3
ORD11062,2025-08-26,CUST1112,Laptop,Electronics,West,Vikram,Online,10,62775.56,0.2,627755.6,125551.12,502204.48,411807.67,90396.81,UPI,Completed,2025,8,August,Q3
ORD11063,2025-08-27,CUST1169,Tablet,Electronics,West,Neha,Retail Store,1,27099.75,0.1,27099.75,2709.98,0.0,19511.82,0.0,Cash,Cancelled,2025,8,August,Q3
ORD11064,2025-08-28,CUST1041,Laptop,Electronics,East,Pooja,Distributor,8,68240.66,0.0,545925.28,0.0,545925.28,447658.73,98266.55,UPI,Completed,2025,8,August,Q3
ORD11065,2025-08-29,CUST1159,Tablet,Electronics,North,Rahul,Online,2,26428.79,0.05,52857.58,2642.88,50214.7,40171.76,10042.94,Credit Card,Completed,2025,8,August,Q3
ORD11066,2025-08-30,CUST1076,Laptop,Electronics,Central,Neha,Distributor,2,63991.42,0.1,127982.84,12798.28,115184.56,94451.34,20733.22,UPI,Completed,2025,8,August,Q3
ORD11067,2025-08-31,CUST1013,Printer,Office Equipment,South,Vikram,Retail Store,4,15714.32,0.0,62857.28,0.0,62857.28,52171.54,10685.74,UPI,Completed,2025,8,August,Q3
ORD11068,2025-09-01,CUST1104,Office Chair,Furniture,South,Arjun,Retail Store,8,11176.88,0.0,89415.04,0.0,89415.04,67955.43,21459.61,Debit Card,Completed,2025,9,September,Q3
ORD11069,2025-09-02,CUST1016,Keyboard,Accessories,East,Neha,Distributor,3,2639.29,0.1,7917.87,791.79,7126.08,5130.78,1995.3,Debit Card,Completed,2025,9,September,Q3
ORD11070,2025-09-03,CUST1163,Keyboard,Accessories,West,Sneha,Retail Store,4,2561.89,0.05,10247.56,512.38,9735.18,7009.33,2725.85,Cash,Completed,2025,9,September,Q3
ORD11071,2025-09-04,CUST1179,Printer,Office Equipment,Central,Priya,Online,4,15861.86,0.05,63447.44,3172.37,60275.07,50028.31,10246.76,UPI,Completed,2025,9,September,Q3
ORD11072,2025-09-05,CUST1168,Tablet,Electronics,North,Priya,Online,7,29914.98,0.2,209404.86,41880.97,167523.89,134019.11,33504.78,Debit Card,Completed,2025,9,September,Q3
ORD11073,2025-09-06,CUST1159,Smartphone,Electronics,North,Vikram,Distributor,10,42611.88,0.1,426118.8,42611.88,383506.92,322145.81,61361.11,Net Banking,Completed,2025,9,September,Q3
ORD11074,2025-09-06,CUST1003,Keyboard,Accessories,Central,Sneha,Retail Store,6,2417.7,0.1,14506.2,1450.62,13055.58,9400.02,3655.56,UPI,Completed,2025,9,September,Q3
ORD11075,2025-09-07,CUST1132,Tablet,Electronics,East,Sneha,Distributor,10,26241.29,0.15,262412.9,39361.94,223050.96,178440.77,44610.19,Debit Card,Completed,2025,9,September,Q3
ORD11076,2025-09-08,CUST1036,Smartphone,Electronics,East,Arjun,Online,4,38693.99,0.05,154775.96,7738.8,147037.16,123511.21,23525.95,Credit Card,Completed,2025,9,September,Q3
ORD11077,2025-09-09,CUST1016,Printer,Office Equipment,West,Pooja,Distributor,9,14664.99,0.1,131984.91,13198.49,118786.42,98592.73,20193.69,Debit Card,Completed,2025,9,September,Q3
ORD11078,2025-09-10,CUST1166,Keyboard,Accessories,West,Neha,Retail Store,6,2309.15,0.2,13854.9,2770.98,11083.92,7980.42,3103.5,Debit Card,Completed,2025,9,September,Q3
ORD11079,2025-09-11,CUST1012,Smartphone,Electronics,East,Pooja,Distributor,2,37010.84,0.0,74021.68,0.0,74021.68,62178.21,11843.47,UPI,Completed,2025,9,September,Q3
ORD11080,2025-09-12,CUST1051,Office Chair,Furniture,West,Rahul,Distributor,2,12038.72,0.05,24077.44,1203.87,22873.57,17383.91,5489.66,UPI,Completed,2025,9,September,Q3
ORD11081,2025-09-13,CUST1165,Tablet,Electronics,South,Priya,Online,10,26404.75,0.0,264047.5,0.0,264047.5,211238.0,52809.5,UPI,Completed,2025,9,September,Q3
ORD11082,2025-09-14,CUST1118,Desk,Furniture,East,Sneha,Online,8,17260.09,0.2,138080.72,27616.14,110464.58,87267.02,23197.56,Net Banking,Completed,2025,9,September,Q3
ORD11083,2025-09-15,CUST1160,Printer,Office Equipment,East,Neha,Distributor,7,15442.14,0.1,108094.98,10809.5,97285.48,80746.95,16538.53,Credit Card,Completed,2025,9,September,Q3
ORD11084,2025-09-16,CUST1130,Smartphone,Electronics,South,Vikram,Distributor,5,38373.9,0.05,191869.5,9593.48,182276.02,153111.86,29164.16,Debit Card,Completed,2025,9,September,Q3
ORD11085,2025-09-16,CUST1045,Office Chair,Furniture,East,Rahul,Distributor,1,12367.5,0.1,12367.5,1236.75,11130.75,8459.37,2671.38,Credit Card,Completed,2025,9,September,Q3
ORD11086,2025-09-17,CUST1157,Headphones,Accessories,West,Neha,Distributor,6,3447.34,0.2,20684.04,4136.81,16547.23,12410.42,4136.81,Credit Card,Completed,2025,9,September,Q3
ORD11087,2025-09-18,CUST1146,Smartphone,Electronics,Central,Arjun,Distributor,10,37030.6,0.1,370306.0,37030.6,333275.4,279951.34,53324.06,Credit Card,Completed,2025,9,September,Q3
ORD11088,2025-09-19,CUST1006,Printer,Office Equipment,Central,Vikram,Distributor,2,14310.68,0.0,28621.36,0.0,28621.36,23755.73,4865.63,Net Banking,Completed,2025,9,September,Q3
ORD11089,2025-09-20,CUST1047,Laptop,Electronics,East,Pooja,Retail Store,7,62149.01,0.1,435043.07,43504.31,391538.76,321061.78,70476.98,Cash,Completed,2025,9,September,Q3
ORD11090,2025-09-21,CUST1001,Keyboard,Accessories,East,Arjun,Online,3,2488.49,0.05,7465.47,373.27,7092.2,5106.38,1985.82,Net Banking,Completed,2025,9,September,Q3
ORD11091,2025-09-22,CUST1116,Printer,Office Equipment,South,Priya,Distributor,5,14865.22,0.05,74326.1,3716.3,70609.8,58606.13,12003.67,Debit Card,Completed,2025,9,September,Q3
ORD11092,2025-09-23,CUST1158,Office Chair,Furniture,Central,Rahul,Online,4,11805.66,0.05,47222.64,2361.13,44861.51,34094.75,10766.76,UPI,Completed,2025,9,September,Q3
ORD11093,2025-09-24,CUST1019,Monitor,Electronics,North,Sneha,Retail Store,1,18750.23,0.05,18750.23,937.51,-17812.72,13893.92,-3918.8,Credit Card,Returned,2025,9,September,Q3
ORD11094,2025-09-25,CUST1176,Laptop,Electronics,West,Sneha,Distributor,6,66994.28,0.05,401965.68,20098.28,381867.4,313131.27,68736.13,Cash,Completed,2025,9,September,Q3
ORD11095,2025-09-26,CUST1088,Smartphone,Electronics,South,Vikram,Distributor,1,40363.25,0.1,40363.25,4036.32,36326.93,30514.62,5812.31,UPI,Completed,2025,9,September,Q3
ORD11096,2025-09-27,CUST1147,Laptop,Electronics,North,Arjun,Online,1,65050.4,0.05,65050.4,3252.52,0.0,50674.26,0.0,Credit Card,Cancelled,2025,9,September,Q3
ORD11097,2025-09-27,CUST1175,Monitor,Electronics,North,Arjun,Online,6,17898.55,0.0,107391.3,0.0,107391.3,83765.21,23626.09,Credit Card,Completed,2025,9,September,Q3
ORD11098,2025-09-28,CUST1108,Office Chair,Furniture,West,Sneha,Online,7,12428.62,0.15,87000.34,13050.05,73950.29,56202.22,17748.07,Debit Card,Completed,2025,9,September,Q3
ORD11099,2025-09-29,CUST1139,Office Chair,Furniture,South,Amit,Online,7,12911.65,0.2,90381.55,18076.31,72305.24,54951.98,17353.26,Cash,Completed,2025,9,September,Q3
ORD11100,2025-09-30,CUST1035,Tablet,Electronics,South,Pooja,Retail Store,9,26403.91,0.0,237635.19,0.0,237635.19,190108.15,47527.04,Net Banking,Completed,2025,9,September,Q3
ORD11101,2025-10-01,CUST1010,Office Chair,Furniture,South,Neha,Retail Store,8,12572.03,0.2,100576.24,20115.25,80460.99,61150.35,19310.64,Cash,Completed,2025,10,October,Q4
ORD11102,2025-10-02,CUST1076,Office Chair,Furniture,North,Sneha,Retail Store,8,12394.79,0.05,99158.32,4957.92,94200.4,71592.3,22608.1,UPI,Completed,2025,10,October,Q4
ORD11103,2025-10-03,CUST1072,Headphones,Accessories,Central,Priya,Distributor,7,3356.98,0.05,23498.86,1174.94,22323.92,16742.94,5580.98,Net Banking,Completed,2025,10,October,Q4
ORD11104,2025-10-04,CUST1124,Mouse,Accessories,South,Priya,Retail Store,10,1269.33,0.05,12693.3,634.66,12058.64,8441.05,3617.59,Net Banking,Completed,2025,10,October,Q4
ORD11105,2025-10-05,CUST1021,Printer,Office Equipment,Central,Rahul,Retail Store,9,14973.37,0.1,134760.33,13476.03,121284.3,100665.97,20618.33,UPI,Completed,2025,10,October,Q4
ORD11106,2025-10-06,CUST1151,Headphones,Accessories,Central,Rahul,Retail Store,2,3268.52,0.0,6537.04,0.0,6537.04,4902.78,1634.26,Net Banking,Completed,2025,10,October,Q4
ORD11107,2025-10-07,CUST1111,Desk,Furniture,South,Priya,Retail Store,5,19362.96,0.1,96814.8,9681.48,-87133.32,68835.32,-18298.0,Net Banking,Returned,2025,10,October,Q4
ORD11108,2025-10-07,CUST1123,Monitor,Electronics,North,Priya,Retail Store,9,17620.33,0.05,158582.97,7929.15,150653.82,117509.98,33143.84,Cash,Completed,2025,10,October,Q4
ORD11109,2025-10-08,CUST1146,Headphones,Accessories,East,Amit,Retail Store,1,3657.78,0.0,3657.78,0.0,3657.78,2743.34,914.44,Cash,Completed,2025,10,October,Q4
ORD11110,2025-10-09,CUST1095,Desk,Furniture,East,Priya,Online,3,17709.63,0.1,53128.89,5312.89,47816.0,37774.64,10041.36,UPI,Completed,2025,10,October,Q4
ORD11111,2025-10-10,CUST1126,Keyboard,Accessories,Central,Rahul,Online,2,2683.38,0.2,5366.76,1073.35,4293.41,3091.26,1202.15,Net Banking,Completed,2025,10,October,Q4
ORD11112,2025-10-11,CUST1169,Mouse,Accessories,Central,Amit,Online,7,1170.93,0.0,8196.51,0.0,8196.51,5737.56,2458.95,Cash,Completed,2025,10,October,Q4
ORD11113,2025-10-12,CUST1044,Tablet,Electronics,East,Pooja,Distributor,10,28449.69,0.2,284496.9,56899.38,227597.52,182078.02,45519.5,Net Banking,Completed,2025,10,October,Q4
ORD11114,2025-10-13,CUST1161,Monitor,Electronics,North,Vikram,Distributor,7,17363.71,0.0,121545.97,0.0,121545.97,94805.86,26740.11,Credit Card,Completed,2025,10,October,Q4
ORD11115,2025-10-14,CUST1072,Mouse,Accessories,South,Rahul,Distributor,9,1273.19,0.05,11458.71,572.94,10885.77,7620.04,3265.73,Net Banking,Completed,2025,10,October,Q4
ORD11116,2025-10-15,CUST1084,Keyboard,Accessories,East,Priya,Online,8,2569.22,0.05,20553.76,1027.69,19526.07,14058.77,5467.3,Net Banking,Completed,2025,10,October,Q4
ORD11117,2025-10-16,CUST1061,Tablet,Electronics,West,Arjun,Online,3,29597.24,0.0,88791.72,0.0,88791.72,71033.38,17758.34,Debit Card,Completed,2025,10,October,Q4
ORD11118,2025-10-17,CUST1058,Headphones,Accessories,West,Amit,Online,10,3309.92,0.1,33099.2,3309.92,29789.28,22341.96,7447.32,Cash,Completed,2025,10,October,Q4
ORD11119,2025-10-18,CUST1121,Keyboard,Accessories,Central,Sneha,Distributor,4,2301.23,0.05,9204.92,460.25,8744.67,6296.16,2448.51,UPI,Completed,2025,10,October,Q4
ORD11120,2025-10-18,CUST1093,Mouse,Accessories,West,Neha,Online,2,1174.17,0.05,2348.34,117.42,2230.92,1561.64,669.28,Net Banking,Completed,2025,10,October,Q4
ORD11121,2025-10-19,CUST1041,Printer,Office Equipment,Central,Pooja,Distributor,8,14381.11,0.05,115048.88,5752.44,109296.44,90716.05,18580.39,Debit Card,Completed,2025,10,October,Q4
ORD11122,2025-10-20,CUST1103,Office Chair,Furniture,West,Arjun,Distributor,7,11184.08,0.0,78288.56,0.0,78288.56,59499.31,18789.25,Credit Card,Completed,2025,10,October,Q4
ORD11123,2025-10-21,CUST1149,Laptop,Electronics,East,Vikram,Retail Store,9,66408.71,0.0,597678.39,0.0,597678.39,490096.28,107582.11,Net Banking,Completed,2025,10,October,Q4
ORD11124,2025-10-22,CUST1081,Office Chair,Furniture,South,Vikram,Distributor,3,11238.14,,33714.42,1685.72,32028.7,24341.81,7686.89,UPI,Completed,2025,10,October,Q4
ORD11125,2025-10-23,CUST1069,Office Chair,Furniture,South,Neha,Retail Store,1,11829.78,0.1,11829.78,1182.98,10646.8,8091.57,2555.23,UPI,Completed,2025,10,October,Q4
ORD11126,2025-10-24,CUST1128,Monitor,Electronics,South,Arjun,Retail Store,4,17422.89,0.1,69691.56,6969.16,62722.4,48923.47,13798.93,Net Banking,Completed,2025,10,October,Q4
ORD11127,2025-10-25,CUST1136,Monitor,Electronics,North,Neha,Online,5,16681.37,0.2,83406.85,16681.37,66725.48,52045.87,14679.61,Cash,Completed,2025,10,October,Q4
ORD11128,2025-10-26,CUST1131,Desk,Furniture,East,Vikram,Online,8,18002.38,0.15,144019.04,21602.86,122416.18,96708.78,25707.4,Debit Card,Completed,2025,10,October,Q4
ORD11129,2025-10-27,CUST1118,Smartphone,Electronics,Central,Pooja,Online,6,38849.31,0.15,233095.86,34964.38,198131.48,166430.44,31701.04,Debit Card,Completed,2025,10,October,Q4
ORD11130,2025-10-28,CUST1113,Laptop,Electronics,South,Rahul,Distributor,3,69610.41,0.05,208831.23,10441.56,198389.67,162679.53,35710.14,Debit Card,Completed,2025,10,October,Q4
ORD11131,2025-10-28,CUST1126,Monitor,Electronics,East,Rahul,Retail Store,4,18085.34,0.2,72341.36,14468.27,57873.09,45141.01,12732.08,Cash,Completed,2025,10,October,Q4
ORD11132,2025-10-29,CUST1088,Keyboard,Accessories,Central,Pooja,Online,1,2403.1,0.15,2403.1,360.46,2042.64,1470.7,571.94,Credit Card,Completed,2025,10,October,Q4
ORD11133,2025-10-30,CUST1027,Monitor,Electronics,East,Priya,Online,7,17767.92,0.05,124375.44,6218.77,118156.67,92162.2,25994.47,Credit Card,Completed,2025,10,October,Q4
ORD11134,2025-10-31,CUST1150,Laptop,Electronics,North,Arjun,Distributor,5,61109.88,0.1,305549.4,30554.94,0.0,225495.46,0.0,Debit Card,Cancelled,2025,10,October,Q4
ORD11135,2025-11-01,CUST1044,Monitor,Electronics,Central,Rahul,Distributor,5,17696.73,0.1,88483.65,8848.36,79635.29,62115.53,17519.76,Net Banking,Completed,2025,11,November,Q4
ORD11136,2025-11-02,CUST1149,Keyboard,Accessories,West,Rahul,Distributor,7,2479.25,0.1,17354.75,1735.48,-15619.27,11245.87,-4373.4,UPI,Returned,2025,11,November,Q4
ORD11137,2025-11-03,CUST1102,Headphones,Accessories,Central,Pooja,Online,6,3736.9,0.1,22421.4,2242.14,20179.26,15134.44,5044.82,Debit Card,Completed,2025,11,November,Q4
ORD11138,2025-11-04,CUST1104,Tablet,Electronics,West,Rahul,Distributor,2,29766.54,0.0,59533.08,0.0,59533.08,47626.46,11906.62,Credit Card,Completed,2025,11,November,Q4
ORD11139,2025-11-05,CUST1037,Smartphone,Electronics,North,Sneha,Online,8,39795.38,0.1,318363.04,31836.3,286526.74,240682.46,45844.28,Credit Card,Completed,2025,11,November,Q4
ORD11140,2025-11-06,CUST1077,Printer,Office Equipment,East,Pooja,Online,4,14318.77,0.1,57275.08,5727.51,51547.57,42784.48,8763.09,Credit Card,Completed,2025,11,November,Q4
ORD11141,2025-11-07,CUST1138,Headphones,Accessories,East,Pooja,Distributor,1,3398.74,0.1,3398.74,339.87,3058.87,2294.15,764.72,Net Banking,Completed,2025,11,November,Q4
ORD11142,2025-11-08,CUST1105,Printer,Office Equipment,West,Neha,Online,10,16173.35,0.15,161733.5,24260.02,137473.48,114102.99,23370.49,UPI,Completed,2025,11,November,Q4
ORD11143,2025-11-08,CUST1042,Office Chair,Furniture,West,Amit,Distributor,5,11713.73,0.15,58568.65,8785.3,49783.35,37835.35,11948.0,Debit Card,Completed,2025,11,November,Q4
ORD11144,2025-11-09,CUST1094,Office Chair,Furniture,South,Arjun,Distributor,10,11598.67,0.15,115986.7,17398.0,98588.7,74927.41,23661.29,Cash,Completed,2025,11,November,Q4
ORD11145,2025-11-10,CUST1095,Office Chair,Furniture,North,Arjun,Distributor,1,12791.32,0.0,12791.32,0.0,12791.32,9721.4,3069.92,Net Banking,Completed,2025,11,November,Q4
ORD11146,2025-11-11,CUST1168,Smartphone,Electronics,Central,Sneha,Retail Store,1,39935.76,0.0,39935.76,0.0,39935.76,33546.04,6389.72,Net Banking,Completed,2025,11,November,Q4
ORD11147,2025-11-12,CUST1089,Mouse,Accessories,West,Amit,Online,6,1204.8,0.05,7228.8,361.44,6867.36,4807.15,2060.21,Debit Card,Completed,2025,11,November,Q4
ORD11148,2025-11-13,CUST1142,Laptop,Electronics,South,Pooja,Retail Store,9,61198.45,0.1,550786.05,55078.61,495707.44,406480.1,89227.34,Cash,Completed,2025,11,November,Q4
ORD11149,2025-11-14,CUST1065,Printer,Office Equipment,North,Pooja,Retail Store,6,14256.55,0.15,85539.3,12830.9,72708.4,60347.97,12360.43,Debit Card,Completed,2025,11,November,Q4
ORD11150,2025-11-15,CUST1122,Tablet,Electronics,East,Priya,Distributor,4,28307.81,0.1,113231.24,11323.12,101908.12,81526.5,20381.62,Net Banking,Completed,2025,11,November,Q4
ORD11151,2025-11-16,CUST1168,Tablet,Electronics,West,Rahul,Retail Store,7,27458.2,0.05,192207.4,9610.37,-182597.03,146077.62,-36519.41,Credit Card,Returned,2025,11,November,Q4
ORD11152,2025-11-17,CUST1006,Headphones,Accessories,South,Rahul,Online,6,3556.89,0.1,21341.34,2134.13,0.0,14405.41,0.0,Credit Card,Cancelled,2025,11,November,Q4
ORD11153,2025-11-18,CUST1102,Headphones,Accessories,East,Rahul,Distributor,5,3714.83,0.0,18574.15,0.0,18574.15,13930.61,4643.54,UPI,Completed,2025,11,November,Q4
ORD11154,2025-11-18,CUST1109,Desk,Furniture,East,Priya,Distributor,6,18145.36,0.2,108872.16,21774.43,87097.73,68807.21,18290.52,Credit Card,Completed,2025,11,November,Q4
ORD11155,2025-11-19,CUST1005,Office Chair,Furniture,Central,Priya,Online,1,11325.32,0.1,11325.32,1132.53,10192.79,7746.52,2446.27,Cash,Completed,2025,11,November,Q4
ORD11156,2025-11-20,CUST1179,Mouse,Accessories,South,Priya,Retail Store,4,1268.7,0.0,5074.8,0.0,0.0,3552.36,0.0,UPI,Cancelled,2025,11,November,Q4
ORD11157,2025-11-21,CUST1093,Monitor,Electronics,North,Arjun,Retail Store,1,17892.99,0.0,17892.99,0.0,17892.99,13956.53,3936.46,Debit Card,Completed,2025,11,November,Q4
ORD11158,2025-11-22,CUST1112,Mouse,Accessories,West,Arjun,Distributor,2,1178.65,0.05,2357.3,117.86,2239.44,1567.61,671.83,Cash,Completed,2025,11,November,Q4
ORD11159,2025-11-23,CUST1043,Keyboard,Accessories,South,Rahul,Distributor,2,2607.33,0.1,5214.66,521.47,-4693.19,3379.1,-1314.09,UPI,Returned,2025,11,November,Q4
ORD11160,2025-11-24,CUST1111,Monitor,Electronics,South,Sneha,Online,8,16755.14,0.15,134041.12,20106.17,113934.95,88869.26,25065.69,Debit Card,Completed,2025,11,November,Q4
ORD11161,2025-11-25,CUST1180,Tablet,Electronics,West,Arjun,Retail Store,5,25983.01,0.2,129915.05,25983.01,103932.04,83145.63,20786.41,Credit Card,Completed,2025,11,November,Q4
ORD11162,2025-11-26,CUST1107,Headphones,Accessories,Central,Rahul,Distributor,9,3220.53,0.0,28984.77,0.0,28984.77,21738.58,7246.19,Net Banking,Completed,2025,11,November,Q4
ORD11163,2025-11-27,CUST1110,Laptop,Electronics,Central,Pooja,Retail Store,7,63312.33,0.0,443186.31,0.0,443186.31,363412.77,79773.54,Credit Card,Completed,2025,11,November,Q4
ORD11164,2025-11-28,CUST1041,Desk,Furniture,Central,Sneha,Online,6,16634.59,0.1,99807.54,9980.75,89826.79,70963.16,18863.63,Cash,Completed,2025,11,November,Q4
ORD11165,2025-11-29,CUST1091,Mouse,Accessories,Central,Vikram,Distributor,10,1148.11,0.15,11481.1,1722.16,9758.94,6831.26,2927.68,Cash,Completed,2025,11,November,Q4
ORD11166,2025-11-29,CUST1055,Tablet,Electronics,East,Pooja,Retail Store,2,29793.0,0.05,59586.0,2979.3,56606.7,45285.36,11321.34,UPI,Completed,2025,11,November,Q4
ORD11167,2025-11-30,CUST1037,Desk,Furniture,West,Sneha,Online,1,18886.49,0.05,18886.49,944.32,17942.17,14174.31,3767.86,UPI,Completed,2025,11,November,Q4
ORD11168,2025-12-01,CUST1068,Tablet,Electronics,East,Sneha,Online,2,29798.88,0.0,59597.76,0.0,59597.76,47678.21,11919.55,Net Banking,Completed,2025,12,December,Q4
ORD11169,2025-12-02,CUST1148,Printer,Office Equipment,South,Arjun,Online,3,15987.57,0.2,47962.71,9592.54,38370.17,31847.24,6522.93,Debit Card,Completed,2025,12,December,Q4
ORD11170,2025-12-03,CUST1012,Mouse,Accessories,South,Arjun,Retail Store,7,1250.01,0.1,8750.07,875.01,-7875.06,5512.54,-2362.52,Debit Card,Returned,2025,12,December,Q4
ORD11171,2025-12-04,CUST1140,Tablet,Electronics,North,Sneha,Distributor,7,26308.12,0.0,184156.84,0.0,184156.84,147325.47,36831.37,Debit Card,Completed,2025,12,December,Q4
ORD11172,2025-12-05,CUST1172,Tablet,Electronics,East,Vikram,Distributor,1,29133.78,0.2,29133.78,5826.76,23307.02,18645.62,4661.4,Credit Card,Completed,2025,12,December,Q4
ORD11173,2025-12-06,CUST1130,Laptop,Electronics,Central,Sneha,Retail Store,5,61442.29,0.15,307211.45,46081.72,261129.73,214126.38,47003.35,Debit Card,Completed,2025,12,December,Q4
ORD11174,2025-12-07,CUST1101,Keyboard,Accessories,West,,Online,5,2642.12,0.05,13210.6,660.53,12550.07,9036.05,3514.02,Net Banking,Completed,2025,12,December,Q4
ORD11175,2025-12-08,CUST1079,Monitor,Electronics,Central,Amit,Distributor,1,19280.47,0.0,19280.47,0.0,19280.47,15038.77,4241.7,Cash,Completed,2025,12,December,Q4
ORD11176,2025-12-09,CUST1024,Headphones,Accessories,East,Rahul,Online,5,3547.13,0.0,17735.65,0.0,17735.65,13301.74,4433.91,Cash,Completed,2025,12,December,Q4
ORD11177,2025-12-09,CUST1131,Desk,Furniture,East,Priya,Distributor,8,18215.08,0.0,145720.64,0.0,145720.64,115119.31,30601.33,UPI,Completed,2025,12,December,Q4
ORD11178,2025-12-10,CUST1091,Keyboard,Accessories,West,Arjun,Online,5,2666.47,0.1,13332.35,1333.24,11999.11,8639.36,3359.75,UPI,Completed,2025,12,December,Q4
ORD11179,2025-12-11,CUST1013,Desk,Furniture,North,Vikram,Retail Store,7,16940.27,0.2,118581.89,23716.38,94865.51,74943.75,19921.76,Net Banking,Completed,2025,12,December,Q4
ORD11180,2025-12-12,CUST1113,Headphones,Accessories,North,Priya,Retail Store,4,3570.2,0.05,14280.8,714.04,13566.76,10175.07,3391.69,Net Banking,Completed,2025,12,December,Q4
ORD11181,2025-12-13,CUST1028,Tablet,Electronics,South,Rahul,Online,1,28885.69,0.1,28885.69,2888.57,25997.12,20797.7,5199.42,Credit Card,Completed,2025,12,December,Q4
ORD11182,2025-12-14,CUST1135,Mouse,Accessories,North,Pooja,Retail Store,4,1143.23,0.2,4572.92,914.58,3658.34,2560.84,1097.5,Credit Card,Completed,2025,12,December,Q4
ORD11183,2025-12-15,CUST1124,Monitor,Electronics,East,Sneha,Retail Store,4,18857.84,0.05,75431.36,3771.57,71659.79,55894.64,15765.15,Net Banking,Completed,2025,12,December,Q4
ORD11184,2025-12-16,CUST1130,Office Chair,Furniture,West,Vikram,Online,3,11118.38,0.05,33355.14,1667.76,31687.38,24082.41,7604.97,UPI,Completed,2025,12,December,Q4
ORD11185,2025-12-17,CUST1066,Mouse,Accessories,South,,Distributor,10,1287.83,0.2,12878.3,2575.66,10302.64,7211.85,3090.79,Debit Card,Completed,2025,12,December,Q4
ORD11186,2025-12-18,CUST1070,Keyboard,Accessories,Central,Sneha,Retail Store,8,2348.79,0.1,18790.32,1879.03,16911.29,12176.13,4735.16,UPI,Completed,2025,12,December,Q4
ORD11187,2025-12-19,CUST1066,Smartphone,Electronics,Central,Vikram,Retail Store,7,38008.71,0.1,266060.97,26606.1,239454.87,201142.09,38312.78,Cash,Completed,2025,12,December,Q4
ORD11188,2025-12-20,CUST1014,Keyboard,Accessories,South,Vikram,Online,7,2479.37,0.05,17355.59,867.78,16487.81,11871.22,4616.59,Debit Card,Completed,2025,12,December,Q4
ORD11189,2025-12-20,CUST1116,Tablet,Electronics,North,Arjun,Retail Store,8,30186.17,0.0,241489.36,0.0,241489.36,193191.49,48297.87,Cash,Completed,2025,12,December,Q4
ORD11190,2025-12-21,CUST1089,Monitor,Electronics,Central,Neha,Retail Store,2,18036.99,0.05,36073.98,1803.7,34270.28,26730.82,7539.46,UPI,Completed,2025,12,December,Q4
ORD11191,2025-12-22,CUST1154,Keyboard,Accessories,North,Pooja,Distributor,3,2336.84,0.1,7010.52,701.05,6309.47,4542.82,1766.65,Net Banking,Completed,2025,12,December,Q4
ORD11192,2025-12-23,CUST1118,Headphones,Accessories,South,Arjun,Retail Store,1,3726.21,0.2,3726.21,745.24,2980.97,2235.73,745.24,Net Banking,Completed,2025,12,December,Q4
ORD11193,2025-12-24,CUST1099,Keyboard,Accessories,East,Priya,Retail Store,5,2692.33,0.1,13461.65,1346.16,12115.49,8723.15,3392.34,Net Banking,Completed,2025,12,December,Q4
ORD11194,2025-12-25,CUST1147,Desk,Furniture,East,Pooja,Distributor,1,18515.12,0.2,18515.12,3703.02,0.0,11701.56,0.0,Debit Card,Cancelled,2025,12,December,Q4
ORD11195,2025-12-26,CUST1118,Smartphone,Electronics,South,Vikram,Retail Store,2,37961.39,0.0,75922.78,0.0,75922.78,63775.14,12147.64,Debit Card,Completed,2025,12,December,Q4
ORD11196,2025-12-27,CUST1112,Printer,Office Equipment,East,Rahul,Retail Store,9,15633.44,0.05,140700.96,7035.05,133665.91,110942.71,22723.2,Credit Card,Completed,2025,12,December,Q4
ORD11197,2025-12-28,CUST1054,Printer,Office Equipment,South,Pooja,Distributor,8,15571.0,0.05,124568.0,6228.4,118339.6,98221.87,20117.73,Net Banking,Completed,2025,12,December,Q4
ORD11198,2025-12-29,CUST1064,Printer,Office Equipment,North,Rahul,Retail Store,10,15586.13,0.05,155861.3,7793.06,148068.24,122896.64,25171.6,Cash,Completed,2025,12,December,Q4
ORD11199,2025-12-30,CUST1069,Office Chair,Furniture,East,Vikram,Distributor,2,12594.67,0.0,25189.34,0.0,25189.34,19143.9,6045.44,UPI,Completed,2025,12,December,Q4
ORD11200,2025-12-31,CUST1174,Mouse,Accessories,North,Rahul,Distributor,5,1209.18,0.0,6045.9,0.0,6045.9,4232.13,1813.77,UPI,Completed,2025,12,December,Q4
ORD10157,2023-05-23,CUST1070,Tablet,Electronics,East,Neha,Distributor,8,26859.62,0.0,214876.96,0.0,214876.96,171901.57,42975.39,Debit Card,Completed,2023,5,May,Q2
ORD10921,2025-04-20,CUST1016,Smartphone,Electronics,North,Priya,Retail Store,1,36972.03,0.05,36972.03,1848.6,35123.43,29503.68,5619.75,Credit Card,Completed,2025,4,April,Q2
ORD10972,2025-06-05,CUST1134,Laptop,Electronics,South,Pooja,Distributor,6,66314.69,0.05,397888.14,19894.41,0.0,309954.86,0.0,Credit Card,Cancelled,2025,6,June,Q2
ORD10898,2025-03-30,CUST1068,Headphones,Accessories,Central,Priya,Distributor,4,3363.08,0.15,13452.32,2017.85,11434.47,8575.85,2858.62,Debit Card,Completed,2025,3,March,Q1
ORD10036,2023-02-01,CUST1097,Printer,Office Equipment,South,Priya,Online,10,16130.51,0.1,161305.1,16130.51,145174.59,120494.91,24679.68,Debit Card,Completed,2023,2,February,Q1
ORD10600,2024-07-01,CUST1132,Monitor,Electronics,South,Pooja,Retail Store,3,17834.5,0.0,53503.5,0.0,-53503.5,41732.73,-11770.77,Net Banking,Returned,2024,7,July,Q3
ORD10568,2024-06-01,CUST1105,Smartphone,Electronics,East,Amit,Distributor,1,37428.51,0.05,37428.51,1871.43,35557.08,29867.95,5689.13,Debit Card,Completed,2024,6,June,Q2
ORD10554,2024-05-20,CUST1092,Desk,Furniture,South,Rahul,Retail Store,8,17966.9,0.1,143735.2,14373.52,129361.68,102195.73,27165.95,Cash,Completed,2024,5,May,Q2
