Date,City,Temperature,Min_Temperature,Max_Temperature,Rainfall,Humidity,Wind_Speed,Pressure,Weather_Condition
2024-07-23,Chennai,36.78,31.0,41.73,34.73,96.66,6.52,1006.45,Rainy
2023-09-29,Chennai,30.31,24.82,37.59,23.78,88.82,19.53,999.09,Rainy
2022-08-28,Mumbai,38.92,33.73,44.97,19.74,71.93,2.39,1014.12,Rainy
2024-03-20,Pune,33.11,28.12,39.27,0.98,45.21,7.31,1011.37,Clear
2023-09-09,Chennai,28.92,24.02,34.34,3.29,80.88,16.38,1017.74,Cloudy
2023-12-15,Chennai,22.84,17.65,29.16,0.45,64.04,16.12,1009.26,Clear
2023-10-14,Chennai,24.73,19.74,31.27,0.14,67.02,10.06,1010.73,Clear
2024-03-03,Hyderabad,25.86,19.92,31.4,4.78,65.45,14.77,1017.89,Clear
2022-03-21,Delhi,26.82,22.49,33.41,1.38,67.94,7.47,1007.77,Clear
2022-08-07,Delhi,30.46,24.66,37.88,11.66,80.81,15.17,1016.97,Rainy
2022-06-09,Chennai,43.85,35.29,49.05,8.96,39.69,2.97,1011.6,Hot
2022-02-04,Chennai,24.55,17.37,31.64,0.82,72.32,8.48,1005.57,Clear
2023-12-26,Pune,21.8,16.04,27.63,0.43,,11.16,1007.38,Clear
2022-11-17,Pune,23.04,18.62,27.68,0.74,80.45,15.55,1004.09,Cloudy
2022-09-07,Chennai,35.61,29.41,42.59,10.96,66.99,15.47,1009.67,Rainy
2023-09-17,Chennai,36.24,29.74,44.07,17.65,80.8,13.59,1007.16,Rainy
2024-08-16,Chennai,31.45,24.53,38.61,9.77,58.8,10.81,1013.12,Clear
2023-03-08,Delhi,29.84,24.64,34.35,2.76,69.4,13.33,1012.51,Clear
2023-02-13,Delhi,21.07,15.25,28.34,1.75,68.96,10.27,1018.54,Clear
2022-03-18,Chennai,30.37,25.46,37.01,3.33,64.41,11.62,1016.4,Clear
2024-12-13,Bengaluru,21.18,13.35,28.96,1.85,,15.83,1010.63,Clear
2024-10-09,Chennai,29.04,20.63,33.53,0.2,57.21,7.63,1009.41,Clear
2022-08-21,Bengaluru,34.24,29.18,41.48,4.13,57.36,10.86,1007.68,Clear
2024-10-18,Pune,21.69,16.76,27.07,1.0,86.16,8.1,1015.79,Cloudy
2022-02-05,Delhi,18.73,11.85,24.94,3.74,81.26,7.14,999.28,Cloudy
2024-04-05,Delhi,34.1,27.82,38.81,2.74,63.75,18.46,1016.97,Clear
2023-01-03,Delhi,15.61,10.78,21.98,2.12,88.15,4.77,1012.17,Cold
2024-08-18,Mumbai,31.79,23.87,38.84,5.4,67.55,3.86,1010.19,Clear
2022-03-07,Hyderabad,30.26,25.25,35.91,1.11,52.64,10.22,1016.64,Clear
2023-05-22,Hyderabad,38.67,31.52,43.16,0.09,47.15,10.66,1007.59,Hot
2022-08-14,Delhi,35.68,31.21,42.62,4.07,59.0,7.78,1013.62,Hot
2024-04-10,Pune,33.28,27.39,39.92,2.75,54.21,9.55,1010.31,Clear
2024-02-02,Pune,21.45,12.65,28.01,3.17,89.92,14.7,1019.58,Cloudy
2023-09-23,Pune,28.46,23.53,35.01,13.54,80.91,11.76,1012.92,Rainy
2022-03-29,Pune,28.8,20.82,35.14,1.71,57.31,16.97,1020.09,Clear
2023-04-11,Mumbai,36.46,32.08,41.14,0.09,48.78,15.91,1001.47,Hot
2024-10-04,Delhi,20.96,15.67,28.32,2.19,70.65,5.65,1011.97,Clear
2022-06-08,Delhi,36.04,27.32,40.28,21.63,87.45,15.4,1007.67,Rainy
2024-07-24,Pune,37.41,28.9,42.36,3.3,50.05,9.33,1012.17,Hot
2024-07-02,Bengaluru,32.43,23.76,37.98,14.33,72.31,13.88,1011.44,Rainy
2024-08-31,Delhi,29.76,21.92,36.48,17.44,62.51,11.13,1009.25,Rainy
2023-09-04,Mumbai,29.09,23.91,35.69,33.45,97.79,15.17,1009.15,Rainy
2023-05-19,Mumbai,40.21,33.99,46.91,3.63,47.82,13.11,1011.89,Hot
2023-05-01,Delhi,35.5,27.49,39.7,2.5,69.98,14.12,1004.13,Hot
2024-12-23,Bengaluru,17.86,9.25,25.83,0.61,73.16,15.03,1012.13,Cold
2024-08-20,Delhi,30.76,23.38,38.02,42.62,98.0,13.36,1010.85,Heavy Rain
2024-02-07,Bengaluru,25.22,16.66,31.22,0.24,63.34,9.53,1015.77,Clear
2024-05-31,Bengaluru,28.66,19.69,34.01,0.23,67.48,4.98,1012.65,Clear
2022-02-01,Mumbai,23.81,19.55,29.93,1.63,78.77,15.32,1012.08,Clear
2024-09-23,Bengaluru,27.91,22.05,35.54,4.95,78.9,11.3,1008.76,Clear
2024-04-25,Hyderabad,30.94,26.6,38.22,0.28,,18.8,1002.41,Clear
2023-06-09,Hyderabad,38.89,30.22,43.26,6.46,45.21,14.66,1016.09,Hot
2023-06-01,Chennai,36.18,32.11,42.71,4.21,38.93,10.96,1007.07,Hot
2023-01-16,Delhi,24.95,20.14,29.96,0.61,64.66,9.5,1012.77,Clear
2024-11-08,Mumbai,26.57,20.52,34.15,0.94,67.15,13.37,1013.48,Clear
2024-09-25,Chennai,28.56,22.15,35.44,0.84,67.44,7.84,1011.56,Clear
2022-04-07,Mumbai,28.74,23.4,35.24,3.93,50.1,12.84,1011.52,Clear
2022-04-07,Pune,29.15,23.64,35.6,0.38,63.05,13.22,1006.71,Clear
2022-06-15,Pune,33.32,28.68,38.28,11.36,60.99,8.43,1020.67,Rainy
2022-01-18,Mumbai,23.37,15.98,27.44,0.72,73.06,7.11,1014.68,Clear
2022-02-23,Pune,25.23,17.16,31.66,1.11,69.15,8.53,1012.07,Clear
2024-05-03,Bengaluru,32.97,25.02,39.09,0.5,59.27,11.59,1018.29,Clear
2022-05-22,Delhi,36.47,29.54,41.32,1.21,48.65,15.14,1006.62,Hot
2024-09-23,Mumbai,27.4,21.37,32.33,7.59,73.05,6.31,1014.31,Clear
2023-03-22,Bengaluru,30.74,26.02,37.96,3.36,56.26,8.64,1008.55,Clear
2024-07-21,Hyderabad,31.56,26.92,38.39,20.58,77.48,13.74,1010.3,Rainy
2024-10-16,Chennai,26.32,19.47,30.61,0.4,66.55,10.88,1003.06,Clear
2023-12-21,Chennai,22.71,15.65,30.33,0.34,66.89,16.56,1016.32,Clear
2023-11-02,Hyderabad,19.84,11.69,26.15,0.93,80.86,2.0,1018.11,Cloudy
2023-12-13,Pune,22.99,17.38,29.27,0.67,66.13,13.4,1013.01,Clear
2023-09-08,Delhi,22.62,17.24,30.45,4.6,59.48,2.65,1014.41,Clear
2022-03-06,Bengaluru,25.37,20.54,30.5,2.54,71.3,8.97,1012.74,Clear
2023-05-19,Pune,40.12,35.39,47.19,0.08,46.46,10.01,1015.57,Hot
2022-06-17,Pune,36.05,27.48,43.92,18.22,68.91,9.55,1002.1,Rainy
2024-01-10,Pune,18.33,11.28,23.01,0.46,71.21,15.63,1017.45,Clear
2024-05-18,Hyderabad,35.44,29.94,41.21,1.2,43.47,7.23,1007.73,Hot
2022-08-21,Pune,34.59,27.66,41.7,14.7,77.26,13.16,1018.58,Rainy
2022-06-17,Bengaluru,37.64,32.78,42.13,3.91,55.08,15.71,1009.64,Hot
2023-03-04,Chennai,34.56,29.44,40.51,4.13,53.34,12.04,1004.45,Clear
2023-06-18,Chennai,39.05,30.79,46.84,48.62,98.0,7.23,1011.42,Heavy Rain
2023-05-27,Mumbai,34.7,28.63,38.86,1.12,55.01,10.41,1006.08,Clear
2022-12-18,Bengaluru,16.42,12.41,23.26,0.76,91.29,13.74,1014.62,Cold
2023-08-17,Hyderabad,32.64,27.9,37.19,13.02,71.88,3.03,1003.68,Rainy
2024-11-08,Pune,13.72,8.99,21.19,3.07,81.57,6.96,1014.01,Cold
2023-04-18,Mumbai,33.41,27.31,38.84,6.85,54.41,13.05,1024.85,Clear
2023-03-29,Bengaluru,27.38,18.96,31.44,1.38,62.3,10.09,1010.03,Clear
2022-11-02,Hyderabad,18.42,13.79,23.14,0.98,80.42,15.93,1015.33,Cloudy
2024-10-29,Bengaluru,26.02,17.42,31.57,2.02,62.29,5.7,1005.81,Clear
2022-02-13,Hyderabad,24.52,16.38,30.28,1.65,55.27,16.79,1012.98,Clear
2023-10-09,Hyderabad,23.61,15.03,28.06,1.9,85.16,11.69,1014.18,Cloudy
2022-11-21,Pune,22.57,13.9,27.45,2.13,78.03,9.67,1017.64,Clear
2022-06-03,Chennai,40.18,33.16,47.39,3.51,48.89,7.94,1008.09,Hot
2022-09-05,Bengaluru,28.19,20.81,32.3,12.53,81.97,18.87,1013.46,Rainy
2024-10-02,Mumbai,26.01,20.26,30.72,0.7,79.42,14.23,1011.56,Clear
2024-04-07,Chennai,34.74,29.03,42.41,1.36,50.57,14.29,1005.06,Clear
2022-06-23,Chennai,38.97,33.54,44.39,8.91,67.46,10.69,1012.47,Hot
2022-05-30,Bengaluru,36.42,29.31,41.09,5.63,61.55,5.75,1008.32,Hot
2023-10-06,Bengaluru,25.19,19.55,30.07,2.3,73.38,9.38,1009.39,Clear
2022-03-01,Hyderabad,27.37,18.7,32.03,0.99,54.7,4.86,1018.16,Clear
2024-04-25,Pune,29.42,22.43,34.11,0.3,66.37,14.77,1000.6,Clear
2022-04-04,Mumbai,31.82,24.46,35.89,1.44,56.03,7.11,1015.56,Clear
2022-03-28,Chennai,34.15,29.36,40.97,2.1,56.21,12.28,1008.25,Clear
2023-11-05,Bengaluru,13.92,8.51,19.71,6.85,85.91,5.34,1015.37,Cold
2022-03-13,Delhi,26.15,19.0,30.21,1.72,67.58,19.08,1009.72,Clear
2022-10-02,Pune,27.74,20.15,33.97,0.21,57.47,8.72,1016.78,Clear
2023-07-04,Mumbai,36.41,31.03,41.73,23.49,88.52,14.38,1009.05,Rainy
2022-11-04,Hyderabad,22.57,18.27,27.17,0.58,72.66,13.52,1010.92,Clear
2024-10-01,Delhi,22.38,14.08,29.65,1.48,77.61,9.82,1011.01,Clear
2023-04-13,Hyderabad,32.03,26.28,38.85,5.25,65.77,10.78,1011.02,Clear
2024-08-13,Chennai,36.32,28.43,44.0,15.26,68.89,17.2,1013.64,Rainy
2022-08-19,Mumbai,36.33,29.12,43.11,1.46,51.07,14.06,1012.9,Hot
2024-07-07,Hyderabad,39.54,34.39,45.25,2.55,39.38,10.95,1012.82,Hot
2023-04-12,Chennai,35.76,29.93,40.85,0.5,48.95,18.56,1011.39,Hot
2023-08-31,Delhi,28.39,23.91,35.57,9.7,69.99,15.39,1007.7,Clear
2023-11-08,Mumbai,27.94,22.54,34.2,1.91,74.01,9.92,1011.93,Clear
2022-11-24,Delhi,20.44,14.3,26.08,0.43,76.78,9.54,1002.45,Clear
2022-03-23,Delhi,24.79,16.89,31.69,0.3,71.93,8.91,1010.04,Clear
2024-03-12,Pune,22.96,16.65,27.64,1.37,68.59,11.27,1010.76,Clear
2024-12-12,Hyderabad,20.95,15.94,28.42,4.53,81.02,13.69,1019.34,Cloudy
2024-12-10,Chennai,22.66,17.08,28.14,0.69,68.95,10.75,1002.04,Clear
2022-09-21,Mumbai,31.13,24.71,38.59,11.4,62.77,8.63,1015.2,Rainy
2024-02-03,Bengaluru,17.16,10.19,23.74,3.79,79.86,13.4,1011.38,Cold
2024-01-14,Chennai,27.39,21.87,32.68,1.61,63.5,10.15,1012.65,Clear
2022-03-03,Mumbai,28.46,19.97,34.35,0.31,57.15,10.1,1007.92,Clear
2022-07-15,Delhi,30.39,24.23,37.36,28.84,98.0,12.17,1011.24,Rainy
2022-04-12,Pune,32.53,27.99,38.57,2.39,56.94,13.98,1018.76,Clear
2024-09-13,Hyderabad,27.75,21.16,34.87,22.28,88.22,13.38,1014.97,Rainy
2022-04-28,Bengaluru,22.51,14.2,27.38,1.68,65.42,11.48,1008.21,Clear
2022-07-10,Chennai,39.42,31.2,44.93,15.7,64.42,12.25,1009.1,Rainy
2022-11-11,Pune,27.42,20.13,31.63,0.04,60.99,12.41,1002.15,Clear
2024-01-04,Mumbai,20.49,15.85,28.28,0.96,79.91,9.67,1013.95,Clear
2024-05-24,Delhi,33.6,26.53,39.39,3.2,72.38,15.23,1015.73,Clear
2024-01-28,Hyderabad,25.04,20.23,30.19,1.05,70.56,11.94,1006.58,Clear
2024-08-23,Chennai,33.71,27.49,40.84,20.03,91.0,11.69,1013.81,Rainy
2024-03-11,Bengaluru,27.47,22.52,32.65,1.15,62.3,11.88,1015.81,Clear
2022-08-22,Hyderabad,29.52,23.23,35.36,7.41,46.79,12.8,1014.77,Clear
2022-08-06,Mumbai,34.06,26.03,39.9,6.25,56.38,14.41,1008.45,Clear
2022-11-13,Pune,17.56,10.73,23.3,0.16,77.7,15.75,1012.02,Cold
2023-01-20,Pune,20.38,12.16,25.41,1.06,72.74,13.73,1012.82,Clear
2024-03-19,Hyderabad,30.18,23.89,37.02,1.86,48.97,22.97,1017.5,Clear
2023-08-26,Delhi,31.85,26.69,37.11,7.22,52.05,10.82,1005.7,Clear
2023-01-23,Pune,21.07,12.92,28.72,2.83,69.92,13.23,1010.31,Clear
2024-04-24,Chennai,32.67,27.23,37.0,0.4,54.69,11.22,1014.75,Clear
2023-03-23,Bengaluru,24.89,20.1,31.36,0.69,78.77,16.36,1014.33,Clear
2024-11-17,Hyderabad,19.89,12.42,25.45,0.07,74.71,7.88,1009.73,Clear
2022-05-03,Hyderabad,38.36,29.63,46.23,3.24,47.04,13.09,1009.37,Hot
2022-01-24,Mumbai,22.84,14.38,29.37,1.84,90.14,12.38,1004.97,Cloudy
2024-10-09,Delhi,27.09,19.5,34.67,1.61,65.23,12.95,1015.94,Clear
2024-12-22,Hyderabad,24.22,15.95,29.84,2.91,78.98,9.56,1013.16,Clear
2022-12-17,Pune,19.78,13.81,24.59,1.67,70.14,15.23,1019.9,Clear
2024-04-23,Delhi,31.3,23.55,36.83,1.16,58.75,9.2,1018.84,Clear
2022-05-04,Bengaluru,36.39,31.55,43.07,0.49,32.56,17.06,1004.09,Hot
2024-11-16,Bengaluru,24.98,16.34,29.13,0.17,64.34,16.94,1009.99,Clear
2023-11-15,Mumbai,19.44,13.42,23.61,0.21,67.83,8.93,1012.34,Clear
2022-03-04,Pune,24.19,18.59,29.55,3.48,75.01,9.54,1020.09,Clear
2023-08-07,Delhi,34.78,27.08,39.01,34.32,98.0,5.44,1015.19,Rainy
2024-10-19,Pune,22.66,17.98,27.94,1.19,72.19,13.79,1012.39,Clear
2022-12-25,Hyderabad,17.28,10.16,23.22,0.63,68.17,8.97,1004.46,Cold
2022-05-13,Mumbai,36.85,32.49,42.42,8.71,56.82,15.14,1014.13,Hot
2023-06-07,Hyderabad,36.2,30.16,43.96,10.52,67.34,11.79,1017.57,Rainy
2023-03-04,Bengaluru,24.84,18.03,31.53,6.13,80.32,3.22,1010.16,Cloudy
2022-10-20,Bengaluru,23.15,14.24,27.45,0.28,61.12,10.62,1008.07,Clear
2023-01-29,Mumbai,26.19,19.07,34.15,0.3,54.71,5.44,1010.04,Clear
2022-08-19,Chennai,36.51,31.25,41.84,15.22,74.29,11.92,1006.27,Rainy
2024-01-01,Delhi,22.45,15.78,26.74,0.16,65.73,15.12,1006.87,Clear
2022-05-04,Pune,34.0,27.01,41.42,1.15,58.36,17.51,1007.05,Clear
2022-08-17,Bengaluru,27.65,22.86,33.57,5.31,69.05,12.18,1004.75,Clear
2024-11-02,Pune,25.05,18.04,32.75,1.25,55.87,14.57,1005.56,Clear
2024-04-02,Hyderabad,27.26,21.81,34.51,4.1,59.07,6.36,1014.92,Clear
2022-05-13,Chennai,37.85,30.86,42.15,1.86,41.48,19.61,1017.06,Hot
2022-01-11,Delhi,26.6,18.52,32.4,0.37,60.67,4.37,1010.99,Clear
2022-08-28,Bengaluru,32.26,28.11,39.75,15.25,79.42,11.19,1014.95,Rainy
2023-10-29,Hyderabad,27.35,18.58,34.31,2.78,72.04,13.82,1013.96,Clear
2023-08-09,Mumbai,28.57,23.91,35.34,7.7,74.26,2.51,1022.21,Clear
2022-09-05,Mumbai,29.61,25.21,35.03,12.38,85.24,16.63,1017.88,Rainy
2024-04-05,Pune,23.55,17.5,29.57,1.04,72.53,13.45,1010.55,Clear
2024-01-17,Bengaluru,16.26,10.17,20.43,0.36,85.5,10.64,1003.93,Cold
2022-11-12,Pune,20.34,12.62,27.77,3.41,65.73,7.15,1017.49,Clear
2022-09-07,Pune,27.57,19.58,33.4,13.26,78.91,10.75,1015.09,Rainy
2023-01-26,Hyderabad,22.86,15.57,28.18,2.1,75.65,10.1,1009.9,Clear
2023-11-28,Mumbai,24.74,18.47,29.95,0.64,69.4,14.48,1009.07,
2024-01-14,Mumbai,26.97,20.51,31.13,1.26,64.76,7.07,1016.76,Clear
2023-08-30,Pune,31.0,25.85,36.35,10.08,74.66,14.53,1009.45,Rainy
2024-11-20,Delhi,17.05,8.49,22.15,1.04,86.66,17.99,1013.77,Cold
2023-06-05,Chennai,37.35,29.77,41.38,9.85,53.24,12.39,1013.31,Hot
2022-08-22,Mumbai,35.0,29.6,42.43,13.47,71.59,13.27,1016.44,Rainy
2024-09-28,Delhi,24.82,17.39,29.88,17.53,93.13,13.44,1016.24,Rainy
2023-03-12,Mumbai,30.0,25.55,36.41,2.39,59.41,13.77,1008.33,Clear
2023-02-15,Bengaluru,18.28,12.36,22.97,0.92,83.53,10.75,1009.26,Cloudy
2024-08-26,Hyderabad,34.77,25.88,42.53,7.59,61.32,13.14,1003.57,Clear
2024-03-03,Bengaluru,23.3,17.74,27.6,1.57,71.76,11.03,1008.71,Clear
2023-10-23,Bengaluru,21.56,15.97,27.41,0.6,65.65,11.45,1011.16,Clear
2023-07-19,Bengaluru,36.41,31.86,44.37,0.57,46.04,12.05,1009.8,Hot
2022-07-12,Bengaluru,25.95,17.75,30.55,1.2,69.67,15.38,1018.76,Clear
2024-09-09,Mumbai,34.62,27.02,39.96,15.18,60.68,11.4,1008.13,Rainy
2023-10-22,Chennai,28.3,21.87,33.77,2.04,58.1,11.03,1010.51,Clear
2024-12-14,Bengaluru,13.59,4.62,19.24,4.87,82.96,13.36,1013.81,Cold
2022-05-11,Bengaluru,33.19,26.12,40.09,0.86,58.03,15.06,1010.05,Clear
2022-03-08,Hyderabad,28.34,20.9,32.88,2.8,64.02,17.92,1009.54,Clear
2022-03-30,Hyderabad,33.64,26.54,38.73,5.42,66.91,13.84,1015.25,Clear
2024-04-02,Delhi,29.83,21.22,35.8,0.5,68.48,6.78,1013.86,Clear
2022-07-27,Delhi,32.49,23.64,39.61,4.62,46.59,17.39,1000.91,Clear
2023-02-28,Delhi,24.56,17.53,29.67,0.65,47.72,14.98,1016.28,Clear
2023-03-20,Chennai,29.29,23.56,34.56,1.48,74.0,17.21,1012.44,Clear
2022-01-01,Hyderabad,16.17,10.25,20.21,0.11,83.11,14.82,1013.56,Cold
2022-04-23,Delhi,32.27,25.32,38.43,5.33,74.58,8.58,1010.2,Clear
2024-01-31,Chennai,23.48,16.46,28.51,0.61,76.76,17.24,1013.09,Clear
2022-03-22,Mumbai,28.62,23.38,35.6,0.44,70.79,13.61,1010.26,Clear
2024-01-05,Bengaluru,21.65,13.66,27.43,0.05,74.69,16.23,1013.15,Clear
2022-08-10,Bengaluru,32.69,27.85,38.5,7.18,61.8,12.64,1010.77,Clear
2024-12-25,Pune,21.34,17.03,26.54,0.81,78.17,18.01,1005.59,Clear
2024-04-29,Pune,29.17,20.46,34.45,0.71,62.87,16.02,1016.52,Clear
2024-06-09,Chennai,37.43,33.24,43.1,3.03,61.83,2.79,1012.45,Hot
2024-12-17,Pune,17.59,13.52,23.97,2.14,88.55,14.04,1011.85,Cold
2022-09-14,Pune,28.53,23.03,33.96,20.1,98.0,9.65,1000.7,Rainy
2022-06-15,Delhi,28.81,22.73,36.36,28.05,98.0,14.22,1016.05,Rainy
2023-07-28,Pune,32.99,27.72,38.56,5.53,75.04,7.11,1005.62,Clear
2024-08-15,Mumbai,38.01,31.27,42.17,12.31,68.1,12.4,1010.05,Rainy
2023-08-22,Chennai,36.83,30.14,43.35,13.96,63.96,13.14,999.73,Rainy
2023-02-06,Mumbai,23.26,16.94,27.74,1.52,65.13,12.29,1010.94,Clear
2023-01-24,Hyderabad,20.52,12.66,28.07,1.01,74.13,12.07,1004.98,Clear
2023-10-07,Delhi,18.24,9.88,25.75,7.17,92.63,4.05,1005.55,Cloudy
2022-05-24,Chennai,32.54,27.68,38.3,0.68,48.3,11.98,1009.17,Clear
2022-05-06,Delhi,32.84,26.61,39.62,0.19,61.37,16.46,1009.04,Clear
2023-12-05,Hyderabad,18.42,9.78,23.31,1.3,81.0,14.02,1012.69,Cloudy
2023-02-18,Pune,24.02,19.16,29.45,0.67,63.47,17.75,1011.74,Clear
2023-04-14,Mumbai,33.45,27.7,40.58,0.86,57.14,10.61,1009.52,Clear
2023-01-03,Bengaluru,16.41,11.3,23.93,2.02,70.54,11.98,1016.35,Cold
2022-09-06,Bengaluru,23.14,15.09,30.15,5.7,70.31,10.66,1015.57,Clear
2024-12-07,Pune,21.48,15.06,26.02,0.92,70.28,10.99,1011.57,Clear
2022-10-01,Delhi,23.89,19.52,28.64,2.25,80.57,8.83,1006.09,Cloudy
2023-11-21,Delhi,21.37,15.11,28.96,1.0,75.82,11.44,1013.76,Clear
2023-03-29,Delhi,28.15,23.96,35.86,1.14,61.37,4.3,1019.68,Clear
2024-03-16,Mumbai,26.92,22.02,34.53,0.15,58.29,16.56,1007.81,Clear
2022-05-06,Pune,34.1,25.84,41.73,0.37,63.19,14.92,1011.58,Clear
2024-10-31,Mumbai,25.86,20.75,30.93,1.82,57.12,14.31,1005.85,Clear
2022-05-15,Bengaluru,33.18,25.65,38.15,8.98,75.76,9.87,1008.92,Clear
2022-01-08,Bengaluru,17.22,9.03,21.97,1.55,88.98,5.95,1010.88,Cold
2022-07-20,Delhi,39.47,30.49,44.58,15.79,76.86,6.67,1013.99,Rainy
2022-12-01,Mumbai,15.89,8.65,23.64,0.74,67.35,12.1,1002.4,Cold
2024-01-07,Hyderabad,20.44,11.54,25.53,1.12,62.53,11.62,1021.95,Clear
2024-11-25,Hyderabad,23.04,14.77,30.93,1.55,81.25,8.39,1014.14,Cloudy
2022-01-13,Pune,20.81,14.38,26.23,2.85,68.09,12.69,1014.94,Clear
2023-01-05,Hyderabad,25.35,17.34,30.02,2.08,61.3,12.56,1011.6,Clear
2022-11-15,Bengaluru,18.08,12.56,23.05,1.85,75.81,10.53,1013.84,Clear
2023-11-17,Chennai,22.7,16.94,27.17,1.2,78.04,20.67,1018.14,Clear
2023-07-05,Delhi,31.93,26.19,38.05,31.74,98.0,9.86,1013.0,Rainy
2022-12-30,Hyderabad,19.78,14.85,25.41,1.49,75.34,8.58,1000.46,Clear
2023-07-01,Bengaluru,32.65,23.71,40.11,14.98,80.9,17.07,1013.34,Rainy
2023-09-19,Hyderabad,28.2,21.67,35.82,10.36,79.64,8.06,1010.83,Rainy
2024-03-17,Hyderabad,29.4,22.34,36.79,5.29,62.66,9.01,1015.15,Clear
2023-09-15,Hyderabad,30.27,24.57,38.11,8.03,62.91,11.49,1010.09,Clear
2022-12-01,Delhi,19.13,14.33,26.92,1.3,81.74,17.33,1014.52,Cloudy
2024-05-22,Bengaluru,29.2,21.51,34.35,0.63,58.92,13.34,1011.21,Clear
2022-03-14,Delhi,27.78,21.14,32.94,1.63,64.09,10.83,1015.35,Clear
2022-07-17,Chennai,39.54,32.95,43.58,13.22,61.43,8.46,1004.32,Rainy
2022-04-07,Delhi,29.49,24.13,33.75,1.76,50.92,14.11,1004.41,Clear
2024-12-20,Delhi,19.11,14.06,26.03,1.37,83.51,18.4,1013.39,Cloudy
2023-05-04,Hyderabad,30.93,25.35,38.92,3.56,64.23,6.71,1014.73,Clear
2024-11-18,Delhi,18.73,13.4,26.01,0.65,94.23,11.38,1009.36,Cloudy
2022-07-20,Hyderabad,34.01,29.29,38.12,54.6,98.0,23.74,1018.53,Heavy Rain
2024-09-23,Hyderabad,29.59,22.07,36.12,23.41,89.92,10.96,1011.07,Rainy
2023-09-15,Mumbai,28.83,21.9,34.8,10.27,65.04,11.01,1015.13,Rainy
2023-04-12,Pune,31.24,22.61,36.66,1.88,58.24,11.67,1017.48,Clear
2024-09-27,Hyderabad,26.78,19.09,33.64,10.69,85.95,2.54,1016.27,Rainy
2024-06-17,Delhi,37.37,30.16,44.88,2.39,37.65,11.99,1010.03,Hot
2023-04-15,Mumbai,35.79,29.79,41.43,0.63,57.31,18.85,1003.26,Hot
2023-08-31,Pune,28.68,22.79,34.7,19.89,87.46,15.48,1011.38,Rainy
2022-01-01,Chennai,21.02,15.35,25.73,1.49,74.59,16.67,1005.8,Clear
2023-05-20,Bengaluru,38.76,30.64,44.13,0.3,49.91,15.76,1000.8,Hot
2024-02-24,Chennai,28.61,20.48,35.04,1.77,68.32,5.68,1015.26,Clear
2024-12-14,Chennai,26.15,19.59,33.84,3.33,64.52,11.9,1025.07,Clear
2022-11-27,Pune,17.73,12.47,23.06,0.76,76.85,9.26,1020.97,Cold
2024-11-20,Hyderabad,23.0,17.79,27.41,0.05,75.0,15.04,1005.26,Clear
2022-03-30,Mumbai,35.55,31.48,42.2,3.59,48.98,11.34,1012.0,Hot
2024-08-01,Hyderabad,31.67,26.31,38.64,5.12,56.61,14.51,1015.38,Clear
2023-07-24,Bengaluru,33.54,25.17,40.07,11.38,57.18,16.96,1014.43,Rainy
2022-01-09,Chennai,21.99,14.56,26.83,1.54,72.91,9.35,1009.97,Clear
2022-02-01,Bengaluru,25.94,21.56,30.21,2.65,65.82,7.55,1012.85,Clear
2022-06-06,Mumbai,36.2,31.83,42.61,24.54,95.76,15.93,1010.38,Rainy
2023-06-20,Hyderabad,37.98,30.41,43.05,7.21,64.64,9.38,1010.16,Hot
2023-12-28,Delhi,22.36,14.9,26.5,2.24,63.1,6.35,1008.52,Clear
2023-01-14,Delhi,17.24,11.59,22.96,2.74,82.23,12.13,1012.83,Cold
2022-01-19,Delhi,19.04,11.68,23.74,1.1,77.34,12.08,1004.34,Clear
2024-09-19,Delhi,32.0,23.87,37.62,19.6,79.81,4.86,1007.88,Rainy
2024-02-23,Pune,22.87,17.02,29.83,2.37,59.79,10.63,1008.14,Clear
2022-07-18,Mumbai,36.87,31.64,43.78,27.61,85.65,18.68,1013.97,Rainy
2024-08-28,Delhi,35.08,30.16,40.61,4.31,59.72,10.66,1006.16,Hot
2022-12-05,Bengaluru,14.81,7.13,19.91,1.2,80.36,15.62,1016.7,Cold
2024-11-11,Chennai,20.51,16.24,27.43,0.2,72.77,11.63,1007.42,Clear
2024-03-27,Pune,33.6,25.91,40.25,0.9,52.5,16.05,1016.46,Clear
2023-06-19,Mumbai,42.09,35.64,48.2,33.66,79.97,12.36,1009.39,Rainy
2024-02-04,Chennai,24.92,17.66,32.92,4.28,70.49,12.77,1010.6,Clear
2022-04-19,Bengaluru,26.99,22.66,34.14,0.92,69.63,11.21,1020.15,Clear
2023-05-11,Bengaluru,35.43,30.5,40.63,0.3,46.11,13.81,1009.61,Hot
2024-06-02,Delhi,31.55,24.66,37.69,16.81,83.25,9.73,1006.35,Rainy
2022-11-21,Mumbai,20.63,13.52,27.23,3.77,84.3,7.51,1007.41,Cloudy
2024-03-30,Delhi,25.66,18.44,32.67,0.02,51.59,17.55,1008.01,Clear
2022-04-16,Hyderabad,33.19,25.23,38.92,1.5,54.92,18.46,1007.15,Clear
2023-07-22,Hyderabad,30.73,22.11,34.81,9.46,65.88,3.2,1022.43,Clear
2024-02-05,Delhi,17.56,12.63,23.65,0.78,82.88,8.76,1016.24,Cold
2023-01-29,Mumbai,26.19,19.07,34.15,0.3,54.71,5.44,1010.04,Clear
2024-11-17,Bengaluru,17.0,8.93,22.62,1.04,79.16,5.07,1013.41,Cold
2023-03-14,Delhi,26.4,17.48,33.08,1.33,72.79,17.14,1014.83,Clear
2024-04-04,Bengaluru,37.57,30.79,44.18,0.06,50.67,10.28,1016.53,Hot
2023-06-29,Bengaluru,34.26,28.2,41.59,3.64,55.1,15.31,1008.76,Clear
2022-06-29,Hyderabad,33.58,27.38,39.99,6.69,61.51,16.5,1010.8,Clear
2023-09-25,Pune,21.6,15.8,25.66,4.63,78.24,12.08,1014.91,Clear
2024-07-25,Bengaluru,31.81,27.28,39.7,16.11,73.42,17.22,1007.85,Rainy
2023-05-12,Mumbai,32.62,26.9,38.7,0.19,53.96,16.19,1006.31,Clear
2022-08-15,Hyderabad,31.72,26.06,37.2,1.98,62.49,13.0,1017.35,Clear
2023-10-10,Bengaluru,16.35,9.19,21.01,8.48,98.0,9.61,1014.15,Cold
2024-06-16,Delhi,39.75,31.37,46.39,3.59,60.9,11.13,1012.21,Hot
2022-04-07,Chennai,38.59,33.3,43.71,1.09,31.05,14.49,1009.32,Hot
2024-06-06,Hyderabad,38.91,31.21,46.65,9.22,60.31,13.67,1013.9,Hot
2023-09-03,Bengaluru,29.05,21.54,36.17,3.91,71.11,7.52,1012.16,Clear
2022-09-10,Bengaluru,22.05,15.98,27.57,5.89,79.12,13.37,1016.06,Clear
2022-11-07,Hyderabad,21.03,12.71,26.86,0.43,70.38,10.1,1016.3,Clear
2023-07-16,Chennai,39.97,34.24,44.1,11.95,56.77,16.18,1014.31,Rainy
2024-10-14,Delhi,24.19,17.75,28.59,0.35,74.35,12.75,1018.47,Clear
2022-07-28,Mumbai,38.13,30.12,43.97,4.23,51.28,11.89,1020.86,Hot
2022-07-17,Delhi,39.99,34.6,45.28,17.1,66.4,19.58,1024.71,Rainy
2024-06-18,Hyderabad,36.21,30.37,43.9,7.43,68.2,14.6,1007.6,Hot
2024-06-29,Delhi,39.35,30.81,43.48,5.1,56.2,9.47,1016.72,Hot
2023-09-20,Bengaluru,24.99,17.2,31.14,11.38,88.67,17.96,1004.69,Rainy
2024-01-07,Bengaluru,16.41,12.19,20.78,4.49,84.14,11.02,1014.91,Cold
2023-12-31,Chennai,26.86,21.0,33.62,2.29,66.98,18.12,1016.42,Clear
2024-11-05,Delhi,20.33,13.44,24.98,1.53,86.69,12.07,1007.98,Cloudy
2022-05-29,Pune,35.25,27.56,40.11,1.6,34.37,19.76,1012.46,Hot
2022-07-02,Bengaluru,28.2,23.23,35.86,3.22,61.98,17.79,1006.18,Clear
2023-07-16,Mumbai,33.6,26.57,39.32,10.28,74.07,2.45,1009.52,Rainy
2024-03-23,Hyderabad,27.24,19.6,34.26,1.25,51.35,6.66,1007.66,Clear
2023-07-22,Delhi,30.82,25.29,35.36,2.39,53.03,18.23,1015.0,Clear
2024-08-18,Hyderabad,31.97,22.97,37.82,31.88,98.0,20.25,1018.64,Rainy
2023-11-11,Chennai,25.4,19.69,32.99,2.48,62.92,11.64,1008.18,Clear
2022-08-05,Bengaluru,29.52,22.83,35.24,1.48,64.83,11.59,1015.68,Clear
2023-04-03,Bengaluru,28.42,21.48,33.14,1.6,53.73,8.56,1009.28,Clear
2022-11-20,Pune,20.74,12.54,25.23,1.49,73.06,15.34,1013.68,Clear
2022-05-26,Hyderabad,30.14,23.98,34.29,0.24,38.23,16.54,1012.26,Clear
2022-10-30,Hyderabad,26.94,18.67,30.97,1.83,53.21,10.13,1021.69,Clear
2023-09-21,Delhi,29.7,22.07,33.86,2.77,56.58,12.49,1021.22,Clear
2024-05-03,Delhi,31.3,25.54,38.33,4.32,57.78,7.3,1016.96,Clear
2023-08-03,Hyderabad,27.49,21.14,34.93,28.2,98.0,7.63,1016.77,Rainy
2023-11-18,Pune,19.09,12.12,25.78,1.94,78.81,13.25,1015.65,Clear
2023-12-26,Hyderabad,22.04,16.64,27.47,9.68,86.1,15.36,1005.25,Cloudy
2022-03-06,Hyderabad,27.06,20.67,33.49,2.05,78.12,10.51,1009.27,Clear
2022-03-07,Pune,24.48,16.78,30.27,1.4,68.76,19.11,1015.2,Clear
2024-03-24,Bengaluru,20.42,11.81,28.09,0.51,65.48,11.33,1015.48,Clear
2023-11-06,Chennai,25.77,18.42,32.22,0.02,71.89,7.07,1021.27,Clear
2022-11-30,Chennai,21.74,17.6,28.51,1.55,76.94,7.9,1015.72,Clear
2024-10-05,Chennai,34.33,25.76,41.91,0.88,46.47,16.14,1019.26,Clear
2022-03-26,Delhi,24.66,17.64,32.06,1.51,64.65,17.08,1010.28,Clear
2023-01-17,Mumbai,23.94,18.55,28.82,2.02,66.6,7.58,1013.1,Clear
2023-08-03,Bengaluru,28.38,22.85,35.75,23.2,98.0,7.99,1016.95,Rainy
2024-11-19,Delhi,22.84,18.59,28.77,0.64,67.95,13.92,1016.86,Clear
2024-06-27,Pune,35.61,27.54,41.59,11.54,67.55,10.88,1012.56,Rainy
2024-09-05,Bengaluru,26.26,19.42,31.49,12.46,88.81,8.01,998.67,Rainy
2022-09-06,Chennai,32.08,27.41,38.84,13.89,71.61,15.88,1016.78,Rainy
2024-04-17,Bengaluru,30.26,25.97,36.4,0.35,50.71,7.44,1017.97,Clear
2024-03-21,Bengaluru,23.17,16.8,27.99,5.61,85.35,13.36,1009.35,Cloudy
2023-06-20,Mumbai,39.52,35.1,45.27,6.06,65.83,4.1,1015.76,Hot
2023-05-07,Mumbai,35.65,30.99,42.47,2.87,61.4,11.74,1012.36,Hot
2022-07-09,Bengaluru,36.2,31.29,41.59,7.0,73.35,16.3,1013.14,Hot
2023-09-28,Hyderabad,27.86,22.36,33.93,19.77,88.3,8.74,1016.51,Rainy
2022-03-09,Pune,32.71,24.46,38.63,0.88,61.07,7.77,1016.32,Clear
2022-05-08,Pune,37.8,30.98,45.25,5.08,42.75,9.87,1011.03,Hot
2024-05-21,Bengaluru,29.46,25.1,35.69,0.84,62.41,12.84,1011.47,Clear
2023-09-13,Delhi,25.95,21.74,31.83,4.49,70.28,17.9,1010.83,Clear
2024-12-15,Mumbai,21.45,14.3,26.66,3.14,80.55,12.51,1004.1,Cloudy
2022-08-01,Chennai,35.8,29.06,41.89,7.64,66.09,12.99,1011.88,Hot
2022-07-07,Bengaluru,27.21,19.99,34.84,12.97,82.71,14.34,1012.53,Rainy
2023-10-16,Hyderabad,26.06,20.91,30.41,2.88,69.06,13.81,1019.71,Clear
2022-03-01,Delhi,30.26,24.78,37.91,1.82,54.11,11.15,1006.52,Clear
2023-11-23,Bengaluru,19.65,12.22,24.83,0.49,69.16,16.75,1006.15,Clear
2024-11-16,Chennai,26.08,20.18,32.31,0.86,61.08,5.9,1005.59,Clear
2022-02-07,Mumbai,26.6,22.46,32.94,0.63,50.27,17.12,1008.92,Clear
2022-08-11,Chennai,38.4,30.69,44.44,3.07,54.54,11.71,1019.56,Hot
2024-03-15,Bengaluru,19.74,11.71,25.53,1.54,78.08,13.72,1011.52,Clear
2023-06-29,Mumbai,34.94,28.03,42.01,13.63,72.84,15.36,1013.25,Rainy
2022-10-24,Mumbai,26.57,17.66,31.33,0.58,63.7,14.29,1011.58,Clear
2023-07-09,Chennai,38.94,31.8,42.95,36.08,96.26,16.96,1011.87,Heavy Rain
2023-02-25,Chennai,28.11,19.52,34.62,3.6,76.29,8.41,999.25,Clear
2024-04-10,Hyderabad,23.93,18.5,29.9,2.67,69.0,14.02,1016.51,Clear
2024-03-23,Chennai,32.96,25.47,37.48,4.18,52.6,16.87,1005.83,Clear
2024-03-15,Delhi,27.93,23.42,35.22,3.03,53.46,15.66,1016.78,Clear
2024-12-08,Delhi,17.99,9.53,22.64,,88.63,11.52,1005.41,Cold
2024-06-05,Delhi,31.08,24.42,38.2,5.31,76.96,11.31,1010.84,Clear
2023-05-23,Delhi,30.18,24.07,37.22,4.82,67.03,12.34,1006.11,Clear
2024-02-15,Pune,21.07,14.23,27.8,1.63,68.28,18.21,1012.2,Clear
2023-06-13,Hyderabad,39.7,30.91,45.46,16.93,58.4,15.13,1004.19,Rainy
2022-11-22,Pune,18.85,13.21,23.28,2.9,79.86,4.59,1014.31,Clear
2023-11-13,Mumbai,23.33,16.52,29.54,0.07,69.16,15.83,1023.62,Clear
2024-01-07,Pune,25.41,19.24,31.6,2.29,72.23,5.48,1018.91,Clear
2024-05-28,Bengaluru,30.51,22.12,37.17,0.25,60.58,17.02,1015.33,Clear
2023-10-26,Bengaluru,21.35,17.29,26.06,0.52,73.32,15.42,1008.38,Clear
2022-05-15,Hyderabad,37.78,32.6,42.47,0.28,54.88,12.0,1012.33,Hot
2023-01-09,Chennai,25.61,19.67,31.02,1.54,60.75,5.42,1015.09,Clear
2023-04-08,Pune,32.68,26.9,37.68,2.46,75.4,13.84,1021.8,Clear
2024-10-19,Delhi,26.33,20.34,31.0,1.24,66.37,7.14,1000.7,Clear
2023-10-13,Chennai,26.65,21.45,31.61,1.7,70.15,15.96,1014.69,Clear
2023-06-06,Pune,38.6,30.14,45.46,23.49,76.6,7.63,1018.0,Rainy
2022-04-27,Bengaluru,29.75,23.46,35.15,0.11,56.63,8.3,1006.58,Clear
2022-06-30,Chennai,37.61,30.87,41.65,21.4,73.58,17.06,1008.52,Rainy
2024-01-07,Mumbai,24.87,18.87,32.68,0.17,72.23,10.36,1017.11,Clear
2024-09-16,Chennai,31.83,24.96,38.86,9.43,61.88,8.02,1013.64,Clear
2023-11-25,Pune,17.48,11.7,24.21,1.17,80.29,12.53,1013.81,Cold
2023-09-18,Mumbai,27.43,18.51,34.1,11.99,72.87,12.81,1005.71,Rainy
2022-07-16,Bengaluru,34.7,27.42,42.22,5.5,55.23,7.74,1015.32,Clear
2022-02-23,Bengaluru,29.22,21.7,34.87,0.3,61.67,8.5,1003.27,Clear
2023-04-04,Pune,33.41,27.68,40.45,1.13,57.31,14.09,1009.37,Clear
2023-05-15,Pune,36.59,32.45,44.32,0.19,47.05,10.6,1011.1,Hot
2024-02-03,Pune,26.16,18.24,33.28,1.75,66.08,12.65,1011.49,Clear
2023-09-21,Hyderabad,31.17,26.53,38.84,16.62,70.74,10.18,1007.24,Rainy
2022-12-13,Mumbai,22.84,14.66,30.13,5.63,62.08,11.25,1010.81,Clear
2022-11-06,Pune,21.58,16.41,27.81,0.62,69.36,15.85,1007.07,Clear
2023-01-25,Pune,22.43,15.56,29.5,0.55,58.34,13.51,1006.84,Clear
2024-01-18,Mumbai,22.32,13.76,30.09,6.64,80.61,13.09,1007.01,Cloudy
2022-11-20,Chennai,27.52,20.84,34.72,1.17,72.54,20.0,1010.19,Clear
2023-11-03,Chennai,21.93,13.21,27.71,0.56,75.22,10.46,1012.37,Clear
2023-11-01,Pune,22.76,17.54,27.95,4.14,90.48,8.13,1017.74,Cloudy
2024-07-03,Chennai,36.65,31.91,44.3,3.48,52.27,10.84,1016.87,Hot
2024-03-23,Mumbai,30.22,23.64,36.54,3.32,78.4,14.41,1007.46,Clear
2022-06-07,Mumbai,30.5,26.37,35.87,47.03,98.0,4.7,1023.64,Heavy Rain
2022-12-18,Mumbai,24.9,20.86,29.77,1.03,81.46,14.4,1015.34,Cloudy
2023-01-28,Pune,25.94,17.54,33.8,1.08,61.02,14.47,1005.46,Clear
2022-06-02,Hyderabad,30.0,23.85,36.96,13.02,82.98,15.96,1009.41,Rainy
2024-11-30,Hyderabad,23.47,18.58,30.11,0.44,71.03,15.0,1008.32,Clear
2022-01-20,Pune,21.93,15.88,29.74,1.58,66.2,10.03,1001.95,Clear
2022-11-22,Chennai,25.08,18.41,30.74,0.18,65.07,13.53,1010.86,Clear
2023-02-07,Chennai,25.48,18.2,31.11,1.62,63.05,6.03,1010.52,Clear
2024-08-07,Pune,32.92,28.9,40.87,10.98,69.53,12.65,1011.51,Rainy
2022-10-22,Delhi,21.45,15.22,28.59,1.0,83.93,18.29,1011.07,Cloudy
2022-04-06,Hyderabad,34.54,28.04,41.13,0.78,44.19,16.53,1001.83,Clear
2023-02-21,Pune,21.58,14.33,25.91,2.09,88.22,10.65,1010.46,Cloudy
2024-07-15,Bengaluru,29.68,23.3,34.86,3.12,67.64,8.52,1012.05,Clear
2022-09-02,Hyderabad,27.93,23.65,35.92,5.53,62.17,11.11,1015.74,Clear
2022-03-29,Bengaluru,26.92,22.03,32.98,0.86,59.1,12.91,1009.05,Clear
2023-04-22,Mumbai,33.66,29.2,40.16,0.2,56.36,2.0,1011.81,Clear
2024-03-06,Pune,28.22,23.39,33.39,1.94,59.76,11.06,1009.55,Clear
2024-02-05,Hyderabad,19.01,12.5,23.53,1.26,77.2,7.55,1014.66,Clear
2022-10-29,Pune,23.37,15.09,30.07,1.61,69.57,9.99,1017.53,Clear
2023-05-29,Hyderabad,39.19,30.52,44.27,1.27,42.79,11.74,1010.45,Hot
2023-03-31,Pune,31.89,26.8,38.06,4.56,54.88,13.96,1016.62,Clear
2022-12-30,Bengaluru,19.42,11.02,26.97,3.04,,8.16,1007.05,Cloudy
2023-06-11,Delhi,37.4,28.43,43.47,15.27,65.84,8.25,1007.64,Rainy
2023-02-14,Hyderabad,23.67,18.15,28.88,3.08,72.56,3.84,1007.73,Clear
2023-07-24,Hyderabad,38.85,30.06,44.81,3.43,55.05,8.87,1018.48,Hot
2024-06-10,Chennai,40.5,34.0,48.35,7.43,63.84,9.92,1007.93,Hot
2022-12-07,Pune,26.35,20.32,32.06,0.99,53.83,11.71,1012.36,Clear
2022-05-06,Bengaluru,32.3,27.3,37.19,1.0,52.76,2.0,1015.4,Clear
2023-12-16,Chennai,21.17,16.65,27.15,0.24,71.02,11.22,1021.83,Clear
2022-03-21,Mumbai,31.71,26.03,36.26,2.15,66.89,12.73,1013.24,Clear
2022-06-17,Mumbai,43.03,35.57,51.0,7.34,51.09,9.86,1003.88,Hot
2024-11-04,Hyderabad,21.3,15.07,28.03,0.27,70.29,11.6,1008.36,Clear
2023-03-24,Pune,28.71,19.74,35.99,0.8,69.48,11.77,1009.62,Clear
2022-06-22,Delhi,37.85,33.31,45.51,5.93,56.27,13.6,1011.26,Hot
2022-08-01,Delhi,31.32,22.76,35.54,10.47,69.65,11.11,1007.98,Rainy
2023-08-28,Hyderabad,32.73,24.84,37.13,9.27,73.06,13.7,1010.78,Clear
2023-06-22,Hyderabad,35.93,31.35,41.74,14.75,75.77,8.77,1000.46,Rainy
2022-09-09,Bengaluru,28.62,20.13,33.74,7.91,69.06,15.96,1006.1,Clear
2023-12-11,Pune,18.48,14.06,24.36,1.53,79.21,14.79,1006.46,Clear
2022-06-29,Mumbai,37.79,32.23,43.81,16.64,72.76,8.83,1014.7,Rainy
2023-01-14,Mumbai,22.93,15.22,28.9,0.16,65.38,16.14,1010.63,Clear
2022-10-15,Hyderabad,24.54,16.35,31.02,2.25,63.01,15.04,1003.92,Clear
2024-11-03,Chennai,29.13,22.87,34.99,1.15,57.88,11.53,1003.42,Clear
2022-02-10,Delhi,21.87,15.77,28.2,1.54,74.71,8.55,1005.78,Clear
2022-09-01,Pune,28.05,20.08,33.12,9.76,83.41,17.2,1002.01,Cloudy
2023-12-09,Delhi,18.77,14.5,25.53,0.34,89.27,16.14,1011.04,Cloudy
2024-12-29,Hyderabad,19.31,11.19,27.31,1.39,79.0,3.27,1008.13,Clear
2022-03-12,Chennai,36.17,28.11,40.55,0.33,57.34,8.49,1018.04,Hot
2022-10-22,Chennai,24.73,19.63,28.73,2.16,75.27,13.74,1009.19,Clear
2022-07-20,Bengaluru,38.59,32.28,43.05,12.42,57.04,17.65,1009.52,Rainy
2023-09-30,Hyderabad,28.72,23.92,34.85,9.09,71.72,13.02,1010.4,Clear
2024-11-23,Mumbai,18.23,9.69,25.72,2.97,71.25,7.95,1002.32,Clear
2024-07-18,Delhi,31.08,25.49,36.62,1.28,46.84,9.11,1017.67,Clear
2024-08-15,Delhi,31.72,24.5,38.41,4.96,68.58,10.05,1016.1,Clear
2022-10-30,Chennai,32.04,23.54,37.78,0.16,52.7,13.02,1024.09,Clear
2023-12-31,Hyderabad,18.47,14.09,25.48,3.58,73.76,12.45,1004.01,Clear
2023-06-23,Mumbai,36.54,31.56,42.55,18.38,76.09,9.3,1017.89,Rainy
2022-02-20,Mumbai,26.16,19.55,32.68,0.79,77.45,15.49,1012.92,Clear
2024-09-29,Mumbai,31.1,25.4,37.84,20.99,86.67,18.92,1000.77,Rainy
2023-07-28,Delhi,35.72,29.31,42.43,11.97,65.91,14.41,1008.41,Rainy
2023-01-28,Bengaluru,17.78,12.33,22.08,0.23,75.9,14.76,1014.43,Cold
2023-02-24,Hyderabad,26.52,19.77,33.68,0.29,68.68,12.94,1006.94,Clear
2022-01-06,Pune,26.26,21.49,33.44,4.47,64.3,8.09,1009.47,Clear
2023-01-09,Mumbai,21.68,13.69,26.99,0.34,65.15,8.92,1005.52,Clear
2023-06-29,Hyderabad,41.16,33.22,48.9,8.65,61.54,11.18,1015.75,Hot
2023-10-02,Bengaluru,22.76,17.74,28.04,0.56,66.91,12.96,1012.82,Clear
2024-11-21,Hyderabad,18.93,10.37,24.77,1.6,81.9,10.38,1017.4,Cloudy
2022-11-05,Mumbai,25.11,17.4,32.5,0.27,57.8,7.21,1016.32,Clear
2022-02-18,Pune,22.58,14.41,29.4,1.8,73.66,14.58,1010.4,Clear
2023-01-13,Delhi,24.15,17.26,32.0,0.41,76.71,17.0,1012.76,Clear
2023-02-28,Bengaluru,23.7,17.71,28.87,1.75,61.14,6.45,1011.14,Clear
2024-06-01,Pune,37.17,29.38,43.57,10.49,66.72,12.44,1006.78,Rainy
2024-11-20,Bengaluru,18.3,10.48,23.16,0.4,76.16,12.29,1012.72,Clear
2022-01-09,Bengaluru,17.24,9.23,23.15,1.54,85.02,11.87,1013.75,Cold
2022-12-22,Hyderabad,14.44,7.64,19.87,2.69,89.24,19.42,1006.25,Cold
2023-06-16,Bengaluru,30.47,25.61,37.95,4.44,64.06,13.94,1012.71,Clear
2022-02-27,Chennai,25.46,17.73,32.55,0.94,58.49,10.74,1007.48,Clear
2023-11-17,Hyderabad,25.78,21.5,32.67,0.64,63.37,7.37,1005.67,Clear
2024-11-27,Pune,23.84,17.01,29.05,0.67,76.98,6.03,1012.35,Clear
2022-05-17,Delhi,32.76,24.22,39.02,2.36,68.9,16.15,1002.04,Clear
2024-03-03,Delhi,28.39,23.22,33.14,1.26,60.68,10.36,1005.39,Clear
2023-12-24,Bengaluru,17.12,10.51,23.61,4.99,92.22,17.89,1013.04,Cold
2022-06-09,Delhi,35.46,29.71,42.54,7.56,63.6,3.07,1010.95,Hot
2023-02-10,Bengaluru,22.56,15.97,30.09,2.06,69.48,8.37,1015.59,Clear
2023-10-25,Chennai,21.25,13.66,26.2,1.85,79.99,12.1,1012.87,Clear
2023-11-15,Bengaluru,20.24,11.46,27.5,1.06,91.31,16.46,1011.87,Cloudy
2024-09-22,Pune,28.9,20.05,35.45,17.66,87.6,12.18,1005.12,Rainy
2024-02-24,Hyderabad,21.67,15.57,26.94,2.66,66.1,7.27,1012.22,Clear
2024-01-25,Hyderabad,15.52,11.28,22.84,0.16,75.07,18.21,1013.38,Cold
2022-03-20,Pune,28.49,21.83,33.66,1.01,52.96,14.32,1011.68,Clear
2024-01-06,Pune,26.63,18.58,31.6,1.53,71.82,12.68,1013.0,Clear
2022-08-16,Pune,28.32,20.35,34.05,14.79,82.07,9.68,1012.68,Rainy
2024-06-13,Hyderabad,39.87,33.18,44.04,4.35,58.93,9.66,1007.37,Hot
2022-07-05,Delhi,39.82,32.01,47.29,26.46,85.23,10.49,1004.63,Rainy
2023-05-11,Chennai,34.56,29.04,40.34,1.04,62.21,13.83,1016.1,Clear
2023-04-25,Hyderabad,36.33,31.03,41.79,3.92,55.2,13.42,1012.33,Hot
2022-11-19,Mumbai,28.18,22.44,33.77,0.45,56.27,8.31,1006.98,Clear
2022-09-06,Mumbai,24.8,20.75,31.34,13.64,91.07,9.55,1013.81,Rainy
2022-10-13,Bengaluru,23.76,18.25,29.75,4.34,76.42,11.8,1006.57,Clear
2023-05-28,Pune,30.8,22.71,38.45,1.61,48.83,2.0,1016.42,Clear
2023-08-25,Chennai,31.83,25.23,36.56,7.12,65.19,2.77,1015.38,Clear
2022-11-07,Pune,18.75,12.09,23.21,0.3,70.03,8.56,1018.5,Clear
2024-03-22,Mumbai,30.02,24.63,36.59,2.66,64.19,13.36,1019.5,Clear
2022-03-31,Bengaluru,23.24,17.61,28.37,0.27,88.28,17.31,1011.62,Cloudy
2024-07-15,Hyderabad,30.04,24.25,34.95,2.36,71.51,3.16,1012.94,Clear
2022-10-07,Pune,23.21,14.49,27.24,0.78,68.62,8.79,1012.17,Clear
2023-01-12,Chennai,22.77,15.63,29.03,1.11,70.1,15.94,1004.98,Clear
2022-04-02,Mumbai,30.28,23.48,34.9,1.75,57.92,6.37,1008.11,Clear
2022-12-25,Pune,22.06,17.13,29.69,2.97,71.2,11.17,1018.35,Clear
2022-11-15,Mumbai,19.77,14.0,26.25,3.85,72.55,9.86,1003.46,Clear
2024-01-18,Bengaluru,18.93,14.54,25.14,2.4,84.68,7.3,1004.34,Cloudy
2023-05-20,Pune,35.86,31.57,42.24,0.72,50.32,7.1,1014.17,Hot
2024-01-01,Chennai,23.46,16.98,29.92,1.32,71.62,10.1,1011.56,Clear
2024-11-19,Pune,20.09,13.04,26.96,1.46,75.93,6.09,1009.51,Clear
2024-07-21,Mumbai,40.25,34.51,46.86,9.06,43.16,16.33,1002.81,Hot
2024-01-26,Bengaluru,22.75,18.73,28.55,2.15,80.33,8.44,1007.27,Cloudy
2022-10-09,Delhi,24.98,20.18,30.41,0.51,58.22,15.61,1001.94,Clear
2023-03-16,Pune,24.69,18.88,31.99,0.08,68.19,12.07,1011.9,Clear
2024-04-08,Mumbai,35.01,30.22,40.84,0.97,44.91,18.11,1012.97,Hot
2022-11-30,Hyderabad,21.71,15.43,29.15,1.23,75.22,8.88,1009.54,Clear
2022-04-03,Pune,37.14,28.42,42.2,0.59,50.98,17.09,1013.39,Hot
2022-05-20,Pune,36.46,32.35,41.8,3.01,54.33,11.25,1016.69,Hot
2022-11-21,Delhi,22.4,14.1,27.95,0.3,61.73,9.7,1017.14,Clear
2023-12-24,Chennai,27.57,20.2,33.51,1.89,53.21,8.49,1010.43,Clear
2022-11-15,Delhi,18.78,10.07,23.9,2.72,76.38,6.15,1011.97,Clear
2023-12-08,Mumbai,17.99,11.22,24.1,2.6,83.01,10.49,1017.57,Cold
2023-11-22,Delhi,16.04,10.1,23.14,1.07,72.66,9.49,1011.34,Cold
2022-06-03,Bengaluru,31.77,27.15,36.92,5.02,66.89,10.01,1002.03,Clear
2023-04-11,Chennai,36.49,28.79,41.86,0.55,47.23,15.18,1006.38,Hot
2022-09-23,Mumbai,34.48,25.7,39.28,25.69,87.89,14.37,997.3,Rainy
2022-01-23,Chennai,24.87,17.28,30.22,2.42,72.15,18.01,1004.46,Clear
2024-01-08,Delhi,20.46,15.02,27.28,2.52,73.01,9.93,1009.64,Clear
2023-07-11,Bengaluru,33.4,24.97,41.11,19.54,75.2,8.37,1016.49,Rainy
2024-06-04,Bengaluru,34.5,29.04,39.36,17.55,82.32,18.4,1019.29,Rainy
2023-02-05,Bengaluru,21.17,12.66,26.53,3.09,94.74,19.59,1010.42,Cloudy
2023-09-17,Pune,29.44,24.39,35.57,16.33,75.12,14.36,1014.79,Rainy
2022-01-15,Mumbai,27.28,18.42,35.13,1.27,51.77,12.24,1024.32,Clear
2022-10-01,Hyderabad,23.81,17.96,31.43,1.81,69.56,16.07,1006.65,Clear
2024-05-26,Chennai,37.8,32.49,42.14,0.57,42.91,9.09,1014.32,Hot
2023-12-12,Delhi,17.36,10.31,23.45,1.42,62.61,13.47,1002.25,Cold
2022-01-09,Mumbai,23.96,17.6,28.44,3.19,76.91,11.86,1019.82,Clear
2024-04-22,Mumbai,31.7,27.54,36.8,1.19,53.55,7.16,1012.28,Clear
2023-03-26,Delhi,25.64,19.17,32.11,1.85,70.7,11.88,1013.66,Clear
2022-11-29,Mumbai,28.21,23.87,33.69,1.53,67.84,8.86,1005.09,Clear
2022-12-07,Chennai,22.75,15.31,27.49,1.8,67.49,10.25,1012.87,Clear
2022-04-06,Delhi,34.08,29.14,41.39,1.4,61.19,13.92,1015.58,Clear
2023-04-21,Chennai,37.03,31.25,42.06,2.19,51.38,12.86,1011.19,Hot
2022-01-28,Chennai,24.3,20.07,32.06,4.21,67.99,11.51,1012.76,Clear
2024-06-01,Delhi,30.91,23.48,36.88,3.84,71.87,11.63,1008.13,Clear
2022-01-15,Chennai,19.5,11.64,25.43,4.79,74.08,11.08,1009.42,Clear
2024-03-28,Hyderabad,30.09,26.01,36.49,4.25,56.58,11.83,1010.17,Clear
2022-07-19,Chennai,36.66,31.34,41.98,24.57,87.02,17.27,1009.84,Rainy
2022-02-03,Hyderabad,20.42,15.42,27.76,0.7,62.16,13.53,1014.71,Clear
2024-02-08,Bengaluru,24.14,16.52,28.3,2.01,76.56,5.41,1013.87,Clear
2023-08-02,Chennai,33.04,24.46,40.8,10.65,67.88,6.17,1010.92,Rainy
2024-01-15,Pune,23.91,18.81,29.92,2.82,74.99,17.24,1019.58,Clear
2024-06-20,Hyderabad,35.65,28.04,43.0,15.39,67.92,17.69,1008.21,Rainy
2022-08-04,Delhi,28.96,21.64,35.41,,87.44,11.21,1009.13,Rainy
2024-11-22,Chennai,20.51,11.77,28.41,1.65,68.65,8.25,1019.7,Clear
2023-07-04,Bengaluru,34.53,26.31,39.66,18.18,68.24,21.53,1013.61,Rainy
2023-09-26,Delhi,29.16,24.32,35.98,16.96,86.45,18.69,1017.35,Rainy
2022-07-16,Delhi,29.29,21.2,35.48,16.08,95.02,11.51,1007.91,Rainy
2024-01-06,Delhi,17.65,13.06,22.68,3.29,80.74,9.36,1012.49,Cold
2024-09-25,Hyderabad,24.37,17.6,30.56,17.16,91.46,15.86,1011.99,Rainy
2024-03-31,Pune,26.87,19.46,34.51,0.01,55.53,8.6,1010.61,Clear
2023-12-14,Mumbai,19.58,13.9,23.94,1.58,74.23,17.49,1007.08,Clear
2024-12-08,Pune,18.12,10.08,24.46,0.21,78.8,11.79,1017.77,Clear
2023-06-12,Pune,29.94,24.8,36.43,11.6,72.81,11.18,1015.6,Rainy
2023-07-15,Pune,30.49,25.94,36.45,5.17,71.0,14.27,1009.52,Clear
2024-02-12,Chennai,28.48,19.78,32.86,1.22,58.54,13.7,1010.11,Clear
2022-07-16,Mumbai,38.66,33.59,44.69,16.73,74.67,12.96,1025.01,Rainy
2022-06-18,Hyderabad,38.18,29.4,45.98,25.47,79.78,11.41,1006.11,Rainy
2022-04-27,Pune,27.49,21.27,33.42,1.67,62.43,15.59,1014.11,Clear
2024-01-23,Mumbai,22.1,16.02,28.98,1.08,76.35,15.59,1012.19,Clear
2022-08-30,Bengaluru,36.62,28.01,42.67,17.57,75.35,10.48,1006.65,Rainy
2023-03-09,Mumbai,26.85,19.72,33.84,2.67,73.74,13.3,1010.57,Clear
2022-12-06,Delhi,24.5,15.56,31.26,1.08,64.62,19.84,1025.36,Clear
2024-03-22,Chennai,27.21,20.95,31.63,6.3,74.73,9.26,1016.87,Clear
2023-04-01,Delhi,39.63,33.17,45.93,3.15,39.01,15.99,1009.48,Hot
2022-02-17,Delhi,18.59,10.26,24.93,1.02,69.07,12.8,1008.43,Clear
2022-04-26,Chennai,35.55,29.5,43.14,0.85,43.23,16.79,1015.33,Hot
2022-02-06,Delhi,20.63,13.64,26.95,0.14,62.33,7.66,1007.08,Clear
2022-03-26,Mumbai,31.44,23.91,36.05,1.64,48.4,19.55,1012.92,Clear
2023-11-12,Hyderabad,16.5,9.26,24.38,0.48,77.44,15.56,1016.58,Cold
2024-09-29,Pune,22.54,16.96,29.64,9.98,87.85,2.0,1011.81,Cloudy
2024-09-13,Bengaluru,32.03,23.32,38.75,6.98,62.74,12.52,1020.03,Clear
2023-03-02,Mumbai,27.42,22.45,33.99,2.18,62.35,7.99,1008.24,Clear
2024-11-26,Bengaluru,19.66,15.31,26.14,0.71,74.79,18.38,1001.03,Clear
2022-08-14,Pune,,25.48,34.45,17.44,97.82,13.59,1014.2,Rainy
2023-10-31,Delhi,22.51,14.22,29.44,1.38,69.11,3.8,1010.05,Clear
2024-02-12,Bengaluru,26.08,17.93,32.82,0.69,67.99,10.33,1005.81,Clear
2024-08-17,Bengaluru,31.08,22.23,36.51,9.72,75.26,7.54,1014.51,Clear
2023-08-28,Mumbai,35.97,28.59,41.18,11.05,61.1,10.89,1018.79,Rainy
2023-06-26,Bengaluru,31.77,24.12,38.52,12.7,67.71,10.19,1015.38,Rainy
2022-01-16,Bengaluru,24.33,18.89,32.26,1.38,62.61,11.01,1011.74,Clear
2024-12-11,Mumbai,21.83,13.85,27.5,0.52,65.35,12.79,1018.17,Clear
2024-01-27,Mumbai,22.74,15.14,29.75,0.93,59.55,10.64,1013.16,Clear
2024-06-27,Bengaluru,35.77,28.51,40.7,19.12,74.25,12.87,1011.38,Rainy
2022-06-20,Bengaluru,38.01,29.53,43.85,14.06,80.75,8.49,1009.8,Rainy
2023-04-25,Pune,33.38,29.21,40.66,1.86,45.86,15.75,1011.04,Clear
2022-07-05,Mumbai,36.85,32.1,42.14,5.1,38.76,10.22,1007.63,Hot
2023-02-10,Pune,18.82,14.43,23.85,0.95,71.38,15.16,1002.24,Clear
2024-07-28,Delhi,37.04,31.29,42.25,5.21,68.34,8.89,1017.4,Hot
2024-03-04,Delhi,28.58,22.01,34.94,4.15,67.57,11.96,1012.21,Clear
2023-11-04,Chennai,27.89,20.37,35.75,0.85,40.69,13.76,1011.46,Clear
2024-03-31,Bengaluru,29.83,22.24,37.48,1.05,72.47,12.33,1008.84,Clear
2024-02-25,Hyderabad,25.8,19.49,31.82,0.32,72.24,14.26,1007.19,Clear
2023-05-02,Mumbai,34.43,28.4,39.5,2.69,55.66,12.3,1018.71,Clear
2023-01-21,Delhi,21.02,16.55,27.66,0.01,81.33,17.41,1009.92,Cloudy
2023-03-23,Hyderabad,31.19,24.44,37.46,2.07,55.72,5.46,1013.17,Clear
2024-08-15,Pune,28.23,20.61,34.23,2.8,70.99,14.91,1008.51,Clear
2023-03-12,Delhi,28.94,21.95,35.6,0.59,54.15,17.98,1010.53,Clear
2022-03-22,Pune,26.41,19.24,30.48,0.23,60.84,16.57,1017.79,Clear
2023-11-21,Bengaluru,15.72,10.1,20.89,2.67,85.58,7.39,1012.35,Cold
2022-05-17,Hyderabad,34.41,27.68,40.85,5.0,74.11,9.75,1006.67,Clear
2022-04-23,Bengaluru,29.68,23.68,37.27,0.05,66.2,12.89,1005.49,Clear
2024-02-04,Mumbai,26.09,19.03,32.35,1.74,66.95,10.4,1008.27,Clear
2023-04-28,Hyderabad,35.8,29.24,43.57,4.68,61.52,8.1,1016.53,Hot
2022-08-17,Mumbai,27.91,20.17,34.52,2.62,73.27,13.61,1011.88,Clear
2024-06-25,Delhi,36.2,30.7,40.42,2.82,51.56,4.93,1006.72,Hot
2024-07-30,Delhi,32.09,25.37,36.68,7.38,69.87,17.19,1011.08,Clear
2023-05-21,Delhi,41.17,35.49,46.67,1.73,42.8,14.29,1016.38,Hot
2024-10-25,Chennai,26.62,20.37,34.28,0.48,52.41,15.96,1010.65,Clear
2023-01-23,Chennai,20.69,16.56,25.47,1.01,60.43,21.86,1005.28,Clear
2022-02-09,Hyderabad,24.69,19.38,30.55,0.26,64.67,11.52,1016.93,Clear
2022-10-08,Chennai,28.25,21.38,35.81,2.37,72.28,10.33,1015.4,Clear
2023-08-10,Hyderabad,33.9,27.59,41.61,11.17,68.65,12.35,1002.17,Rainy
2024-12-26,Mumbai,23.4,18.23,31.04,1.69,71.9,19.33,1004.35,Clear
2022-11-23,Hyderabad,,12.13,23.16,0.37,81.76,10.01,1024.08,Cold
2023-06-29,Mumbai,34.94,28.03,42.01,13.63,72.84,15.36,1013.25,Rainy
2022-07-22,Hyderabad,36.82,32.02,41.01,2.81,63.61,7.81,1003.19,Hot
2022-11-16,Bengaluru,21.1,12.72,25.66,0.11,65.94,8.72,1004.67,Clear
2023-06-09,Pune,38.28,31.35,45.41,5.9,55.99,5.99,1006.78,Hot
2022-01-12,Bengaluru,20.63,14.51,28.47,0.96,69.45,17.44,1012.5,Clear
2024-09-07,Delhi,29.53,22.64,36.13,13.66,83.83,9.84,1005.85,Rainy
2024-06-03,Delhi,32.65,24.96,39.59,18.49,78.56,8.47,1002.61,Rainy
2022-09-12,Mumbai,27.86,22.3,34.57,2.27,73.02,11.89,1013.4,Clear
2023-12-17,Hyderabad,21.01,12.71,27.27,,76.46,4.46,1012.27,Clear
2023-05-28,Delhi,38.17,32.96,42.99,3.34,48.19,13.19,1010.93,Hot
2022-08-10,Mumbai,32.66,24.08,38.79,27.49,98.0,14.63,1016.17,Rainy
2024-07-01,Chennai,40.98,34.72,48.88,7.74,56.64,12.99,1009.11,Hot
2023-10-11,Bengaluru,20.14,11.65,26.21,1.73,74.28,4.78,1017.2,Clear
2022-03-07,Mumbai,31.73,25.17,37.86,1.78,68.25,2.17,1007.95,Clear
2023-01-24,Chennai,24.36,20.11,29.07,1.54,66.85,9.84,1007.41,Clear
2024-06-27,Delhi,36.64,31.85,42.71,7.82,42.17,7.22,1012.01,Hot
2024-11-03,Pune,18.73,12.44,25.19,0.63,81.46,5.86,1012.76,Cloudy
2022-08-28,Pune,29.92,21.35,36.22,3.53,59.5,11.96,1012.32,Clear
2024-12-21,Bengaluru,17.53,11.73,24.23,0.67,77.43,2.0,1008.28,Cold
2024-09-21,Mumbai,31.89,23.51,39.54,0.87,71.99,4.95,1015.91,Clear
2022-02-27,Pune,25.04,20.71,29.9,0.83,60.86,17.41,1014.07,Clear
2023-10-26,Hyderabad,24.79,19.63,32.61,1.92,70.05,7.14,1018.53,Clear
2022-10-24,Delhi,22.62,13.7,27.48,2.71,81.98,12.57,1019.48,Cloudy
2024-06-24,Hyderabad,39.95,34.7,45.17,4.96,39.81,13.54,1016.8,Hot
2024-01-06,Hyderabad,16.5,9.07,21.75,2.48,77.67,13.94,1013.0,Cold
2023-10-15,Pune,22.28,14.1,28.46,6.86,85.35,9.2,1013.61,Cloudy
2023-04-03,Pune,30.47,22.1,36.57,4.48,59.39,13.31,1009.31,Clear
2022-03-04,Bengaluru,20.81,13.48,26.25,0.2,61.25,10.7,1011.85,Clear
2023-07-01,Hyderabad,40.61,32.8,48.1,19.01,65.32,16.06,1013.87,Rainy
2023-04-22,Bengaluru,27.51,22.46,31.82,2.0,58.8,15.89,1020.79,Clear
2022-06-24,Delhi,33.83,26.81,38.21,40.6,98.0,12.21,1011.89,Heavy Rain
2022-06-07,Pune,36.26,30.48,43.43,4.58,52.21,13.24,1019.12,Hot
2023-01-27,Pune,26.26,21.15,33.65,4.16,69.12,12.07,1014.65,Clear
2024-09-05,Hyderabad,25.81,21.49,32.69,25.11,90.06,13.81,1019.36,Rainy
2023-01-12,Mumbai,22.79,18.37,28.62,0.06,60.11,2.71,1014.71,Clear
2023-06-28,Mumbai,41.43,34.86,45.83,28.94,72.33,13.84,1012.97,Rainy
2022-10-20,Hyderabad,27.66,22.05,35.07,1.38,61.5,7.72,1014.94,Clear
2023-04-04,Hyderabad,25.36,19.82,31.16,2.46,62.95,9.87,1012.27,Clear
2022-10-19,Mumbai,23.02,15.11,29.33,1.81,68.1,18.32,1006.92,Clear
2023-09-02,Delhi,25.58,21.44,33.09,26.32,98.0,18.42,1015.98,Rainy
2023-05-15,Delhi,36.96,31.65,43.21,5.92,49.23,15.21,1014.24,Hot
2024-04-06,Pune,33.22,24.74,38.59,3.54,51.46,11.41,1009.39,Clear
2023-02-27,Chennai,21.43,13.07,25.54,6.25,88.71,8.24,1008.39,Cloudy
2022-06-27,Mumbai,41.26,36.6,48.71,16.5,82.62,10.8,1008.75,Rainy
2024-12-20,Mumbai,25.41,17.26,30.51,0.14,66.24,7.43,1007.55,Clear
2024-12-04,Pune,21.01,16.74,25.78,0.39,64.71,14.71,1006.59,Clear
2023-11-06,Hyderabad,23.77,19.27,31.22,0.18,78.1,6.59,1015.04,Clear
2024-02-03,Mumbai,24.31,18.39,31.49,0.13,62.49,8.97,1006.09,Clear
2023-05-17,Mumbai,36.06,27.42,41.79,,43.13,17.72,1004.63,Hot
2024-05-11,Bengaluru,34.84,28.32,42.46,0.42,69.15,10.14,1007.83,Clear
2024-10-13,Pune,25.88,18.86,32.3,1.34,64.13,15.95,1029.57,Clear
2024-05-04,Hyderabad,35.87,31.31,41.64,0.27,57.18,9.9,1007.49,Hot
2023-05-02,Chennai,36.6,28.3,44.26,0.7,38.67,13.91,1007.31,Hot
2023-09-19,Chennai,32.98,28.11,39.87,25.75,94.01,18.95,1012.62,Rainy
2023-01-08,Pune,16.06,10.57,21.28,0.47,85.54,16.84,1008.78,Cold
2024-02-26,Hyderabad,27.72,22.65,33.33,0.49,64.95,4.32,1007.43,Clear
2024-05-09,Hyderabad,37.41,30.27,43.07,0.59,55.32,13.29,1008.97,Hot
2022-09-20,Chennai,36.99,31.56,41.99,14.05,63.49,17.99,1014.63,Rainy
2024-01-19,Hyderabad,19.9,12.09,27.78,0.59,80.54,10.04,1008.65,Cloudy
2023-01-07,Chennai,27.11,19.78,32.87,0.06,64.25,5.08,1009.39,Clear
2022-08-06,Hyderabad,38.05,33.34,45.11,6.88,42.35,13.35,1015.73,Hot
2024-02-15,Hyderabad,20.46,15.64,24.49,1.48,72.65,12.7,1011.82,Clear
2022-06-18,Mumbai,39.69,35.29,44.03,4.28,44.4,12.14,1008.15,Hot
2023-05-31,Delhi,32.67,27.37,40.35,0.72,43.29,13.37,1010.75,Clear
2024-08-04,Pune,35.81,30.63,43.31,22.01,87.92,13.97,1014.26,Rainy
2024-11-05,Mumbai,25.0,17.05,31.95,6.1,74.31,13.27,1016.05,Clear
2022-11-01,Pune,21.66,16.48,28.44,0.88,69.74,16.22,1016.72,Clear
2024-01-28,Delhi,19.01,11.63,26.1,1.59,78.13,8.02,1012.97,Clear
2022-11-16,Mumbai,19.72,15.44,25.22,3.9,88.48,16.59,1006.07,Cloudy
2024-03-21,Chennai,30.32,23.59,36.11,0.45,48.31,4.6,1011.6,Clear
2022-01-03,Bengaluru,20.69,16.37,26.8,0.18,73.36,11.65,1012.91,Clear
2023-04-07,Hyderabad,34.82,27.57,41.5,1.24,36.52,7.8,1009.71,Clear
2024-10-19,Mumbai,14.93,9.33,19.46,4.74,79.64,21.76,1016.17,Cold
2024-11-11,Delhi,28.15,22.38,33.39,4.41,56.0,13.62,1019.3,Clear
2024-10-23,Delhi,18.81,13.18,23.82,6.66,78.65,12.9,1009.74,Clear
2024-01-16,Delhi,18.91,11.01,25.61,1.89,62.06,19.14,1016.99,Clear
2023-05-22,Mumbai,31.43,23.06,39.06,0.23,50.63,10.75,1006.72,Clear
2024-11-13,Mumbai,16.76,9.93,22.22,4.7,85.5,10.41,1012.59,Cold
2024-04-04,Delhi,30.46,26.44,38.05,0.85,48.14,19.04,1012.33,Clear
2022-08-05,Mumbai,33.83,25.1,41.23,8.07,77.93,14.48,1022.29,Clear
2023-11-14,Delhi,23.54,18.38,29.45,0.53,72.51,12.62,1017.64,Clear
2024-08-09,Bengaluru,29.48,25.04,35.86,2.03,73.84,11.79,1015.43,Clear
2022-01-02,Pune,21.09,14.77,29.08,3.06,75.82,6.69,1014.79,Clear
2024-03-03,Pune,32.12,26.95,36.85,0.21,36.83,7.96,1019.01,Clear
2023-07-31,Pune,35.34,27.76,40.83,7.27,62.62,12.62,1013.76,Hot
2024-04-15,Delhi,30.09,23.01,34.56,3.72,68.14,17.66,1005.42,Clear
2024-04-13,Mumbai,36.95,32.43,44.24,1.48,38.06,8.29,1006.57,Hot
2024-07-29,Bengaluru,34.57,27.47,40.52,26.98,87.66,10.78,1005.98,Rainy
2024-01-26,Mumbai,28.22,19.89,34.72,1.17,64.38,10.12,1013.02,Clear
2024-04-20,Delhi,29.52,21.49,34.62,0.99,62.25,13.17,1010.52,Clear
2022-11-30,Mumbai,23.98,16.05,29.8,2.59,76.23,7.93,1003.92,Clear
2024-04-23,Chennai,34.29,29.65,39.61,1.86,48.9,10.7,1015.65,Clear
2023-05-27,Mumbai,34.7,28.63,38.86,1.12,55.01,10.41,1006.08,Clear
2024-03-06,Delhi,29.29,23.96,33.33,0.65,59.25,11.93,1004.54,Clear
2023-02-07,Pune,25.24,16.87,30.87,0.34,69.78,14.04,1013.31,Clear
2023-11-29,Chennai,25.15,18.84,30.08,0.86,51.76,8.23,1014.59,Clear
2024-02-18,Hyderabad,,21.44,37.25,0.36,51.99,10.11,1012.65,Clear
2024-05-10,Bengaluru,30.93,22.04,35.18,1.53,53.53,16.75,1010.39,Clear
2024-01-17,Mumbai,23.3,14.65,29.23,3.38,74.1,10.95,1013.99,Clear
2024-04-24,Pune,35.42,30.35,43.16,0.74,46.17,9.18,1015.78,Hot
2023-06-05,Pune,33.86,27.98,39.8,35.41,97.34,18.72,1000.28,Heavy Rain
2023-01-03,Hyderabad,18.76,12.31,26.36,1.28,65.29,10.73,1011.55,Clear
2023-11-22,Hyderabad,22.72,15.09,30.62,1.24,60.05,14.74,1016.02,Clear
2023-03-14,Mumbai,33.56,26.59,37.63,4.51,67.09,7.02,1002.15,Clear
2022-12-14,Mumbai,26.29,21.37,33.71,1.18,72.0,16.95,1009.71,Clear
2023-06-28,Hyderabad,34.21,26.93,40.09,3.37,46.71,10.81,1000.32,Clear
2024-05-25,Bengaluru,33.66,28.6,38.32,2.48,48.37,5.07,1014.02,Clear
2023-04-27,Chennai,36.44,30.35,44.38,0.71,55.94,19.58,1008.02,Hot
2024-05-29,Chennai,36.62,31.55,41.7,0.58,44.53,15.1,1006.81,Hot
2022-01-03,Chennai,27.29,21.41,34.39,1.41,64.96,13.87,1018.36,Clear
2024-06-27,Chennai,37.4,32.15,41.57,27.46,85.57,13.98,1014.29,Rainy
2023-12-20,Bengaluru,16.51,10.1,21.05,0.19,72.76,18.37,1014.75,Cold
2022-09-17,Mumbai,27.64,23.35,33.01,6.91,71.83,13.98,1016.81,Clear
2022-01-29,Hyderabad,20.38,14.53,26.9,1.07,72.17,11.54,1009.49,Clear
2024-02-14,Pune,33.86,27.28,40.14,2.53,62.62,16.04,1012.89,Clear
2024-05-15,Mumbai,34.63,29.43,42.37,0.76,58.01,10.69,1003.83,Clear
2022-04-01,Chennai,31.41,23.46,37.91,1.16,53.47,15.79,1016.34,Clear
2022-12-14,Hyderabad,17.75,9.19,23.54,2.52,75.79,16.61,1009.1,Cold
2023-02-05,Delhi,23.25,17.28,27.29,0.92,75.07,17.72,1013.96,Clear
2023-04-16,Bengaluru,31.93,24.27,39.84,0.08,56.02,7.98,1015.29,Clear
2024-11-15,Chennai,23.86,19.15,28.86,12.0,73.93,7.85,1016.37,Rainy
2023-08-23,Mumbai,36.94,28.77,41.16,18.43,77.89,6.42,1017.27,Rainy
2022-02-15,Mumbai,23.52,18.81,30.57,0.9,65.53,12.82,1014.8,Clear
2022-07-31,Bengaluru,37.69,31.61,44.15,6.35,45.69,10.5,1016.5,Hot
2024-01-04,Hyderabad,19.35,12.9,25.19,0.89,72.32,11.97,1010.33,Clear
2022-02-02,Bengaluru,21.51,14.61,26.98,1.52,67.62,15.14,1015.15,Clear
2024-06-23,Bengaluru,32.26,27.09,36.49,37.11,98.0,13.61,1013.81,Heavy Rain
2024-03-11,Mumbai,34.1,26.43,40.76,1.48,53.59,19.24,1011.46,Clear
2022-11-20,Mumbai,23.69,16.68,28.0,1.4,68.47,12.74,1012.99,Clear
2023-11-20,Hyderabad,18.9,13.13,23.56,0.05,71.67,15.83,1011.65,Clear
2024-08-29,Delhi,33.85,28.64,37.92,15.35,59.86,9.07,1020.32,Rainy
2024-07-27,Delhi,35.25,30.19,41.12,18.91,82.88,12.35,1014.74,Rainy
2024-04-16,Chennai,33.91,26.53,39.1,0.21,50.57,11.55,1019.34,Clear
2024-02-21,Chennai,25.54,16.54,30.79,0.47,68.65,19.85,1005.56,Clear
2022-10-31,Chennai,31.28,26.66,36.54,3.77,56.47,13.0,1014.32,Clear
2022-10-06,Pune,23.05,18.87,27.72,1.52,70.56,6.59,1015.43,Clear
2024-12-18,Bengaluru,9.85,1.71,17.57,3.02,97.86,16.04,1011.57,Cold
2022-08-20,Mumbai,35.05,27.11,41.71,16.67,76.84,14.6,1007.17,Rainy
2023-07-31,Mumbai,33.97,28.91,39.62,5.87,56.25,7.04,1013.47,Clear
2023-07-16,Pune,35.07,27.97,39.29,31.85,98.0,9.67,1016.68,Rainy
2024-10-08,Chennai,23.56,17.22,27.91,2.34,61.18,14.32,1004.94,Clear
2023-10-30,Bengaluru,19.98,11.65,26.87,3.12,81.69,18.71,1013.64,Cloudy
2023-03-24,Mumbai,33.86,26.21,39.32,0.7,67.91,14.01,1020.98,Clear
2023-09-05,Chennai,29.61,24.5,34.69,13.05,75.91,8.95,1007.94,Rainy
2023-03-03,Mumbai,25.6,18.24,32.9,0.72,62.55,16.73,1014.41,Clear
2022-11-20,Delhi,20.11,15.4,25.34,1.19,72.79,8.87,1007.59,Clear
2023-12-15,Delhi,22.67,14.31,29.5,1.95,71.53,5.9,1020.48,Clear
2023-02-15,Mumbai,31.2,23.91,35.49,0.43,53.7,10.6,1006.0,Clear
2022-02-11,Mumbai,25.94,20.08,33.04,1.47,76.67,10.24,1009.96,Clear
2024-07-11,Delhi,32.63,26.7,37.8,12.8,66.49,13.4,1014.0,Rainy
2024-02-13,Pune,25.36,17.81,29.61,1.27,72.44,8.53,1013.75,Clear
2022-02-08,Bengaluru,23.07,18.55,27.37,3.32,73.0,14.7,1006.97,Clear
2023-11-05,Delhi,15.66,8.31,22.56,4.27,81.72,9.72,1012.65,Cold
2022-04-18,Bengaluru,31.72,22.87,38.23,4.13,58.56,15.37,1005.7,Clear
2022-04-02,Bengaluru,30.18,21.35,37.75,0.69,59.55,10.63,1000.51,Clear
2022-11-02,Bengaluru,17.42,9.71,24.23,1.78,80.01,12.68,1018.28,Cold
2023-02-20,Pune,26.35,18.51,30.4,2.56,72.25,12.0,1011.05,Clear
2022-06-26,Bengaluru,37.65,29.02,45.64,18.78,82.06,12.48,1008.45,Rainy
2022-01-08,Pune,19.65,11.46,24.06,3.04,74.56,20.74,1010.77,Clear
2022-01-20,Mumbai,23.75,17.11,28.72,4.11,62.96,16.76,1018.5,Clear
2022-06-28,Delhi,31.88,24.62,38.09,5.76,73.53,12.53,1014.94,Clear
2024-09-17,Chennai,34.4,29.98,39.95,2.35,56.97,9.1,1000.83,Clear
2022-07-03,Chennai,42.87,34.1,50.8,56.34,98.0,11.61,1009.48,Heavy Rain
2022-03-20,Hyderabad,26.92,19.52,33.35,0.46,72.46,12.94,1015.3,Clear
2023-09-19,Mumbai,32.19,24.61,39.3,23.71,98.0,11.07,1009.12,Rainy
2023-09-30,Chennai,33.26,25.65,40.91,16.44,79.22,12.78,1014.62,Rainy
2023-03-17,Bengaluru,22.36,17.35,29.96,4.75,67.2,8.25,1015.62,Clear
2022-07-19,Mumbai,33.34,27.56,40.48,16.16,66.59,7.57,1009.73,Rainy
2024-01-20,Delhi,12.81,8.01,20.1,1.42,87.21,9.17,1018.49,Cold
2023-09-14,Chennai,35.88,28.12,42.75,5.99,53.78,12.13,1010.11,Hot
2023-01-11,Pune,21.95,16.68,29.62,2.4,66.0,10.01,1016.07,Clear
2022-02-21,Mumbai,32.57,27.18,37.32,0.47,61.57,4.76,1002.44,Clear
2022-09-22,Pune,31.35,25.08,35.95,8.46,68.4,8.58,1009.72,Clear
2023-04-17,Delhi,32.92,25.58,37.37,1.15,46.79,15.5,1010.39,Clear
2022-04-08,Pune,33.87,25.21,38.93,0.36,53.35,7.73,1007.11,Clear
2022-09-13,Delhi,23.74,16.46,31.05,18.9,98.0,10.85,1010.08,Rainy
2024-05-13,Chennai,38.68,33.25,42.72,0.45,45.18,14.94,1010.86,Hot
2022-11-25,Bengaluru,19.0,13.51,23.82,0.27,81.83,6.81,1021.13,Cloudy
2023-01-18,Delhi,16.8,10.28,22.03,1.91,92.09,16.25,1014.95,Cold
2022-04-12,Mumbai,34.56,29.33,40.12,0.5,60.81,8.46,1014.87,Clear
2022-09-11,Bengaluru,25.12,18.6,33.09,6.61,88.15,12.97,1003.15,Cloudy
2022-04-28,Chennai,29.76,22.99,35.57,1.92,49.97,6.68,1009.27,Clear
2022-06-12,Bengaluru,35.79,27.67,41.21,5.43,55.79,8.16,1007.72,Hot
2023-09-03,Pune,30.99,25.21,38.54,12.12,77.06,14.8,1003.62,Rainy
2022-05-16,Hyderabad,32.85,25.6,39.22,1.08,51.2,9.77,1007.92,Clear
2024-03-17,Chennai,28.01,21.09,33.37,0.86,58.5,12.78,1019.87,Clear
2023-09-13,Mumbai,28.0,20.86,35.32,6.22,74.03,10.42,1009.01,Clear
2023-03-01,Hyderabad,27.39,21.3,33.51,3.55,57.71,11.4,1010.3,Clear
2023-01-18,Hyderabad,23.04,16.19,30.34,3.9,79.04,6.27,1012.55,Clear
2022-12-17,Chennai,27.56,22.02,33.35,0.58,55.55,7.98,1010.59,Clear
2023-01-28,Delhi,19.75,13.1,26.77,3.64,82.12,12.7,1014.75,Cloudy
2024-05-20,Pune,34.45,25.48,38.89,5.42,64.87,14.48,1018.05,Clear
2023-05-06,Hyderabad,32.33,25.26,36.59,0.28,53.61,11.48,1015.03,Clear
2023-07-29,Pune,30.72,22.67,35.35,10.0,77.54,10.77,1003.03,Rainy
2023-12-28,Hyderabad,17.7,10.62,22.0,1.59,72.74,12.54,1005.33,Cold
2023-11-04,Mumbai,20.87,15.5,28.79,1.11,68.98,12.09,1015.94,Clear
2024-12-23,Hyderabad,20.9,15.79,26.79,1.11,70.64,4.79,1012.22,Clear
2023-05-31,Hyderabad,33.87,26.77,38.63,0.09,44.71,12.26,1007.66,Clear
2022-11-08,Bengaluru,14.57,8.64,21.42,0.22,80.01,8.46,1015.55,Cold
2022-10-23,Hyderabad,22.73,13.98,28.94,0.5,72.52,12.85,1008.98,Clear
2023-12-07,Mumbai,19.75,12.02,27.33,0.5,81.8,16.37,1009.26,Cloudy
2022-04-30,Pune,33.24,25.61,38.5,0.24,41.83,17.96,1022.27,Clear
2022-07-14,Bengaluru,31.85,25.05,39.38,16.89,57.47,4.58,1005.47,Rainy
2022-06-17,Chennai,38.28,29.63,42.93,19.72,84.54,19.43,1008.65,Rainy
2023-12-04,Hyderabad,17.05,10.91,22.96,2.56,79.1,6.55,1005.27,Cold
2022-12-29,Hyderabad,15.31,6.43,20.28,1.64,85.62,8.14,1013.97,Cold
2022-06-29,Bengaluru,28.29,23.89,34.81,31.37,98.0,21.92,1008.19,Rainy
2024-04-11,Bengaluru,25.35,19.41,32.29,0.39,62.13,8.8,1011.6,Clear
2023-05-31,Bengaluru,33.7,25.73,41.59,0.94,51.49,14.74,1007.39,Clear
2022-03-14,Bengaluru,21.28,15.62,28.86,0.28,65.86,15.27,1005.65,Clear
2023-06-12,Mumbai,34.44,26.24,40.64,16.5,70.54,15.55,1015.8,Rainy
2023-11-19,Hyderabad,,16.65,26.76,0.52,65.3,13.07,1016.47,Clear
2023-04-07,Chennai,38.41,29.64,44.93,4.17,48.36,10.05,1017.7,Hot
2023-06-18,Bengaluru,28.89,24.38,33.52,12.52,76.88,11.75,1020.19,Rainy
2023-07-20,Mumbai,37.37,33.34,44.61,9.0,60.13,19.43,1009.59,Hot
2023-08-10,Mumbai,34.89,26.55,42.2,5.96,56.27,9.53,1014.88,Clear
2022-09-21,Chennai,30.65,24.06,38.6,15.24,85.93,9.29,1003.6,Rainy
2023-04-10,Bengaluru,29.43,20.55,35.13,1.3,59.37,9.42,1009.17,Clear
2024-11-22,Mumbai,24.27,19.94,32.17,0.19,64.71,6.34,1018.51,Clear
2024-02-27,Chennai,30.88,26.31,37.03,0.54,61.39,13.02,1011.02,Clear
2022-05-17,Bengaluru,37.04,28.77,44.47,0.52,44.86,5.23,1011.84,Hot
2024-11-09,Hyderabad,22.59,17.68,28.82,0.57,69.13,9.52,1010.43,Clear
2022-06-01,Bengaluru,37.55,30.63,42.58,18.06,76.37,14.29,1012.08,Rainy
2024-01-01,Mumbai,22.9,16.82,30.81,3.75,68.9,8.18,1009.92,Clear
2022-07-30,Delhi,35.54,27.06,39.84,10.25,69.33,12.81,1010.01,Rainy
2023-12-15,Bengaluru,17.42,9.81,22.57,3.24,90.9,11.18,1016.27,Cold
2023-10-07,Bengaluru,15.92,9.7,22.3,2.77,73.75,15.2,1009.13,Cold
2023-02-08,Pune,26.8,18.5,30.86,0.86,64.84,4.24,1010.6,Clear
2023-02-13,Mumbai,23.11,16.05,30.87,1.03,67.87,9.48,1001.07,Clear
2022-11-10,Chennai,32.66,28.1,40.54,5.58,59.68,12.57,1016.58,Clear
2022-11-22,Mumbai,26.12,17.39,30.55,1.72,64.38,13.11,1020.32,Clear
2022-04-21,Delhi,31.93,22.94,39.03,1.39,41.06,11.65,1010.63,Clear
2024-11-12,Delhi,20.1,11.28,24.18,0.07,86.94,8.91,1016.33,Cloudy
2024-10-31,Chennai,23.72,18.65,29.94,0.45,61.94,7.24,1016.83,Clear
2022-10-18,Mumbai,26.06,17.25,30.37,1.65,61.25,9.61,1013.69,Clear
2024-04-09,Hyderabad,31.59,23.13,37.92,2.95,58.1,16.22,1010.19,Clear
2022-04-14,Pune,31.56,23.37,35.67,1.04,58.02,9.0,1014.57,Clear
2023-02-22,Chennai,25.97,17.73,31.25,1.42,58.09,14.67,1009.58,Clear
2023-08-18,Bengaluru,33.42,26.13,39.61,4.03,64.45,12.86,1016.82,Clear
2022-05-27,Delhi,32.67,25.68,39.04,4.74,65.94,13.57,1008.73,Clear
2024-11-28,Chennai,22.99,14.24,29.42,1.1,67.71,13.07,1014.15,Clear
2022-07-18,Hyderabad,38.87,32.35,43.25,7.74,53.9,15.2,1013.48,Hot
2024-02-17,Chennai,29.52,23.85,36.27,0.76,68.64,13.2,1012.68,Clear
2024-03-01,Chennai,31.01,23.64,36.78,3.79,65.57,4.89,1014.49,Clear
2023-04-04,Delhi,28.86,23.17,33.03,0.49,74.36,12.75,1016.69,Clear
2024-01-10,Chennai,27.29,18.65,31.75,3.61,69.5,7.65,1013.29,Clear
2024-05-14,Mumbai,35.43,27.42,41.37,3.15,44.3,15.14,1007.51,Hot
2024-01-09,Chennai,27.08,21.07,34.95,0.72,53.64,9.13,1006.29,Clear
2022-04-10,Chennai,36.31,29.29,43.32,1.35,60.84,12.23,1016.1,Hot
2023-04-06,Chennai,36.82,29.71,43.92,1.76,48.49,9.42,1017.07,Hot
2022-09-24,Pune,26.03,17.23,32.11,4.18,80.37,12.47,1006.84,Cloudy
2024-08-05,Hyderabad,32.47,27.58,38.69,20.34,83.79,9.92,1010.6,Rainy
2024-03-09,Pune,28.44,22.85,34.55,0.17,55.42,16.93,1013.74,Clear
2023-06-25,Delhi,33.82,28.79,41.28,0.79,52.68,6.97,1005.48,Clear
2023-01-07,Mumbai,24.96,19.53,32.17,1.75,68.2,9.93,1011.02,Clear
2024-11-04,Mumbai,24.63,16.0,31.21,2.56,68.41,10.61,1010.59,Clear
2023-11-28,Bengaluru,19.55,13.98,25.25,3.21,70.05,10.48,999.1,Clear
2024-07-17,Bengaluru,34.76,26.48,41.35,21.93,94.32,8.45,1007.46,Rainy
2022-12-26,Hyderabad,24.08,16.66,31.15,2.23,78.47,9.87,1004.03,Clear
2022-08-08,Pune,28.96,23.74,36.29,7.47,69.33,12.82,1012.57,Clear
2023-05-10,Bengaluru,27.24,21.32,34.41,1.77,79.14,6.1,1015.84,Clear
2024-06-09,Hyderabad,36.42,30.15,41.13,3.98,57.23,9.78,1009.43,Hot
2023-11-12,Bengaluru,16.68,10.03,22.4,0.62,85.76,12.54,1010.82,Cold
2024-02-16,Hyderabad,25.96,20.59,32.53,2.7,60.33,20.03,1013.46,Clear
2022-11-16,Chennai,25.15,18.66,31.89,4.13,63.57,7.57,1011.54,Clear
2023-03-23,Delhi,25.89,18.03,30.32,0.44,75.44,14.66,1007.33,Clear
2023-09-08,Hyderabad,20.09,14.65,24.61,5.92,76.07,14.78,1011.99,Clear
2023-09-26,Chennai,28.74,24.1,33.43,9.7,72.23,9.73,1007.38,Clear
2024-11-12,Mumbai,17.57,12.25,22.41,0.48,78.2,17.68,1007.89,Cold
2023-02-03,Hyderabad,28.55,23.12,33.71,1.29,62.76,11.24,1015.45,Clear
2024-01-08,Chennai,19.3,10.88,24.8,1.14,63.92,8.35,1011.66,Clear
2022-01-02,Chennai,24.88,17.63,30.96,0.05,73.55,9.4,1016.4,Clear
2023-01-15,Delhi,18.9,11.32,23.1,0.79,73.83,7.46,1010.66,Clear
2024-01-31,Delhi,17.25,12.91,22.4,0.32,90.19,11.98,1005.65,Cold
2023-05-08,Chennai,29.67,23.66,34.85,3.45,66.35,8.86,1012.04,Clear
2022-12-15,Delhi,18.37,10.68,24.99,0.64,66.7,8.8,1004.1,Clear
2022-06-04,Bengaluru,32.97,26.91,39.81,9.65,67.58,14.12,1028.08,Clear
2024-01-13,Mumbai,26.43,21.22,30.74,1.32,67.15,18.47,1014.31,Clear
2024-07-31,Chennai,40.2,34.42,45.39,2.05,31.27,10.1,1015.56,Hot
2022-12-15,Hyderabad,17.74,13.57,22.11,3.33,82.69,16.7,1014.39,Cold
2023-08-13,Delhi,33.26,29.07,40.35,2.66,65.29,10.6,1009.49,Clear
2022-10-25,Pune,24.96,18.78,30.5,6.21,79.41,8.56,1009.65,Clear
2022-10-23,Chennai,24.27,18.31,28.98,3.27,72.94,15.7,1004.1,Clear
2022-08-09,Delhi,31.75,23.12,38.89,7.05,76.56,11.07,1011.89,Clear
2023-12-03,Delhi,13.4,5.32,18.03,2.88,87.2,9.83,1009.96,Cold
2022-05-03,Mumbai,38.41,30.32,45.74,1.01,46.42,12.76,1012.23,Hot
2022-08-24,Bengaluru,28.3,22.16,36.15,25.73,98.0,10.26,1008.81,Rainy
2024-06-29,Hyderabad,29.78,24.57,35.49,3.4,67.02,16.53,1012.33,Clear
2024-03-19,Bengaluru,25.1,20.74,31.83,4.26,73.54,13.73,1013.52,Clear
2023-06-16,Hyderabad,33.33,24.62,39.95,24.47,94.68,5.37,1014.3,Rainy
2022-11-15,Pune,16.84,11.06,22.33,3.28,71.56,13.42,1013.97,Cold
2023-07-09,Delhi,32.69,25.56,40.66,13.73,80.43,15.34,1011.19,Rainy
2023-12-07,Pune,18.39,10.72,23.53,0.94,63.25,9.37,1017.2,Clear
2024-09-11,Bengaluru,24.36,17.72,28.58,11.48,84.11,8.18,1017.09,Rainy
2024-06-07,Bengaluru,33.39,28.77,37.48,8.19,69.5,9.78,1013.81,Clear
2023-12-16,Delhi,18.13,14.08,22.92,2.27,85.34,9.9,1006.88,Cloudy
2022-06-16,Bengaluru,,29.76,42.08,37.82,98.0,13.68,1012.14,Heavy Rain
2023-03-07,Hyderabad,28.94,23.68,35.49,1.52,70.28,15.99,1014.82,Clear
2023-03-16,Mumbai,27.25,21.98,31.3,4.26,72.27,23.06,1012.5,Clear
2024-08-31,Hyderabad,30.77,24.31,37.11,12.29,81.16,14.28,1007.73,Rainy
2023-03-28,Bengaluru,27.4,20.11,32.74,0.73,64.44,10.85,1026.51,Clear
2022-03-27,Pune,29.91,24.26,36.04,0.43,58.07,12.77,1012.47,Clear
2024-11-28,Hyderabad,20.59,13.88,27.95,1.22,70.21,14.18,1021.58,Clear
2022-09-02,Pune,25.88,17.7,32.92,6.55,71.36,12.7,1007.75,Clear
2023-11-26,Chennai,25.4,17.35,30.58,1.47,67.19,13.79,1014.16,Clear
2022-03-21,Pune,26.63,19.79,34.14,1.37,70.07,18.4,1010.03,Clear
2023-10-27,Pune,23.93,17.95,29.99,3.39,68.24,15.15,1009.6,Clear
2023-07-21,Pune,33.07,28.71,40.14,31.24,98.0,11.34,1005.36,Rainy
2022-04-01,Bengaluru,28.4,24.38,36.05,3.12,66.83,9.49,1007.41,Clear
2022-02-16,Bengaluru,18.89,10.42,23.6,5.81,84.95,12.21,1016.65,Cloudy
2022-02-01,Delhi,27.43,22.81,35.21,3.28,67.73,19.31,1014.7,Clear
2024-06-21,Bengaluru,36.49,31.29,44.07,2.75,46.32,14.52,1008.12,Hot
2022-09-16,Pune,26.25,19.54,33.45,1.11,60.08,13.96,1009.27,Clear
2024-04-11,Delhi,24.93,17.15,30.19,1.79,87.73,13.61,1011.89,Cloudy
2023-08-02,Delhi,33.2,28.91,38.91,20.22,77.53,9.97,1010.63,Rainy
2023-10-23,Pune,20.59,13.38,27.69,4.92,74.24,20.67,1017.5,Clear
2022-12-17,Delhi,17.2,10.02,23.94,0.56,77.2,11.8,1013.71,Cold
2024-11-01,Bengaluru,18.98,12.78,26.03,4.23,87.89,4.44,1005.39,Cloudy
2022-02-04,Delhi,23.12,14.12,30.6,0.63,78.42,6.05,1013.0,Clear
2023-03-30,Hyderabad,31.87,27.26,39.59,0.98,63.28,6.37,1023.77,Clear
2024-06-15,Pune,37.27,29.11,42.98,2.52,46.96,13.75,1012.57,Hot
2022-10-07,Mumbai,31.95,26.01,38.48,2.17,52.13,12.35,1012.99,Clear
2022-01-10,Chennai,23.41,17.27,30.88,0.42,76.73,14.19,1007.39,Clear
2022-04-10,Pune,33.3,27.1,40.13,0.07,58.44,11.91,1010.63,Clear
2024-01-19,Pune,27.73,19.12,32.45,2.34,63.98,12.92,1013.89,Clear
2023-05-13,Pune,38.22,30.34,42.55,1.28,58.83,11.22,1014.04,Hot
2022-08-27,Chennai,34.54,29.22,42.35,11.9,68.14,12.62,1014.67,Rainy
2022-07-29,Chennai,39.49,34.12,45.73,4.29,45.95,12.1,1012.9,Hot
2024-05-24,Bengaluru,32.72,24.39,38.14,0.13,35.93,12.61,1020.43,Clear
2022-11-18,Delhi,19.45,13.83,24.97,2.53,82.44,16.87,1010.25,Cloudy
2023-03-17,Pune,25.86,17.99,30.46,0.17,68.11,7.22,1005.96,Clear
2022-10-13,Delhi,20.77,15.45,27.68,2.05,78.21,5.88,1003.32,Clear
2022-08-12,Delhi,37.29,30.93,41.86,7.85,64.1,18.65,1008.81,Hot
2023-05-12,Bengaluru,26.86,19.82,33.82,2.3,60.55,11.77,1003.47,Clear
2023-07-10,Chennai,36.05,27.67,42.61,22.25,65.49,3.79,1019.48,Rainy
2023-01-07,Pune,17.86,8.94,22.25,2.51,76.69,12.27,1017.31,Cold
2024-07-30,Bengaluru,35.26,29.01,40.67,11.25,75.59,16.34,1011.5,Rainy
2023-11-13,Chennai,21.86,16.53,26.3,1.66,74.0,8.56,1006.95,Clear
2023-10-11,Chennai,25.6,21.13,33.17,0.73,66.35,7.02,1008.86,Clear
2023-06-23,Bengaluru,36.86,31.52,41.25,15.19,69.23,11.77,1012.64,Rainy
2024-11-15,Mumbai,23.95,16.55,31.27,0.68,67.19,11.12,1012.96,Clear
2023-08-01,Mumbai,33.8,25.02,41.0,4.11,51.72,13.98,1013.92,Clear
2024-02-10,Bengaluru,25.04,20.17,30.86,0.96,73.13,12.64,1004.29,Clear
2024-12-23,Chennai,25.28,19.95,31.05,1.79,62.22,12.57,1008.97,Clear
2024-02-27,Mumbai,23.22,18.58,29.78,0.18,76.53,5.53,1013.9,Clear
2022-08-09,Chennai,35.16,30.8,40.91,8.34,55.82,13.87,1003.91,Hot
2024-01-13,Bengaluru,19.52,12.06,26.65,0.25,70.99,6.58,1016.03,Clear
2023-09-16,Delhi,26.84,22.54,33.55,22.43,93.6,10.68,1005.46,Rainy
2022-01-06,Chennai,27.29,21.05,33.48,2.37,63.58,13.87,1012.68,Clear
2024-06-14,Bengaluru,33.23,24.91,39.44,2.57,61.19,8.92,1012.11,Clear
2022-05-12,Delhi,37.1,28.18,41.41,0.13,44.13,17.84,1010.84,Hot
2022-06-26,Hyderabad,38.06,33.72,42.83,10.64,57.86,12.25,1015.38,Rainy
2023-01-07,Bengaluru,22.69,18.57,27.2,1.1,66.11,18.32,1010.47,Clear
2022-09-30,Delhi,24.85,18.08,32.34,6.94,76.32,9.33,1010.17,Clear
2024-06-06,Chennai,36.79,32.64,44.45,1.32,51.91,7.81,1011.31,Hot
2023-04-26,Chennai,33.18,25.01,40.61,1.01,55.01,12.11,1014.12,Clear
2022-11-18,Mumbai,23.17,18.27,31.05,0.5,79.09,9.55,1008.79,Clear
2024-07-10,Delhi,36.87,30.01,41.1,5.38,54.16,10.9,1014.3,Hot
2023-04-19,Mumbai,29.93,23.07,34.77,3.81,58.96,15.52,1006.61,Clear
2024-10-31,Delhi,24.84,19.8,31.9,1.86,61.64,14.71,1016.48,Clear
2022-12-04,Pune,17.93,9.93,25.27,0.17,83.34,11.65,1015.42,Cold
2024-02-24,Bengaluru,20.7,13.91,26.09,0.72,81.58,10.71,1021.23,Cloudy
2023-08-27,Hyderabad,30.98,23.47,35.26,1.71,56.13,16.85,1008.08,Clear
2022-07-09,Chennai,37.37,31.29,41.73,13.6,57.15,12.59,1010.49,Rainy
2024-07-16,Chennai,37.22,30.61,41.32,7.94,73.75,6.88,1010.97,Hot
2023-08-17,Bengaluru,26.03,20.3,32.98,8.91,81.76,12.52,1007.13,Cloudy
2022-03-21,Chennai,27.76,21.56,32.67,1.11,56.26,17.18,1014.96,Clear
2022-05-04,Chennai,35.32,28.31,42.48,2.99,55.49,12.17,1009.05,Hot
2023-09-22,Chennai,30.21,24.53,34.45,48.81,98.0,8.57,1012.31,Heavy Rain
2024-01-30,Chennai,19.71,14.5,26.68,3.22,86.59,14.23,1008.86,Cloudy
2024-12-30,Delhi,10.49,1.82,16.0,4.05,94.94,6.51,1015.3,Cold
2022-09-03,Mumbai,24.59,16.05,31.45,2.41,75.67,9.83,1012.72,Clear
2023-02-25,Mumbai,20.81,11.94,26.98,4.7,71.21,15.74,1010.79,Clear
2022-07-24,Hyderabad,39.2,32.95,43.65,7.08,57.05,7.03,1016.39,Hot
2023-07-08,Mumbai,31.88,27.6,38.22,34.47,98.0,9.06,1020.28,Rainy
2023-06-17,Bengaluru,30.65,21.69,36.91,19.97,78.99,7.23,1007.21,Rainy
2024-09-06,Chennai,28.86,24.79,34.33,23.7,94.42,15.57,1016.04,Rainy
2023-01-04,Chennai,26.67,19.25,33.87,1.51,69.84,11.84,1010.39,Clear
2023-04-10,Chennai,37.63,29.61,45.02,0.29,60.12,13.46,1009.05,Hot
2023-07-09,Hyderabad,33.01,25.26,37.33,13.56,86.72,10.54,1013.06,Rainy
2022-05-03,Chennai,43.88,36.02,48.02,1.33,48.2,7.94,1016.9,Hot
2024-05-16,Bengaluru,39.45,31.84,44.33,0.91,41.37,14.79,1018.84,Hot
2024-09-09,Chennai,25.31,20.34,32.33,9.4,77.1,6.98,1011.01,Clear
2022-05-26,Delhi,36.51,30.06,42.56,1.15,46.93,17.55,1015.29,Hot
2022-07-28,Chennai,44.15,39.16,49.28,44.77,95.26,15.64,1014.63,Heavy Rain
2022-07-01,Mumbai,35.09,27.63,39.34,9.14,52.84,15.65,1014.5,Hot
2024-07-17,Hyderabad,40.05,31.24,45.74,8.06,52.39,5.87,1014.17,Hot
2024-03-05,Mumbai,31.93,25.86,37.24,1.42,58.5,8.41,1009.17,Clear
2024-12-10,Mumbai,24.03,17.44,31.47,2.47,68.14,13.72,1011.43,Clear
2024-08-20,Bengaluru,27.74,23.5,35.01,16.89,87.01,16.19,1011.78,Rainy
2024-07-29,Delhi,33.78,28.16,39.43,38.62,98.0,8.38,1006.1,Heavy Rain
2023-07-26,Delhi,33.51,24.63,39.03,5.21,58.87,14.5,1013.59,Clear
2024-01-23,Delhi,21.72,16.54,27.3,0.27,62.11,18.25,1011.21,Clear
2022-07-11,Chennai,37.55,33.13,41.77,2.44,47.17,19.84,1005.28,Hot
2023-06-15,Mumbai,37.16,32.33,43.99,3.51,43.84,14.08,1015.15,Hot
2023-12-12,Mumbai,24.09,19.6,29.02,1.73,70.95,13.03,1007.89,Clear
2024-04-27,Chennai,34.89,26.44,39.96,1.16,47.66,6.04,1008.78,Clear
2023-04-09,Bengaluru,32.15,26.22,37.02,4.42,41.72,20.6,1010.56,Clear
2022-03-09,Chennai,29.19,21.26,33.45,1.54,68.11,3.69,1007.47,Clear
2022-12-08,Hyderabad,15.51,8.04,20.36,2.79,80.15,14.04,1006.14,Cold
2024-04-29,Hyderabad,31.84,25.23,38.13,0.62,62.56,13.22,1011.98,Clear
2024-06-26,Mumbai,39.24,34.13,45.09,14.46,67.76,13.97,1022.32,Rainy
2022-12-18,Delhi,16.16,10.55,20.47,7.27,95.99,12.84,1008.98,Cold
2022-04-18,Chennai,35.85,27.93,42.29,0.35,55.5,10.44,1017.8,Hot
2023-10-05,Hyderabad,26.0,20.58,32.13,0.23,68.42,8.68,1010.63,Clear
2023-02-11,Hyderabad,28.31,21.96,34.6,0.2,61.06,14.86,1010.72,Clear
2024-08-13,Hyderabad,37.64,32.14,42.71,3.44,61.23,19.85,1013.51,Hot
2022-01-31,Hyderabad,18.04,11.12,22.88,0.93,76.66,13.75,1016.95,Clear
2024-07-15,Mumbai,35.31,26.52,42.73,6.29,51.09,10.4,1011.97,Hot
2024-10-13,Delhi,24.66,20.41,31.34,2.95,67.36,10.75,1014.93,Clear
2022-05-27,Pune,29.15,22.9,35.98,4.71,74.78,7.95,1006.09,Clear
2022-01-16,Mumbai,22.49,17.77,28.45,1.77,76.78,7.4,1008.12,Clear
2023-04-28,Chennai,36.22,27.47,40.76,4.18,49.58,4.67,1009.71,Hot
2022-11-12,Mumbai,24.57,20.32,30.59,1.37,66.03,13.08,1013.22,Clear
2023-07-18,Hyderabad,36.33,29.19,41.43,5.87,62.72,8.35,1006.21,Hot
2022-10-21,Hyderabad,25.46,16.56,33.36,0.14,65.92,8.48,1019.42,Clear
2022-04-30,Chennai,35.32,31.19,41.45,3.39,58.07,16.67,1016.41,Hot
2024-06-29,Bengaluru,31.65,26.14,38.39,3.25,57.78,9.55,1001.46,Clear
2024-11-27,Hyderabad,23.8,14.94,28.89,2.89,75.33,12.71,1013.53,Clear
2022-09-27,Hyderabad,33.83,28.17,38.77,8.68,60.06,22.26,1008.53,Clear
2022-04-09,Hyderabad,35.76,27.2,43.52,,46.69,13.05,1016.77,Hot
2023-05-26,Pune,31.96,25.34,36.27,1.41,67.49,8.83,1021.02,Clear
2024-12-30,Hyderabad,16.89,10.61,23.88,1.23,77.47,20.59,1015.08,Cold
2024-02-21,Hyderabad,18.59,12.58,23.94,0.38,,15.69,1010.35,Cloudy
2023-05-29,Delhi,34.85,29.78,41.27,0.41,52.13,8.44,1017.73,Clear
2023-10-25,Bengaluru,26.48,18.54,34.29,0.44,49.6,15.54,1014.07,Clear
2023-04-28,Pune,33.26,29.09,37.53,1.77,43.67,5.72,1019.64,Clear
2024-03-05,Delhi,24.36,18.88,30.52,5.77,86.61,13.44,999.88,Cloudy
2024-09-04,Hyderabad,34.36,26.95,39.52,8.11,69.1,9.53,1009.04,Clear
2023-05-03,Hyderabad,33.18,27.77,39.22,2.02,49.46,9.1,1008.72,Clear
2023-11-08,Hyderabad,17.93,12.44,25.67,0.1,81.44,16.2,1014.0,Cold
2024-06-23,Hyderabad,34.37,26.11,39.07,11.1,63.93,12.61,1011.84,Rainy
2023-12-15,Chennai,22.84,17.65,29.16,0.45,64.04,16.12,1009.26,Clear
2022-02-03,Delhi,20.56,14.02,25.37,0.62,78.21,7.99,1013.21,Clear
2023-06-07,Pune,36.63,31.54,43.13,13.07,67.08,13.14,1009.11,Rainy
2024-10-29,Mumbai,25.41,20.72,32.4,4.7,70.31,18.43,1016.51,Clear
2022-09-14,Chennai,34.43,29.1,41.01,7.2,61.65,10.74,1005.16,Clear
2022-05-19,Bengaluru,33.72,25.39,39.91,1.13,62.84,12.99,1014.29,Clear
2023-01-08,Bengaluru,21.47,14.3,28.01,0.64,65.26,10.23,1009.86,Clear
2022-11-04,Delhi,19.88,14.14,26.05,0.32,66.48,11.94,1006.15,Clear
2024-10-07,Mumbai,19.85,12.68,26.95,1.43,71.78,6.86,1005.49,Clear
2022-07-30,Hyderabad,36.09,28.96,41.74,23.65,81.73,12.44,1010.13,Rainy
2024-12-04,Chennai,27.89,20.28,33.23,0.81,67.14,9.05,1014.58,Clear
2023-11-23,Mumbai,26.04,19.01,30.8,1.25,53.02,12.55,1026.59,Clear
2023-06-18,Mumbai,33.51,24.66,40.42,12.38,71.67,14.27,1006.75,Rainy
2023-12-30,Hyderabad,19.61,13.55,24.84,1.0,63.06,11.82,1010.28,Clear
2022-01-04,Hyderabad,21.95,15.42,27.0,3.73,78.38,11.78,1005.29,Clear
2023-10-15,Mumbai,25.08,16.15,29.3,0.69,66.97,24.31,1018.8,Clear
2022-02-03,Mumbai,22.4,17.62,27.4,0.89,76.85,17.07,1013.89,Clear
2023-12-20,Chennai,24.77,17.17,32.15,0.24,67.93,8.4,1011.22,Clear
2022-02-14,Mumbai,28.0,20.05,32.37,0.55,61.26,15.9,1011.26,Clear
2024-02-14,Delhi,26.16,17.54,33.69,0.84,51.98,11.03,1015.11,Clear
2024-09-17,Hyderabad,31.32,25.15,38.64,17.16,64.9,2.0,1008.39,Rainy
2024-08-22,Mumbai,31.21,22.49,37.32,1.19,72.32,21.71,1009.13,Clear
2022-07-08,Chennai,34.04,27.39,40.56,24.94,84.44,16.17,1016.12,Rainy
2024-03-31,Delhi,28.54,23.26,34.25,1.57,68.67,11.62,1007.27,Clear
2024-03-17,Pune,23.18,15.38,29.31,0.73,74.84,10.82,1008.07,Clear
2024-07-25,Delhi,38.96,32.53,44.4,10.54,68.36,14.17,1012.47,Rainy
2024-08-19,Pune,30.14,23.86,37.24,1.51,59.81,16.09,1006.12,Clear
2022-02-05,Chennai,18.94,11.94,25.98,2.87,60.09,12.93,1016.43,Clear
2023-06-06,Hyderabad,37.63,32.35,44.18,13.34,73.09,15.42,1018.2,Rainy
2023-09-19,Delhi,25.53,17.21,30.72,9.3,82.58,8.77,1011.78,Cloudy
2024-07-15,Pune,35.55,31.02,43.13,18.59,74.35,13.28,1013.99,Rainy
2022-12-28,Chennai,23.41,17.5,29.92,1.01,75.33,12.38,1015.98,Clear
2022-03-05,Mumbai,27.9,19.53,35.58,1.62,69.04,9.52,1008.32,Clear
2024-11-10,Mumbai,23.25,18.97,29.55,1.22,77.35,4.36,1015.44,Clear
2022-06-02,Delhi,32.81,25.95,38.76,5.63,72.83,24.39,1004.15,Clear
2023-04-25,Bengaluru,32.23,24.23,36.35,0.55,46.58,11.11,1011.56,Clear
2022-08-16,Mumbai,31.0,23.44,38.31,7.67,63.55,,1008.69,Clear
2024-01-24,Bengaluru,14.6,6.51,20.98,3.67,86.24,11.87,1001.24,Cold
2023-05-08,Delhi,30.07,25.44,35.11,1.79,54.65,12.1,1010.4,Clear
2023-12-09,Bengaluru,23.06,18.01,30.41,2.53,76.38,12.86,1009.2,Clear
2024-08-27,Mumbai,30.15,25.51,37.88,11.53,67.3,18.75,1013.23,Rainy
2024-10-11,Bengaluru,21.01,16.56,28.8,1.63,75.09,15.85,1009.49,Clear
2023-04-09,Pune,34.41,27.44,41.64,0.93,51.11,8.12,1022.89,Clear
2024-10-27,Chennai,29.91,20.93,34.64,0.68,70.01,16.82,1009.73,Clear
2022-12-23,Pune,20.85,12.91,26.1,0.15,82.98,11.06,1008.55,Cloudy
2023-11-19,Delhi,23.26,17.92,30.51,3.52,62.78,12.06,1013.15,Clear
2024-09-18,Pune,25.65,19.32,29.66,8.75,78.5,6.24,1011.74,Clear
2023-07-09,Pune,33.01,27.96,40.15,20.71,87.91,19.59,1020.18,Rainy
2022-01-18,Hyderabad,26.73,21.98,30.8,0.48,57.58,4.91,1012.91,Clear
2023-05-22,Bengaluru,35.57,31.26,42.61,0.37,51.9,19.59,1010.09,Hot
2023-05-31,Chennai,36.34,29.79,43.02,1.01,49.03,17.0,1019.92,Hot
2023-08-23,Chennai,38.33,30.8,42.71,21.23,71.83,5.81,1006.41,Rainy
2022-01-02,Bengaluru,12.83,4.87,19.37,2.48,79.37,14.3,1008.5,Cold
2024-08-06,Hyderabad,31.21,22.34,37.27,6.01,72.74,14.98,1026.26,Clear
2023-02-16,Pune,23.76,15.68,31.43,1.62,68.62,11.47,1007.98,Clear
2024-08-26,Bengaluru,29.02,21.22,36.07,8.19,65.23,13.18,1010.08,Clear
2024-05-01,Hyderabad,32.59,26.14,39.24,3.93,50.07,14.8,1006.89,Clear
2023-06-14,Chennai,39.76,32.96,44.02,38.82,98.0,12.25,1020.68,Heavy Rain
2023-11-20,Delhi,21.17,13.76,28.97,0.78,70.36,12.29,1008.08,Clear
2022-09-28,Delhi,24.1,17.58,31.97,35.63,98.0,11.85,1008.14,Heavy Rain
2022-02-16,Chennai,30.89,23.04,37.66,0.79,54.41,11.27,1011.23,Clear
2024-05-01,Bengaluru,35.82,29.68,42.36,0.37,48.16,16.76,1018.68,Hot
2022-07-26,Bengaluru,29.42,22.86,35.73,5.81,67.83,15.16,999.02,Clear
2023-04-10,Hyderabad,32.14,24.84,38.76,1.31,54.65,7.23,1015.37,Clear
2022-05-22,Bengaluru,32.72,28.32,37.75,2.48,56.87,5.55,1007.05,Clear
2023-06-21,Pune,36.18,28.56,41.96,14.58,69.57,12.32,1024.62,Rainy
2023-10-04,Mumbai,19.73,15.19,24.68,1.08,68.33,9.92,1002.54,Clear
2024-08-08,Delhi,32.99,24.5,39.59,8.48,69.44,21.44,1009.61,Clear
2022-10-17,Pune,23.55,18.41,27.57,1.6,69.11,6.96,1009.98,Clear
2022-10-25,Mumbai,22.27,14.68,27.26,4.38,83.88,17.94,1013.78,Cloudy
2022-10-31,Mumbai,25.43,20.02,33.23,0.12,78.41,18.47,1012.52,Clear
2023-05-18,Chennai,41.2,34.4,47.65,1.72,35.54,15.46,1004.93,Hot
2023-10-19,Hyderabad,26.49,19.99,31.94,0.4,57.21,10.51,1010.09,Clear
2023-07-14,Delhi,35.25,27.07,42.78,18.51,74.01,11.33,1008.46,Rainy
2023-03-25,Pune,26.01,21.56,31.1,2.24,69.78,12.98,1023.48,Clear
2022-11-03,Delhi,19.18,12.52,25.97,2.6,77.7,9.02,1011.77,Clear
2023-10-18,Mumbai,27.9,22.85,32.19,0.74,67.02,11.3,1008.53,Clear
2022-11-05,Chennai,19.43,10.48,26.67,0.79,80.32,21.17,1013.37,Cloudy
2024-07-12,Chennai,,32.57,44.84,12.37,59.3,12.22,1010.63,Rainy
2022-12-03,Bengaluru,21.93,13.57,26.3,0.57,67.63,15.36,1011.25,Clear
2022-08-29,Mumbai,34.43,27.43,41.4,47.03,98.0,9.03,1005.4,Heavy Rain
2024-02-23,Mumbai,31.31,25.29,36.77,2.46,51.48,13.43,1006.02,Clear
2024-10-15,Mumbai,30.09,25.07,37.04,0.32,63.57,13.69,1016.04,Clear
2023-06-27,Chennai,39.9,35.84,44.92,10.29,48.86,11.98,1011.01,Rainy
2024-09-04,Mumbai,35.06,29.22,39.14,8.93,77.07,11.84,1018.25,Hot
2022-02-13,Chennai,26.45,21.1,33.92,1.31,67.03,16.82,1003.4,Clear
2022-03-04,Delhi,30.9,22.53,38.86,4.83,73.9,9.53,1009.51,Clear
2022-03-02,Delhi,23.33,18.38,30.56,0.4,59.63,4.13,1004.65,Clear
2022-09-15,Mumbai,33.52,24.6,38.67,15.34,64.45,6.05,1014.64,Rainy
2024-06-12,Mumbai,36.97,29.6,41.43,7.4,70.87,13.51,1007.27,Hot
2022-09-07,Delhi,22.56,15.12,27.12,19.66,96.35,10.45,1010.55,Rainy
2022-07-21,Pune,39.29,32.28,45.98,6.66,55.55,11.97,1010.01,Hot
2023-05-24,Bengaluru,36.13,27.59,43.11,2.1,44.14,13.17,1013.54,Hot
2022-03-08,Chennai,30.29,25.39,36.24,1.44,62.69,9.98,1007.93,Clear
2024-03-11,Chennai,36.8,29.91,41.64,2.53,53.5,11.96,1011.88,Hot
2023-12-11,Chennai,24.29,17.17,31.76,0.79,61.7,14.96,1008.01,Clear
2022-11-08,Hyderabad,23.5,18.36,29.95,2.72,67.91,13.64,1005.9,Clear
2024-07-23,Delhi,35.32,28.3,41.03,15.3,76.39,18.43,1006.91,Rainy
2023-06-04,Pune,42.55,37.06,47.28,7.41,48.92,11.68,1018.53,Hot
2024-02-25,Pune,25.02,19.47,29.11,0.7,75.84,15.38,1014.68,Clear
2022-03-01,Hyderabad,27.37,18.7,32.03,0.99,54.7,4.86,1018.16,Clear
2023-03-26,Pune,25.59,17.38,32.3,4.85,78.45,12.38,1008.66,Clear
2023-04-18,Delhi,31.85,24.84,39.29,0.39,51.35,9.49,1012.2,Clear
2022-11-08,Pune,21.18,16.12,27.33,0.4,82.12,17.34,1015.89,Cloudy
2023-10-01,Chennai,24.74,16.97,29.36,0.85,66.31,19.12,1005.65,Clear
2022-11-26,Pune,23.36,16.45,29.48,3.86,70.93,5.89,1013.55,Clear
2023-12-06,Bengaluru,16.59,10.9,24.44,2.08,77.04,14.05,1017.93,Cold
2023-03-11,Hyderabad,24.65,20.16,30.1,1.14,63.79,9.87,1015.16,Clear
2023-02-03,Bengaluru,20.21,12.9,24.62,2.7,74.26,9.45,1012.44,Clear
2022-08-11,Delhi,40.45,34.99,45.67,9.62,66.09,11.76,1007.46,Hot
2022-05-05,Delhi,37.65,33.29,41.82,2.88,51.03,8.58,1014.29,Hot
2024-12-28,Mumbai,20.6,14.15,28.09,2.39,86.83,8.48,1014.56,Cloudy
2022-05-05,Mumbai,37.07,31.36,43.6,1.56,52.09,16.29,1006.87,Hot
2023-08-27,Bengaluru,26.33,18.53,33.31,4.92,68.86,16.4,1012.08,Clear
2022-10-11,Bengaluru,20.68,13.08,27.91,0.04,73.01,6.38,1017.91,Clear
2023-09-23,Bengaluru,24.51,16.76,30.77,6.53,79.37,7.07,1014.01,Clear
2024-10-03,Chennai,26.09,18.97,31.19,0.59,63.52,8.89,1011.43,Clear
2024-11-18,Bengaluru,19.63,10.78,25.34,1.61,73.42,12.39,1016.49,Clear
2022-09-30,Chennai,31.82,23.53,37.03,9.94,69.9,14.41,1013.47,Clear
2023-08-22,Mumbai,34.32,29.4,38.74,15.53,87.38,16.97,1015.54,Rainy
2022-03-17,Mumbai,30.27,25.36,34.53,2.11,71.32,13.35,1009.94,Clear
2022-07-24,Chennai,39.13,30.65,43.72,29.51,94.97,13.02,1010.73,Rainy
2024-06-22,Delhi,31.32,25.0,38.53,35.13,98.0,8.18,1017.11,Heavy Rain
2024-10-11,Chennai,26.73,21.66,32.22,1.83,63.97,7.72,1015.69,Clear
2022-07-29,Bengaluru,30.55,25.52,36.59,15.98,79.29,14.08,1011.55,Rainy
2022-02-22,Chennai,23.12,17.07,28.36,3.51,65.62,16.62,1013.17,Clear
2022-05-30,Mumbai,43.19,38.5,47.31,1.11,32.81,14.58,1013.38,
2023-03-30,Mumbai,36.5,28.14,42.8,3.77,54.71,17.56,1012.62,Hot
2023-02-01,Delhi,23.52,15.5,30.45,1.17,59.02,14.34,1013.53,Clear
2022-01-22,Hyderabad,16.59,12.0,22.76,1.62,72.54,9.89,1015.51,Cold
2022-08-19,Bengaluru,27.97,21.27,35.61,13.97,84.35,10.28,1013.59,Rainy
2024-03-19,Mumbai,33.21,28.93,37.31,0.13,47.95,4.38,1008.38,Clear
2022-08-23,Pune,32.73,27.0,36.86,4.92,54.96,11.06,1015.44,Clear
2023-01-08,Chennai,22.79,16.03,27.41,4.28,72.44,18.19,1020.96,Clear
2022-01-24,Pune,25.28,19.67,29.58,0.84,68.06,6.94,1020.77,Clear
2024-03-21,Mumbai,32.86,26.48,39.43,3.85,68.06,14.27,1000.8,Clear
2022-02-03,Pune,26.83,21.89,31.97,2.36,65.56,10.26,1020.3,Clear
2024-04-14,Mumbai,33.07,26.55,40.28,0.75,33.84,11.65,1021.4,Clear
2024-09-29,Bengaluru,,24.52,36.19,31.15,98.0,17.1,1011.84,Rainy
2023-01-01,Chennai,24.45,18.87,28.97,1.95,71.11,8.84,1011.25,Clear
2024-04-13,Chennai,35.73,30.25,43.52,2.88,49.14,3.31,1007.04,Hot
2022-07-27,Hyderabad,33.96,26.14,39.22,24.58,68.22,16.91,1014.19,Rainy
2022-05-10,Pune,32.39,26.96,39.52,1.15,60.24,12.93,1016.98,Clear
2022-09-19,Pune,23.23,16.27,28.43,19.48,98.0,2.0,1012.83,Rainy
2023-01-29,Delhi,22.68,15.36,27.09,1.06,62.42,11.66,1011.28,Clear
2024-01-15,Bengaluru,17.44,9.93,24.53,0.91,74.76,11.52,1008.85,Cold
2023-08-07,Bengaluru,28.5,21.11,34.5,4.79,62.9,7.13,1006.27,Clear
2022-10-17,Chennai,25.58,18.66,30.31,2.53,61.78,14.91,1012.89,Clear
2022-08-13,Hyderabad,32.86,27.54,37.41,14.85,73.16,5.9,1012.05,Rainy
2022-04-05,Bengaluru,29.82,23.73,34.89,2.52,59.37,16.43,1011.73,Clear
2024-10-24,Mumbai,23.38,15.2,31.24,0.13,75.21,10.67,1019.6,Clear
2023-09-11,Chennai,31.9,25.88,36.6,6.51,63.97,12.13,1000.74,Clear
2022-11-21,Hyderabad,21.22,16.44,25.92,1.79,66.95,14.84,1010.66,Clear
2022-12-16,Mumbai,20.32,15.95,25.82,0.93,82.84,4.49,1015.1,Cloudy
2024-07-06,Bengaluru,36.05,31.29,43.71,19.89,75.78,15.54,1010.43,Rainy
2023-10-25,Mumbai,25.26,18.51,31.74,3.18,72.68,12.01,1018.15,Clear
2022-06-22,Mumbai,33.78,29.02,41.75,12.34,75.8,21.28,1013.97,Rainy
2024-05-25,Pune,35.76,31.47,39.81,1.53,44.67,7.07,1007.32,Hot
2024-08-22,Bengaluru,32.88,27.34,38.91,21.02,83.89,15.01,1009.55,Rainy
2023-02-27,Mumbai,25.67,19.98,33.15,0.41,69.35,8.9,1011.95,Clear
2024-07-27,Pune,31.13,27.01,36.47,13.18,74.98,9.78,1011.79,Rainy
2022-10-03,Pune,20.41,16.32,27.43,0.41,64.77,13.36,1010.74,Clear
2024-05-31,Mumbai,41.13,33.12,46.86,1.05,52.67,2.0,1006.55,Hot
2024-12-12,Delhi,19.36,14.82,26.74,3.38,74.65,9.5,1004.18,Clear
2022-11-29,Chennai,17.83,10.09,24.5,0.13,67.03,15.28,1008.23,Cold
2023-09-22,Bengaluru,25.38,18.64,31.72,5.43,74.45,14.58,1017.96,Clear
2024-05-18,Pune,32.01,25.46,36.65,0.91,60.05,21.67,1011.84,Clear
2024-09-04,Delhi,25.2,20.54,30.97,21.2,98.0,14.67,1015.48,Rainy
2022-04-13,Mumbai,28.74,22.36,35.39,1.44,62.8,9.7,1012.61,Clear
2023-06-06,Chennai,36.11,30.18,42.71,10.22,77.14,10.91,1014.43,Rainy
2024-10-16,Pune,23.57,17.23,30.97,0.25,58.63,17.56,1010.22,Clear
2024-09-25,Pune,29.33,22.74,34.63,5.99,69.12,20.57,1019.2,Clear
2024-02-15,Chennai,24.99,18.43,30.32,1.76,62.94,17.04,1007.34,Clear
2023-08-23,Pune,30.63,23.71,36.19,28.77,90.14,12.88,1006.25,Rainy
2023-08-30,Chennai,38.95,31.59,46.52,20.53,59.85,7.27,1011.45,Rainy
2023-09-28,Delhi,26.3,19.46,31.42,27.15,98.0,17.56,1011.21,Rainy
2023-04-19,Hyderabad,31.84,27.82,39.36,3.13,56.76,9.04,1018.15,Clear
2022-05-16,Mumbai,42.32,34.32,47.12,2.42,44.57,8.81,1021.06,Hot
2024-03-11,Delhi,25.82,20.48,31.87,0.68,50.77,9.95,1010.97,Clear
2022-01-29,Bengaluru,21.75,14.04,26.58,0.97,79.25,16.44,1012.65,Clear
2023-03-26,Chennai,29.99,24.22,37.57,0.26,68.22,15.97,1019.76,Clear
2022-01-03,Hyderabad,17.14,12.69,22.92,0.47,67.58,14.96,1015.38,Cold
2022-11-09,Hyderabad,24.63,20.45,29.12,0.23,70.98,18.8,1008.24,Clear
2022-12-25,Delhi,18.5,11.99,26.37,1.23,70.44,9.29,1013.05,Clear
2023-06-11,Delhi,37.4,28.43,43.47,15.27,65.84,8.25,1007.64,Rainy
2024-11-04,Chennai,23.45,16.8,28.12,3.09,55.98,12.41,1011.5,Clear
2024-09-14,Hyderabad,22.81,14.78,29.15,34.44,98.0,18.62,1010.91,Rainy
2024-03-18,Mumbai,30.92,24.71,38.52,1.2,69.53,10.73,1012.58,Clear
2023-04-08,Mumbai,33.67,28.85,38.4,0.47,48.94,11.46,1013.43,Clear
2024-05-29,Mumbai,34.47,26.14,41.46,1.28,60.8,8.08,1015.27,Clear
2023-10-06,Delhi,24.72,19.51,31.41,4.65,62.71,9.45,1018.68,Clear
2023-10-04,Pune,20.39,13.41,25.56,7.07,78.18,15.16,1017.14,Clear
2023-07-26,Hyderabad,39.03,34.66,44.21,3.69,31.07,20.34,1013.01,Hot
2023-04-28,Bengaluru,29.95,25.91,36.31,4.59,68.14,11.33,1015.96,Clear
2024-07-24,Delhi,32.1,26.01,37.25,13.63,59.97,10.45,1013.67,Rainy
2024-03-10,Mumbai,30.35,24.31,37.0,7.47,64.01,12.14,1005.12,Clear
2022-12-21,Mumbai,22.59,15.61,29.21,1.78,84.34,16.44,1011.54,Cloudy
2023-09-27,Pune,27.44,20.17,32.46,6.71,70.7,9.99,1019.42,Clear
2024-12-09,Mumbai,19.49,12.66,25.71,1.25,71.61,18.58,1005.26,Clear
2022-03-25,Delhi,28.13,22.26,34.53,0.15,59.96,11.23,1011.26,Clear
2022-05-25,Mumbai,33.19,27.56,40.28,0.11,50.98,12.31,1005.59,Clear
2023-01-16,Mumbai,29.73,24.58,35.94,1.09,53.3,13.61,1005.54,Clear
2024-09-26,Pune,25.77,17.31,32.22,10.55,73.03,27.11,1012.75,Rainy
2023-04-30,Hyderabad,31.16,26.58,35.53,1.69,61.22,12.94,1009.33,Clear
2022-05-02,Mumbai,40.13,33.04,47.14,3.71,45.28,8.67,1008.55,Hot
2023-07-26,Bengaluru,32.99,27.48,39.02,2.14,56.17,13.61,1016.31,Clear
2023-02-23,Mumbai,29.15,24.33,34.08,5.25,64.04,9.97,1009.03,Clear
2024-09-02,Delhi,24.44,20.1,29.75,13.57,83.25,8.8,1010.15,Rainy
2024-03-16,Hyderabad,28.9,24.14,33.68,2.43,58.02,14.22,1012.38,Clear
2023-02-22,Bengaluru,23.22,17.26,30.05,0.4,75.69,10.35,1015.59,Clear
2023-11-19,Bengaluru,13.37,6.67,18.36,0.99,78.73,16.85,1011.26,Cold
2024-04-03,Pune,29.41,25.17,35.49,1.32,59.23,8.53,1013.14,Clear
2023-07-10,Mumbai,28.79,20.24,35.66,28.42,98.0,5.92,998.85,Rainy
2023-03-09,Bengaluru,27.85,21.83,34.39,0.16,73.06,11.57,1008.4,Clear
2022-08-06,Bengaluru,25.85,18.8,30.98,1.84,58.3,2.51,1009.62,Clear
2022-11-19,Hyderabad,17.22,9.63,23.65,0.36,79.03,12.48,1001.37,Cold
2024-02-28,Bengaluru,20.21,12.42,27.13,0.57,71.71,13.71,1014.02,Clear
2022-06-26,Pune,39.89,31.66,45.7,7.84,56.32,10.01,1008.19,Hot
2023-12-05,Chennai,23.32,17.89,29.63,3.4,67.8,12.99,1010.31,Clear
2023-10-12,Chennai,28.77,24.36,33.0,0.13,59.46,13.52,1015.0,Clear
2023-06-28,Chennai,42.03,36.41,47.18,16.59,42.6,12.9,1007.7,Rainy
2022-02-21,Chennai,32.17,24.39,38.42,0.32,57.8,6.58,1000.22,Clear
2024-02-02,Hyderabad,28.02,20.14,33.81,0.24,65.51,12.85,1015.93,Clear
2023-07-22,Chennai,40.66,34.41,45.62,5.76,67.05,6.7,1008.53,Hot
2022-08-23,Chennai,37.71,29.19,42.78,26.65,91.85,13.25,1013.29,Rainy
2024-04-01,Hyderabad,30.9,23.44,36.8,2.13,55.87,9.45,1013.49,Clear
2022-01-31,Bengaluru,16.56,10.37,23.0,3.95,83.4,5.61,1011.07,Cold
2024-05-16,Hyderabad,36.08,31.62,40.5,1.46,40.64,11.48,1011.55,Hot
2022-11-14,Delhi,15.89,7.02,22.67,4.84,85.61,11.34,1013.1,Cold
2022-11-25,Hyderabad,27.29,20.03,33.9,0.44,56.47,15.13,1006.48,
2023-01-09,Bengaluru,16.37,7.9,20.78,1.24,87.37,9.72,1003.29,Cold
2022-08-12,Hyderabad,29.71,21.94,34.03,10.43,67.17,19.14,1010.77,Rainy
2023-11-04,Pune,23.64,14.86,31.35,1.28,63.62,7.97,1002.74,Clear
2024-11-05,Bengaluru,20.21,14.48,27.27,2.26,68.9,9.17,1018.02,Clear
2022-11-26,Chennai,24.29,16.32,28.52,3.15,64.65,11.47,1014.7,Clear
2022-06-22,Pune,35.4,29.15,43.31,10.82,67.45,10.38,1014.43,Rainy
2023-02-19,Mumbai,25.83,19.26,31.06,3.85,67.95,11.66,1019.54,Clear
2023-02-16,Bengaluru,23.25,14.32,30.52,0.91,78.99,13.88,1012.65,Clear
2023-10-17,Mumbai,27.84,22.36,32.38,2.03,58.18,8.59,1014.38,Clear
2023-04-02,Chennai,33.7,25.55,41.35,0.05,36.18,6.04,1014.18,Clear
2022-02-02,Hyderabad,20.86,14.46,27.27,2.31,75.09,6.87,1011.02,Clear
2024-01-27,Delhi,19.08,10.51,24.49,0.49,77.81,16.09,1017.06,Clear
2024-06-12,Delhi,35.62,27.28,41.66,,82.52,18.05,1010.95,Rainy
2022-12-06,Chennai,22.36,13.88,28.2,1.12,56.1,14.34,1013.85,Clear
2022-08-25,Bengaluru,31.58,25.87,39.01,27.68,89.73,14.56,1007.94,Rainy
2023-08-13,Mumbai,37.96,33.32,44.56,7.43,56.19,14.16,1016.38,Hot
2024-09-21,Hyderabad,28.16,22.23,35.53,30.57,98.0,11.3,1013.68,Rainy
2022-03-18,Delhi,22.88,18.53,29.68,0.55,93.9,10.74,1016.73,Cloudy
2023-10-21,Pune,22.09,14.6,28.26,3.31,78.07,11.03,1013.26,Clear
2024-11-25,Bengaluru,25.26,19.39,29.93,4.72,68.98,11.2,1008.64,Clear
2023-10-17,Hyderabad,25.16,17.1,30.56,3.2,71.15,13.59,1005.38,Clear
2024-11-23,Pune,22.5,13.59,27.62,1.37,57.01,16.71,1003.0,Clear
2023-12-03,Mumbai,27.5,20.01,33.15,1.94,58.07,6.41,1018.01,Clear
2023-04-27,Delhi,34.78,25.91,40.69,2.58,59.35,9.37,1016.07,Clear
2022-09-28,Bengaluru,26.83,22.78,34.3,15.24,80.78,16.17,1019.36,Rainy
2023-06-13,Bengaluru,31.81,27.64,38.72,17.42,71.22,15.62,1009.55,Rainy
2023-11-09,Mumbai,17.67,12.02,23.43,2.0,84.81,13.37,1010.64,Cold
2024-11-03,Hyderabad,18.57,13.2,24.42,1.36,89.06,14.49,1016.07,Cloudy
2022-01-26,Hyderabad,21.52,16.14,25.69,3.31,68.19,13.77,1021.54,Clear
2024-04-09,Chennai,38.06,33.61,45.79,3.89,32.94,10.82,1016.27,Hot
2024-04-02,Pune,32.71,28.5,38.23,0.43,55.99,7.36,1010.6,Clear
2024-06-12,Hyderabad,40.39,32.72,45.16,22.91,80.87,13.05,1022.37,Rainy
2022-03-22,Hyderabad,23.39,19.14,30.92,0.07,71.09,13.84,1018.15,Clear
2022-11-09,Chennai,24.44,19.2,28.94,0.34,66.0,12.05,1015.26,Clear
2022-04-21,Mumbai,34.85,27.77,39.78,2.57,54.41,9.93,1019.05,Clear
2023-02-09,Delhi,22.03,14.19,26.92,0.85,80.65,16.0,1013.48,Cloudy
2022-07-07,Chennai,44.58,35.8,48.65,10.85,50.12,16.18,1018.74,Rainy
2023-01-17,Pune,20.84,15.64,28.51,1.12,67.49,10.17,1013.13,Clear
2022-06-16,Chennai,33.72,26.73,39.53,9.57,62.57,12.12,1013.27,Clear
2022-04-25,Chennai,40.7,34.15,47.66,2.62,45.99,10.75,1008.95,Hot
2024-08-28,Chennai,37.3,28.72,43.89,7.53,42.84,7.2,1009.96,Hot
2022-01-16,Chennai,24.03,17.91,28.63,1.97,56.12,4.69,1004.84,Clear
2024-03-26,Bengaluru,26.97,21.45,33.9,1.48,61.55,12.67,1006.04,Clear
2023-03-14,Pune,31.03,25.23,38.76,1.19,56.11,10.63,1006.23,Clear
2023-08-27,Delhi,32.94,24.04,37.23,16.6,79.77,18.39,1006.66,Rainy
2022-02-11,Delhi,23.24,16.56,30.89,0.98,61.2,15.31,1004.82,Clear
2024-10-28,Pune,20.67,13.54,25.2,0.34,75.35,16.13,1015.72,Clear
2024-07-13,Pune,34.72,29.77,38.98,8.68,54.57,11.2,1005.82,Clear
2022-11-26,Hyderabad,17.06,8.64,22.91,2.1,81.48,6.15,1016.61,Cold
2022-09-23,Delhi,31.44,27.03,37.99,19.77,84.72,15.78,1016.62,Rainy
2023-05-31,Pune,37.1,30.78,41.51,1.61,57.5,4.48,1010.36,Hot
2022-12-24,Delhi,21.63,14.38,28.56,2.86,69.66,13.67,1014.3,Clear
2022-04-18,Mumbai,35.29,30.39,41.56,1.61,55.11,11.15,1017.65,Hot
2022-01-30,Mumbai,22.13,16.25,26.5,2.67,73.04,9.86,1003.06,Clear
2024-01-05,Delhi,13.2,5.53,17.39,2.44,82.8,6.3,1004.77,Cold
2023-12-13,Chennai,21.81,16.09,25.92,2.29,71.85,5.31,1015.54,Clear
2024-01-22,Mumbai,26.45,18.27,30.62,0.07,52.83,14.75,1014.43,Clear
2023-08-08,Mumbai,,25.57,36.35,42.75,98.0,8.78,1013.98,Heavy Rain
2022-05-05,Pune,33.9,26.35,41.32,4.83,61.84,12.8,1018.06,Clear
2022-04-10,Delhi,29.64,21.8,33.87,0.31,63.11,21.7,1009.36,Clear
2023-04-27,Hyderabad,33.17,25.98,41.11,0.29,59.29,12.13,1012.94,Clear
2024-11-10,Bengaluru,17.79,10.41,25.53,0.08,73.09,15.7,1014.33,Cold
2024-11-24,Pune,21.82,16.07,26.91,2.51,74.66,17.14,1011.22,Clear
2023-07-03,Mumbai,39.51,33.57,46.83,12.4,63.01,13.67,1014.79,Rainy
2023-12-15,Hyderabad,17.1,12.73,21.23,1.36,77.58,14.87,1008.55,Cold
2023-02-27,Bengaluru,28.14,20.26,35.62,0.71,56.24,9.18,1007.78,Clear
2023-10-20,Chennai,21.25,13.18,25.98,0.28,84.78,12.91,1012.19,Cloudy
2022-05-01,Delhi,30.91,23.65,37.35,1.35,58.44,15.17,1012.03,Clear
2022-03-16,Bengaluru,27.92,21.77,32.6,0.87,63.77,6.96,1002.23,Clear
2024-10-21,Chennai,26.89,18.13,34.69,0.05,66.29,6.15,1012.22,Clear
2024-09-04,Chennai,28.8,21.77,36.55,10.79,85.58,5.01,1006.94,Rainy
2022-08-27,Hyderabad,34.04,27.65,38.52,2.28,69.01,15.55,1015.62,Clear
2023-04-16,Pune,30.11,21.29,37.35,1.45,54.22,14.03,1016.85,Clear
2023-11-25,Delhi,19.9,15.23,25.19,2.36,75.16,5.43,1011.88,Clear
2024-05-17,Pune,32.93,26.34,39.62,0.64,52.41,6.03,1018.12,Clear
2023-06-18,Hyderabad,41.88,36.09,46.96,4.61,48.04,14.2,1008.37,Hot
2023-11-26,Delhi,20.92,11.92,25.47,0.35,68.0,12.95,1008.93,Clear
2023-04-08,Delhi,34.57,27.89,40.95,0.16,51.81,4.13,1019.95,Clear
2022-08-28,Delhi,30.5,24.9,38.35,8.63,61.39,13.89,1016.73,Clear
2023-07-27,Delhi,35.61,31.07,39.83,17.18,78.54,16.0,1008.45,Rainy
2024-07-11,Pune,33.33,26.78,39.35,9.03,63.34,5.22,1007.77,Clear
2024-07-08,Bengaluru,33.23,25.25,37.23,3.18,52.15,9.87,1010.98,Clear
2022-04-01,Mumbai,33.9,27.08,38.16,0.68,62.39,2.0,1001.61,Clear
2024-02-04,Pune,21.08,13.14,25.19,1.31,85.16,13.21,1009.44,Cloudy
2024-01-08,Bengaluru,18.59,9.88,24.63,0.65,67.8,14.82,1016.31,Clear
2022-01-19,Hyderabad,22.21,16.57,26.93,4.86,84.59,10.76,1003.53,Cloudy
2024-05-02,Chennai,36.57,29.46,41.34,3.23,39.33,9.89,1011.74,Hot
2024-10-25,Hyderabad,23.77,15.18,27.82,0.8,55.88,5.2,1023.5,Clear
2023-09-17,Mumbai,36.32,28.43,41.2,8.98,53.38,9.43,1020.33,Hot
2022-03-11,Mumbai,28.12,23.32,32.87,0.45,57.18,12.19,1007.85,Clear
2024-06-08,Mumbai,45.1,38.82,49.93,0.67,37.21,7.64,1011.29,Hot
2024-01-18,Delhi,19.82,11.68,25.79,1.26,62.31,7.96,1015.52,Clear
2023-09-03,Hyderabad,25.44,17.8,32.72,20.19,98.0,12.96,1010.17,Rainy
2024-08-15,Bengaluru,25.51,17.65,29.76,9.96,76.05,11.53,1011.8,Clear
2024-11-11,Bengaluru,19.6,12.97,24.18,1.1,71.41,12.08,1018.69,Clear
2022-03-24,Chennai,27.59,20.5,34.75,0.09,56.08,14.42,1011.15,Clear
2022-03-13,Chennai,28.77,19.84,35.99,2.14,58.25,13.63,1009.51,Clear
2024-08-05,Mumbai,37.36,29.1,43.79,3.15,52.2,5.1,1010.65,Hot
2024-05-27,Mumbai,41.55,37.41,48.86,3.96,52.26,7.94,1009.36,Hot
2023-11-02,Bengaluru,12.98,6.57,20.35,2.92,89.58,16.43,1002.24,Cold
2023-11-12,Chennai,28.31,22.8,33.47,1.4,53.95,6.27,1019.02,Clear
2022-10-21,Mumbai,25.53,16.74,31.65,1.31,54.77,11.24,1010.21,Clear
2023-09-30,Delhi,24.48,19.35,28.55,1.98,63.55,19.74,1008.86,Clear
2023-03-22,Mumbai,30.26,25.97,34.68,3.74,78.68,16.42,1014.38,Clear
2023-04-19,Pune,36.13,29.54,43.37,5.53,52.25,17.94,1009.65,Hot
2023-12-02,Delhi,22.04,15.59,26.61,0.59,79.22,7.88,1012.0,Clear
2023-10-19,Bengaluru,17.24,9.9,24.75,3.49,79.43,13.57,1016.38,Cold
2024-09-12,Hyderabad,28.91,22.04,33.13,40.15,98.0,12.61,1020.8,Heavy Rain
2022-12-13,Chennai,17.96,9.58,23.99,0.55,81.36,9.49,1018.32,Cold
2023-02-17,Bengaluru,23.73,18.95,28.38,2.99,51.69,11.81,1007.72,Clear
2022-11-28,Hyderabad,22.72,15.55,29.3,1.23,69.81,9.81,1010.86,Clear
2022-10-24,Hyderabad,23.19,15.18,30.41,3.93,86.62,13.66,1006.24,Cloudy
2023-01-03,Mumbai,26.11,20.73,30.73,4.22,61.22,13.49,1010.01,Clear
2024-11-30,Delhi,19.96,15.66,26.47,1.5,64.71,9.6,1004.87,Clear
2023-03-05,Hyderabad,28.08,21.2,35.06,1.45,67.18,7.83,1016.88,Clear
2023-07-25,Pune,36.34,31.01,40.81,22.71,79.8,9.57,1008.42,Rainy
2024-02-26,Bengaluru,22.88,16.17,28.98,0.86,77.52,13.47,1003.7,Clear
2023-07-21,Chennai,37.25,29.3,45.18,12.53,46.73,8.75,1008.99,Rainy
2024-02-27,Pune,29.28,25.19,34.22,0.63,57.18,8.76,1007.3,Clear
2024-06-25,Pune,34.95,28.49,42.63,8.92,63.37,14.11,1015.02,Clear
2023-11-02,Delhi,20.74,15.82,25.97,2.16,79.5,12.7,1019.57,Clear
2022-09-24,Bengaluru,24.54,19.31,29.67,10.86,71.45,7.3,1014.47,Rainy
2023-03-03,Delhi,25.98,18.06,33.98,1.75,71.58,16.81,1020.03,Clear
2023-06-30,Bengaluru,33.01,26.56,39.01,3.36,58.65,5.83,1004.68,Clear
2022-04-01,Pune,28.96,21.41,35.61,0.89,56.9,14.68,1021.35,Clear
2023-01-26,Delhi,22.36,17.3,28.92,2.18,73.46,10.59,1012.31,Clear
2024-03-22,Bengaluru,21.29,14.51,28.92,0.82,68.02,12.43,1010.42,Clear
2022-09-11,Delhi,24.92,18.86,32.26,35.75,98.0,15.7,1011.59,Heavy Rain
2022-07-03,Delhi,30.08,21.82,37.17,2.41,65.37,12.78,1012.32,Clear
2023-09-11,Hyderabad,28.82,21.18,33.31,6.63,73.32,10.85,1009.4,Clear
2024-09-05,Chennai,30.74,25.07,36.24,27.95,90.98,7.27,1006.15,Rainy
2022-06-01,Mumbai,45.21,36.87,51.49,11.15,52.8,13.8,1006.62,Rainy
2024-05-23,Bengaluru,34.68,29.25,41.48,3.65,56.03,9.76,1020.0,Clear
2024-10-30,Mumbai,22.61,15.17,29.78,2.97,67.72,10.8,1019.88,Clear
2022-10-15,Pune,18.99,11.94,25.24,1.68,80.73,11.01,1013.41,Cloudy
2024-07-04,Mumbai,31.47,25.22,37.62,26.03,80.59,6.08,1011.99,Rainy
2022-07-29,Pune,33.67,25.61,38.29,41.98,98.0,13.62,1007.93,Heavy Rain
2022-10-12,Delhi,20.59,12.34,26.78,1.54,73.88,13.25,1015.83,Clear
2024-12-21,Pune,24.69,20.61,29.28,0.45,56.97,17.61,1016.59,Clear
2024-06-26,Chennai,41.48,34.2,46.51,24.33,66.28,12.91,1014.89,Rainy
2023-05-25,Mumbai,34.26,28.81,39.76,3.09,40.11,8.43,1014.57,Clear
2023-04-23,Hyderabad,32.65,26.31,39.98,0.9,49.64,13.4,1014.73,Clear
2022-11-27,Hyderabad,19.8,13.33,27.46,1.76,70.53,9.08,1009.92,Clear
2022-01-20,Bengaluru,22.56,17.25,28.22,1.68,66.31,26.02,1015.26,Clear
2024-05-15,Pune,29.34,20.83,36.96,7.63,80.03,8.69,1005.07,Cloudy
2024-01-19,Mumbai,23.06,18.29,27.8,0.69,82.77,7.67,1012.03,Cloudy
2024-03-01,Pune,27.67,20.63,32.16,1.03,69.72,13.5,1015.25,Clear
2023-10-14,Pune,27.25,20.52,33.17,1.26,59.41,13.33,1014.55,Clear
2023-09-07,Chennai,28.9,21.08,36.65,37.22,98.0,8.38,1003.69,Heavy Rain
2022-08-03,Pune,36.76,27.97,41.81,15.67,72.02,12.53,1012.75,Rainy
2024-01-10,Hyderabad,21.24,13.52,28.15,1.35,,9.82,1004.98,Clear
2024-04-18,Pune,31.58,27.09,36.16,3.38,54.86,5.39,1008.19,Clear
2024-08-14,Hyderabad,33.28,29.02,39.54,4.36,57.5,11.62,1012.22,Clear
2023-12-18,Bengaluru,23.37,14.53,27.64,1.25,78.33,9.6,1004.33,Clear
2024-09-13,Chennai,27.36,20.22,32.5,2.75,56.34,16.36,1015.36,Clear
2023-01-15,Hyderabad,21.59,16.83,28.15,2.61,79.37,11.32,1009.56,Clear
2022-05-28,Delhi,33.29,28.98,39.38,0.54,50.36,7.6,1011.5,Clear
2023-04-17,Mumbai,37.31,30.71,45.3,1.94,43.64,9.67,1006.13,Hot
2022-11-22,Bengaluru,16.77,11.95,22.79,3.69,91.02,12.03,1014.88,Cold
2023-12-31,Delhi,20.71,12.12,28.17,2.67,71.45,8.31,1018.78,Clear
2023-08-22,Pune,31.66,26.61,39.12,24.0,93.17,18.45,1017.99,Rainy
2024-10-10,Bengaluru,21.51,17.2,25.58,5.71,74.88,11.63,1015.72,Clear
2024-01-23,Chennai,25.62,19.44,30.19,1.15,66.06,14.43,1017.78,Clear
2022-03-12,Bengaluru,23.95,18.46,30.53,0.13,52.24,10.9,1010.18,Clear
2024-06-15,Mumbai,36.5,29.25,43.12,14.04,75.36,15.11,1012.15,Rainy
2023-08-24,Hyderabad,30.45,24.0,36.72,8.64,66.87,18.16,1012.41,Clear
2022-05-06,Hyderabad,32.15,25.57,37.66,3.8,61.52,8.02,1005.95,Clear
2022-09-09,Mumbai,33.0,26.77,40.2,6.6,50.15,9.23,1002.82,Clear
2022-04-24,Pune,34.0,26.21,40.12,0.32,58.16,17.09,1012.58,Clear
2022-06-05,Delhi,30.73,22.12,37.51,1.38,54.53,9.37,1007.67,Clear
2022-11-17,Bengaluru,19.49,13.58,23.68,0.43,79.19,14.07,1014.53,Clear
2023-09-26,Pune,22.58,14.37,28.03,23.25,98.0,15.98,1011.79,Rainy
2024-10-08,Delhi,24.7,18.89,29.47,4.2,73.9,15.25,1012.47,Clear
2022-02-02,Pune,26.45,21.96,34.09,0.33,59.47,9.96,1013.44,Clear
2024-08-28,Bengaluru,30.38,22.33,36.89,0.83,65.98,11.93,1003.22,Clear
2023-10-04,Chennai,33.52,24.69,41.02,0.77,57.11,2.0,1002.83,Clear
2023-04-07,Pune,32.22,26.68,38.35,0.59,51.25,7.69,1007.98,Clear
2024-12-03,Pune,19.47,13.13,26.85,2.76,66.6,15.33,1010.31,Clear
2022-02-27,Mumbai,25.25,20.58,29.37,3.18,79.82,15.51,1009.83,Clear
2022-08-15,Pune,28.39,19.48,35.05,31.14,98.0,10.75,1012.29,Rainy
2023-07-13,Bengaluru,38.37,30.61,45.79,14.91,56.45,10.45,1015.4,Rainy
2023-08-27,Pune,31.48,23.59,35.76,2.4,61.38,13.02,1017.97,Clear
2024-12-17,Chennai,15.16,7.31,21.65,0.53,77.8,9.08,1007.97,Cold
2023-02-23,Pune,22.04,17.79,29.55,1.91,80.55,19.34,1003.14,Cloudy
2022-10-20,Mumbai,23.57,14.98,28.73,0.22,69.78,14.48,1006.55,Clear
2022-02-16,Pune,23.53,17.82,29.16,1.07,66.54,12.85,1017.05,Clear
2023-12-05,Delhi,22.73,17.78,27.75,0.06,70.39,16.09,1016.54,Clear
2023-09-18,Pune,24.03,16.8,32.01,10.36,74.89,9.6,1013.97,Rainy
2022-03-16,Pune,22.83,14.27,28.3,1.66,72.8,4.48,1004.15,Clear
2022-03-14,Chennai,31.52,25.85,39.44,1.68,51.02,7.14,1016.65,Clear
2022-09-12,Bengaluru,26.69,18.01,33.19,55.4,98.0,12.31,1014.69,Heavy Rain
2023-10-27,Hyderabad,23.4,17.68,30.9,2.26,77.86,12.19,1014.35,Clear
2022-11-28,Delhi,21.9,14.55,28.94,1.23,73.97,9.56,1011.74,Clear
2024-07-22,Pune,35.92,30.57,43.75,5.24,49.18,10.6,1009.56,Hot
2024-12-22,Mumbai,22.5,14.38,26.67,0.56,61.49,4.08,1011.81,Clear
2024-05-08,Pune,37.02,32.71,44.5,0.67,43.5,11.74,995.35,Hot
2023-05-28,Chennai,42.04,34.81,48.23,2.54,31.93,7.97,1016.89,Hot
2022-03-18,Pune,22.79,15.55,30.6,7.0,78.12,10.91,1002.23,Clear
2022-03-06,Chennai,28.2,23.13,34.51,3.43,72.3,11.68,1005.3,Clear
2024-12-06,Pune,21.06,14.35,26.61,3.51,57.47,9.76,1011.1,Clear
2022-01-21,Bengaluru,15.82,11.23,20.07,0.17,66.81,8.74,1005.87,Cold
2024-09-24,Chennai,28.14,22.55,35.99,7.71,70.17,14.0,1012.61,Clear
2024-08-19,Delhi,31.05,25.34,36.42,15.61,73.55,11.69,1007.29,Rainy
2024-05-27,Bengaluru,36.03,27.59,42.98,1.93,52.41,19.38,1016.15,Hot
2024-08-09,Chennai,34.96,27.05,40.7,20.6,86.61,5.71,1018.36,Rainy
2023-03-20,Bengaluru,21.44,14.33,29.1,0.52,63.21,15.76,1013.1,Clear
2023-10-08,Pune,23.0,15.52,27.9,1.83,61.78,11.71,1007.48,Clear
2023-06-08,Delhi,35.52,29.14,41.06,26.91,92.22,10.18,1019.27,Rainy
2023-09-06,Mumbai,27.45,22.95,32.54,8.06,81.57,7.29,1021.1,Cloudy
2023-02-06,Bengaluru,20.64,12.73,24.79,0.3,71.97,5.05,1014.48,Clear
2022-12-27,Delhi,22.28,14.69,27.08,0.08,67.17,14.99,1015.83,Clear
2022-04-02,Delhi,31.55,27.46,38.07,3.3,72.79,9.62,1012.69,Clear
2022-12-01,Pune,14.85,8.38,22.64,2.89,90.96,5.54,1024.14,Cold
2024-10-13,Bengaluru,22.65,18.01,30.37,3.75,67.04,22.21,1026.65,Clear
2023-04-09,Chennai,37.03,28.09,41.3,0.89,53.21,8.35,1013.66,Hot
2023-05-21,Mumbai,35.38,27.28,40.73,0.31,44.37,4.92,1014.36,Hot
2023-02-20,Mumbai,23.92,18.19,30.61,4.23,69.64,18.6,1017.35,Clear
2024-09-14,Pune,29.07,24.98,36.89,38.31,98.0,6.29,996.44,Heavy Rain
2022-09-30,Mumbai,27.69,19.68,35.41,5.07,66.61,14.53,1004.3,Clear
2024-10-12,Chennai,27.1,20.28,32.53,2.14,67.81,18.33,1009.87,Clear
2023-01-30,Delhi,21.55,12.82,29.54,2.17,62.94,9.84,1008.01,Clear
2023-01-07,Hyderabad,21.1,16.34,27.73,0.07,68.77,15.53,1014.08,Clear
2022-09-19,Delhi,29.03,20.35,35.52,27.71,98.0,15.35,1015.62,Rainy
2022-01-30,Chennai,24.43,18.31,30.68,2.5,70.16,15.85,1015.42,Clear
2024-11-01,Pune,18.91,11.04,24.2,0.67,74.94,6.77,1017.36,Clear
2022-04-17,Mumbai,34.36,26.7,41.59,4.05,64.47,11.72,1003.7,Clear
2022-09-06,Pune,27.23,18.55,31.78,2.05,64.14,9.2,1014.16,Clear
2023-12-09,Pune,23.6,15.44,28.02,1.75,88.05,14.8,1007.44,Cloudy
2023-10-10,Pune,17.48,9.53,21.64,2.6,90.98,7.08,1012.06,Cold
2023-07-02,Pune,34.13,28.71,40.75,48.82,98.0,11.18,1011.55,Heavy Rain
2024-11-14,Hyderabad,22.38,13.59,28.99,1.85,73.42,7.39,1024.86,Clear
2024-08-10,Mumbai,39.03,31.88,44.39,18.89,60.28,5.35,1015.1,Rainy
2023-07-30,Pune,34.78,27.94,40.59,4.93,56.59,10.33,1010.56,Clear
2023-12-04,Chennai,19.76,12.92,27.5,0.7,79.26,15.06,1005.61,Clear
2024-10-26,Bengaluru,18.64,14.39,26.34,0.05,81.78,12.88,1018.68,Cloudy
2023-02-13,Pune,22.58,16.13,29.38,0.59,75.54,2.0,1025.57,Clear
2022-09-06,Delhi,21.1,14.71,27.15,16.15,95.82,12.75,1014.45,Rainy
2022-06-03,Delhi,33.59,28.81,39.73,2.99,45.81,11.76,1005.08,Clear
2024-03-09,Bengaluru,25.19,20.79,31.79,1.4,65.93,10.89,1009.9,Clear
2023-12-14,Hyderabad,14.71,8.56,21.42,0.68,76.56,10.55,1004.29,Cold
2023-10-11,Delhi,21.67,15.38,26.11,0.6,74.2,9.76,1017.13,Clear
2024-10-21,Mumbai,27.48,20.67,32.5,3.45,60.48,14.85,1007.15,Clear
2023-01-23,Delhi,23.68,16.62,30.36,0.9,57.53,16.8,1014.81,Clear
2023-01-14,Hyderabad,17.06,8.79,22.38,0.39,86.62,8.21,1019.36,Cold
2024-09-08,Pune,26.23,21.31,32.93,5.39,64.27,19.19,999.09,Clear
2023-02-21,Mumbai,23.81,15.12,28.54,1.87,64.59,7.89,1000.76,Clear
2022-06-24,Chennai,41.52,36.57,47.12,6.98,40.87,15.9,1017.55,Hot
2024-08-10,Bengaluru,30.44,22.82,37.11,20.14,77.72,15.83,1004.94,Rainy
2023-03-11,Bengaluru,24.68,17.43,32.53,1.8,69.61,15.17,1009.07,Clear
2023-07-19,Mumbai,34.36,29.92,39.57,4.16,56.09,13.72,1016.23,Clear
2023-04-24,Mumbai,34.96,28.1,39.69,1.59,48.04,9.0,1014.61,Clear
2024-11-12,Pune,25.1,19.89,31.21,2.51,64.46,10.43,1017.54,Clear
2023-02-22,Hyderabad,26.73,22.3,32.49,2.17,74.8,14.03,1005.8,Clear
2022-04-18,Pune,29.26,23.16,37.19,2.38,60.62,14.95,1008.81,Clear
2022-05-09,Pune,38.08,30.04,43.13,1.3,46.09,8.7,1016.68,Hot
2022-05-23,Mumbai,35.05,27.47,42.69,1.93,55.09,10.83,1003.75,Hot
2022-05-21,Chennai,41.89,34.81,47.91,7.18,49.98,11.64,1007.68,Hot
2022-05-21,Bengaluru,26.73,18.9,33.73,4.79,73.61,15.73,1010.39,Clear
2022-07-26,Delhi,33.84,27.27,40.81,21.31,86.86,13.97,1013.64,Rainy
2023-04-29,Bengaluru,30.91,22.98,35.02,1.36,52.98,14.41,1011.74,Clear
2022-04-08,Chennai,28.91,20.66,33.33,0.16,60.15,10.89,1003.71,Clear
2023-08-29,Mumbai,32.94,28.23,37.46,4.08,63.01,10.05,1017.37,Clear
2022-04-09,Pune,35.63,27.82,40.68,1.94,50.41,13.13,1011.24,Hot
2024-12-22,Pune,20.0,12.85,25.6,0.85,69.07,7.38,999.15,Clear
2023-10-22,Pune,19.99,11.96,26.6,0.13,69.54,12.61,1014.26,Clear
2024-02-11,Pune,30.44,24.17,36.28,0.64,57.47,6.77,1009.2,Clear
2024-12-31,Pune,20.88,15.24,26.51,1.62,75.96,10.88,1019.49,Clear
2023-05-13,Mumbai,37.0,28.09,42.0,1.62,45.5,5.45,1003.07,Hot
2022-11-06,Chennai,26.46,18.1,30.56,2.26,70.92,21.31,1016.4,Clear
2024-11-26,Hyderabad,23.53,16.25,28.79,0.34,68.22,14.8,1006.16,Clear
2024-03-14,Bengaluru,26.65,19.94,31.69,5.47,69.66,3.81,1011.3,Clear
2024-05-11,Delhi,28.26,20.35,35.24,0.34,69.3,3.92,1013.76,Clear
2024-02-29,Bengaluru,24.63,15.84,29.72,3.06,62.86,14.21,1015.96,Clear
2023-12-31,Pune,17.5,10.44,24.41,2.69,85.48,10.17,1005.22,Cold
2023-12-23,Mumbai,26.33,21.67,31.27,1.09,77.62,14.43,1009.21,Clear
2023-07-11,Pune,36.1,28.44,41.95,16.07,79.11,13.1,1006.02,Rainy
2024-10-22,Mumbai,25.3,17.81,30.85,4.64,81.56,4.69,1001.66,Cloudy
2022-03-19,Chennai,30.99,24.37,38.28,0.46,58.05,10.39,1008.36,Clear
2022-07-19,Pune,29.95,23.14,36.08,21.26,89.11,13.13,1010.28,Rainy
2023-02-05,Pune,29.56,24.01,34.82,0.93,64.15,19.22,1018.63,Clear
2024-08-25,Pune,27.66,19.2,35.32,7.42,65.16,13.87,1021.92,Clear
2023-03-01,Pune,29.02,21.66,34.24,1.8,62.61,14.7,1008.02,Clear
2024-04-14,Delhi,24.89,18.4,31.3,0.43,70.14,13.43,1012.17,Clear
2023-09-12,Chennai,31.42,23.37,38.58,5.07,73.77,6.41,1017.83,Clear
2023-11-01,Chennai,24.85,19.07,31.77,0.21,68.21,5.97,1012.76,Clear
2023-05-30,Delhi,37.42,30.23,43.42,7.66,60.13,15.98,1020.87,Hot
2023-03-05,Chennai,26.82,21.36,31.13,0.79,73.62,10.17,1014.69,Clear
2022-05-26,Bengaluru,31.39,27.26,36.26,2.28,53.04,14.85,1013.54,Clear
2024-07-12,Hyderabad,30.1,24.62,36.35,18.69,77.69,7.2,1017.62,Rainy
2022-07-26,Pune,33.94,29.89,41.82,16.28,75.55,6.72,1013.93,Rainy
2022-04-19,Mumbai,33.76,25.54,39.04,0.16,55.61,12.89,1009.61,Clear
2022-09-13,Pune,25.33,18.23,31.01,8.09,78.56,18.27,1015.0,Clear
2023-02-21,Chennai,28.27,22.12,33.94,1.48,59.92,7.98,1012.03,Clear
2023-09-13,Hyderabad,29.39,21.75,37.05,12.33,81.97,18.32,1012.1,Rainy
2023-12-07,Hyderabad,15.31,6.56,20.75,1.0,80.12,14.22,1006.86,Cold
2023-10-29,Bengaluru,19.95,13.46,24.72,0.65,76.27,15.11,1015.73,Clear
2024-07-20,Mumbai,39.49,33.08,47.46,21.55,78.96,11.0,1010.41,Rainy
2022-12-03,Mumbai,20.52,15.72,24.8,2.21,67.77,14.28,1016.84,Clear
2022-10-24,Chennai,27.21,19.26,31.24,3.6,66.27,9.52,1012.97,Clear
2022-09-12,Delhi,32.24,25.97,38.08,7.24,70.95,8.69,1010.37,Clear
2024-10-02,Delhi,22.5,18.27,30.25,2.18,70.33,11.97,1016.07,Clear
2024-07-26,Mumbai,37.0,28.7,43.46,32.21,81.65,14.62,1010.83,Rainy
2022-07-05,Chennai,40.79,34.45,45.06,5.63,52.24,7.17,1017.9,Hot
2023-04-30,Pune,34.45,27.9,39.52,1.2,57.7,7.86,1011.07,Clear
2023-10-12,Bengaluru,25.91,19.0,31.51,0.64,61.77,6.08,1009.25,Clear
2023-01-23,Mumbai,23.74,15.18,29.78,0.59,67.79,3.66,1020.62,Clear
2024-10-31,Hyderabad,28.18,23.6,35.77,4.49,72.35,12.02,1016.2,Clear
2023-08-15,Bengaluru,31.92,25.54,39.37,11.57,59.09,9.86,1004.15,Rainy
2024-07-22,Delhi,35.04,27.41,40.03,5.0,63.24,19.71,1014.54,Hot
2022-02-23,Delhi,19.79,15.24,26.38,1.11,76.22,10.33,1015.23,Clear
2024-04-14,Chennai,40.87,35.55,45.82,0.23,42.24,10.7,1014.8,Hot
2023-12-26,Mumbai,22.31,18.21,27.62,1.52,74.51,11.0,1008.85,Clear
2024-02-05,Mumbai,25.69,21.64,31.45,2.36,53.37,14.2,1023.76,Clear
2022-10-14,Mumbai,25.94,17.12,32.02,0.97,72.41,9.11,1012.6,Clear
2022-06-22,Chennai,40.6,31.77,47.03,2.27,42.93,11.72,1009.38,Hot
2024-05-17,Bengaluru,34.07,26.53,39.63,0.23,58.59,18.32,1013.14,Clear
2022-11-04,Mumbai,26.23,20.82,31.93,2.52,49.03,7.65,1006.57,Clear
2023-05-01,Bengaluru,34.7,26.85,40.54,0.53,61.54,7.58,1010.27,Clear
2022-03-15,Bengaluru,20.44,14.91,24.81,0.88,68.54,13.6,1008.98,Clear
2024-01-12,Hyderabad,18.45,13.92,26.07,5.67,93.11,13.72,1013.56,Cloudy
2023-03-06,Chennai,35.92,29.42,43.34,0.64,58.26,14.24,1013.1,Hot
2022-05-25,Hyderabad,33.47,24.76,38.85,4.65,68.48,2.0,1009.79,Clear
2023-05-10,Chennai,39.01,34.6,45.73,4.21,59.56,9.89,1018.93,Hot
2023-10-04,Delhi,23.2,16.11,28.72,3.44,81.83,18.69,1010.87,Cloudy
2023-11-22,Pune,20.65,15.51,25.66,0.43,76.33,15.04,1017.06,Clear
2023-06-23,Pune,31.79,25.41,39.26,11.7,75.96,19.69,1014.05,Rainy
2022-10-20,Delhi,21.14,16.93,25.96,2.66,75.7,10.99,1016.44,Clear
2022-06-26,Chennai,42.97,37.13,50.73,5.3,40.23,2.55,1012.71,Hot
2022-04-21,Chennai,33.62,28.79,40.71,1.08,55.48,7.11,1020.34,Clear
2022-07-04,Mumbai,34.54,29.85,40.68,4.79,57.66,16.79,1011.21,Clear
2022-03-13,Mumbai,28.4,21.06,36.12,6.75,81.36,9.35,1014.85,Cloudy
2023-02-08,Bengaluru,17.57,8.6,24.51,0.42,76.48,17.17,1010.1,Cold
2023-12-13,Mumbai,21.49,15.3,26.41,3.19,69.82,10.91,1018.17,Clear
2023-02-26,Mumbai,28.34,21.59,32.54,3.83,63.85,9.17,1008.44,Clear
2024-10-17,Mumbai,22.84,15.87,30.33,1.13,66.37,9.44,1013.59,Clear
2023-02-08,Hyderabad,25.54,20.83,32.87,0.54,54.04,6.94,1011.62,Clear
2024-03-08,Pune,29.33,24.02,35.3,0.08,54.1,20.57,1010.72,Clear
2023-09-03,Delhi,30.67,21.88,38.6,4.81,62.06,11.24,1011.53,Clear
2024-01-08,Mumbai,21.94,16.94,28.34,6.92,88.43,3.02,1019.91,Cloudy
2022-10-18,Bengaluru,18.79,12.68,25.6,0.51,64.67,7.13,1015.72,Clear
2022-06-14,Pune,35.38,27.93,41.64,3.84,52.21,8.62,1011.13,Hot
2022-08-02,Delhi,35.8,29.09,41.16,36.61,98.0,16.13,1010.76,Heavy Rain
2022-02-14,Hyderabad,24.85,17.11,31.45,1.27,75.37,12.44,1012.35,Clear
2024-02-18,Delhi,26.57,22.52,31.71,0.77,60.88,11.38,1003.99,Clear
2022-12-30,Chennai,25.19,19.06,31.61,2.35,68.41,11.06,1009.56,Clear
2023-10-06,Chennai,25.93,17.75,31.63,3.0,66.53,4.89,1007.49,Clear
2024-04-14,Chennai,40.87,35.55,45.82,0.23,42.24,10.7,1014.8,Hot
2024-04-08,Chennai,37.67,33.11,45.63,0.76,43.84,20.72,1005.91,Hot
2023-10-07,Pune,24.69,20.59,31.83,3.65,76.46,10.87,1012.54,Clear
2022-04-25,Pune,29.66,22.29,33.69,0.97,62.89,7.28,1011.85,Clear
2022-09-21,Hyderabad,27.63,23.4,32.19,4.49,84.07,14.67,1005.44,Cloudy
2024-12-31,Mumbai,20.0,11.9,25.75,1.8,71.39,17.06,1013.31,
2022-04-04,Bengaluru,28.55,20.05,35.35,1.76,53.14,7.72,1009.36,Clear
2023-03-11,Chennai,35.05,30.47,39.2,0.4,47.53,14.52,1010.15,Hot
2022-12-09,Delhi,12.54,7.27,17.51,1.74,85.92,11.9,1015.37,Cold
2023-06-19,Pune,39.31,31.54,43.91,4.26,34.48,10.95,1017.89,Hot
2022-10-03,Bengaluru,17.47,8.54,23.38,0.98,78.29,5.95,1008.06,Cold
2022-05-24,Hyderabad,36.74,28.35,41.02,0.71,65.43,13.96,1017.13,Hot
2022-01-15,Hyderabad,23.42,17.71,30.0,0.23,77.14,20.43,1016.4,Clear
2023-06-01,Pune,35.88,26.91,42.05,18.1,75.59,14.06,1009.41,Rainy
2024-09-05,Mumbai,26.83,19.34,33.65,21.34,94.15,6.45,1010.85,Rainy
2023-05-12,Delhi,36.07,28.7,43.38,1.81,37.64,14.43,1011.09,Hot
2022-10-13,Hyderabad,26.76,21.28,34.62,1.49,56.01,8.72,1014.41,Clear
2023-07-16,Bengaluru,31.58,22.93,36.32,6.89,55.87,10.0,1010.06,Clear
2022-05-15,Chennai,40.64,35.51,48.33,0.45,44.05,11.03,1015.52,Hot
2023-05-03,Mumbai,34.85,26.36,42.23,0.13,42.32,8.04,1011.82,Clear
2024-01-14,Pune,19.22,13.6,23.25,0.27,80.37,10.74,1000.9,Cloudy
2022-11-21,Chennai,22.73,17.05,29.38,2.87,73.45,11.34,1017.11,Clear
2022-12-11,Mumbai,19.31,11.85,24.14,0.81,73.82,12.71,998.58,Clear
2023-04-20,Delhi,31.63,25.56,38.35,2.21,60.75,9.59,1014.77,Clear
2024-04-05,Chennai,35.86,27.09,43.65,5.54,52.84,9.57,1010.93,Hot
2024-06-30,Mumbai,38.03,29.79,42.11,3.28,55.16,10.32,1016.88,Hot
2024-11-07,Mumbai,25.49,20.5,31.46,3.61,87.88,5.1,1015.47,Cloudy
2022-02-17,Mumbai,26.93,20.81,34.56,4.64,66.94,11.98,1008.59,Clear
2023-11-23,Delhi,20.16,16.1,26.61,1.62,68.23,17.8,1011.11,Clear
2022-08-20,Chennai,33.23,25.74,41.01,10.04,65.6,2.0,1014.83,Rainy
2022-09-12,Pune,26.94,22.06,32.43,23.06,98.0,10.83,1013.92,Rainy
2023-03-20,Mumbai,32.46,24.09,38.46,2.64,67.85,20.34,1006.93,Clear
2023-10-16,Delhi,21.17,13.95,26.47,3.71,81.37,14.04,1014.39,Cloudy
2024-11-27,Mumbai,20.82,16.68,28.46,0.67,67.44,13.87,1018.55,Clear
2022-12-22,Pune,19.81,13.01,24.8,0.28,71.26,11.25,1010.86,Clear
2023-05-13,Bengaluru,36.39,30.22,42.08,3.39,66.44,12.12,1011.38,Hot
2024-04-22,Delhi,28.66,21.15,36.26,2.16,53.23,8.59,1010.73,
2023-09-10,Bengaluru,27.33,18.68,34.09,7.67,76.69,4.01,1012.97,Clear
2023-03-13,Delhi,23.83,18.58,28.69,0.8,80.84,10.95,1016.65,Cloudy
2022-12-29,Bengaluru,15.54,10.36,22.55,1.91,75.73,17.16,1022.54,Cold
2024-06-05,Chennai,42.81,35.06,50.0,11.69,66.4,11.48,1011.53,Rainy
2022-09-04,Bengaluru,27.2,20.15,33.89,31.52,98.0,12.78,1011.67,Rainy
2024-10-15,Pune,26.97,20.22,34.44,0.67,60.88,11.23,1016.82,Clear
2024-05-15,Chennai,35.72,28.16,40.02,3.49,58.14,12.14,1011.6,Hot
2024-11-21,Mumbai,21.26,14.51,27.23,9.96,81.41,13.31,1009.09,Cloudy
2024-04-28,Mumbai,38.64,31.55,44.46,1.29,53.31,10.45,1018.53,Hot
2023-10-17,Delhi,21.59,14.66,28.87,1.63,75.23,6.77,1020.53,Clear
2024-12-02,Delhi,19.79,15.4,26.71,4.55,79.56,8.33,1017.48,Clear
2022-04-17,Delhi,33.12,25.58,37.3,1.68,55.23,13.13,1012.24,Clear
2024-01-14,Bengaluru,12.23,7.35,18.26,0.53,75.34,14.75,1014.99,Cold
2022-07-18,Pune,34.84,26.98,42.43,25.05,92.55,17.69,1012.84,Rainy
2024-12-25,Chennai,21.02,12.3,26.47,1.36,65.69,11.64,1018.07,Clear
2023-12-02,Chennai,25.25,17.55,31.03,2.34,67.23,15.36,999.78,Clear
2022-02-19,Bengaluru,23.52,15.91,30.42,1.51,69.92,7.39,1007.6,Clear
2023-11-14,Chennai,23.39,19.18,28.71,0.83,78.21,11.19,1009.66,Clear
2022-11-18,Hyderabad,11.32,5.15,16.37,0.18,87.92,13.8,1003.59,Cold
2022-11-14,Hyderabad,26.02,19.85,30.24,1.34,54.59,14.96,1010.05,Clear
2022-09-16,Chennai,26.92,20.3,32.84,1.06,54.08,11.8,1007.87,Clear
2022-01-17,Pune,27.7,20.6,33.88,2.96,72.58,15.13,1013.87,Clear
2022-09-30,Bengaluru,28.59,19.83,34.67,0.95,66.17,12.26,1009.71,Clear
2024-02-16,Mumbai,22.3,18.05,27.38,0.56,74.64,12.21,1019.99,Clear
2024-01-29,Chennai,20.42,12.5,26.52,0.2,61.71,6.11,1015.53,Clear
2022-07-03,Mumbai,38.55,30.71,42.6,19.96,71.87,11.94,1016.32,Rainy
2024-07-14,Hyderabad,33.4,26.1,41.11,7.96,46.99,9.66,1019.26,Clear
2022-08-28,Pune,29.92,21.35,36.22,3.53,59.5,11.96,1012.32,Clear
2022-03-21,Hyderabad,31.41,25.14,35.49,0.51,52.9,10.76,1011.33,Clear
2022-08-15,Delhi,33.84,25.74,41.39,18.8,76.73,17.59,1001.61,Rainy
2023-02-22,Pune,22.96,17.94,27.91,0.7,59.55,17.89,1010.35,Clear
2024-10-22,Bengaluru,15.9,10.28,22.43,1.64,92.21,14.51,1005.98,Cold
2024-01-05,Mumbai,25.55,21.32,31.82,0.69,67.91,11.32,1020.18,Clear
2023-04-30,Delhi,28.8,20.91,36.65,0.53,52.36,15.44,1013.06,Clear
2022-10-29,Hyderabad,22.5,15.54,27.93,1.29,70.72,18.3,1015.38,Clear
2022-03-14,Pune,23.78,18.94,27.87,0.08,74.7,14.27,1015.22,Clear
2023-02-20,Bengaluru,24.59,16.41,30.8,1.8,68.27,19.9,1013.52,Clear
2023-11-04,Bengaluru,21.16,14.97,27.93,1.78,78.2,9.79,1008.91,Clear
2024-02-26,Pune,21.41,12.55,28.28,0.64,69.36,12.65,1002.74,Clear
2022-08-10,Hyderabad,33.12,25.89,37.48,16.35,83.43,5.68,1010.29,Rainy
2023-06-08,Hyderabad,32.54,28.16,37.12,1.17,58.4,10.76,1013.99,Clear
2022-11-27,Delhi,16.19,8.77,23.41,0.33,82.27,13.31,1014.55,Cold
2022-05-05,Chennai,41.13,36.93,47.01,0.23,43.93,18.9,1011.68,Hot
2023-03-29,Chennai,27.37,20.53,31.82,4.86,81.37,11.38,1018.74,Cloudy
2023-05-01,Mumbai,34.46,26.82,40.76,1.33,42.57,19.59,1007.26,Clear
2023-11-09,Pune,26.82,18.32,32.9,0.52,63.13,12.46,1005.44,Clear
2023-03-29,Mumbai,28.37,21.46,33.98,0.45,58.08,14.02,1008.36,Clear
2022-04-30,Bengaluru,32.55,24.81,39.88,0.6,58.66,13.92,1011.87,Clear
2022-04-06,Mumbai,31.19,22.71,35.24,5.65,55.5,8.73,1018.58,Clear
2022-05-02,Bengaluru,33.03,26.53,38.04,0.51,62.04,11.34,1009.83,Clear
2023-10-23,Hyderabad,21.14,16.06,26.32,2.76,79.92,4.98,1014.17,Clear
2022-09-14,Bengaluru,26.17,18.19,32.43,7.92,77.95,14.64,1009.53,Clear
2022-01-31,Mumbai,24.14,17.19,28.27,0.41,64.55,9.14,1015.4,Clear
2023-07-24,Pune,34.47,27.26,38.71,27.54,90.92,15.09,1010.91,Rainy
2024-02-29,Mumbai,24.55,19.27,30.47,2.57,67.93,6.4,1004.4,Clear
2024-09-26,Chennai,29.66,24.92,35.91,15.62,83.26,10.95,1020.64,Rainy
2022-08-07,Hyderabad,33.86,29.53,38.63,9.98,73.09,16.24,1012.72,Clear
2024-09-06,Bengaluru,22.59,18.14,27.83,17.51,90.77,10.46,1015.42,Rainy
2024-02-16,Pune,22.0,15.04,29.87,1.87,75.47,15.15,1008.28,Clear
2022-07-22,Chennai,38.91,31.57,44.45,2.84,59.75,11.95,1011.81,Hot
2023-12-23,Pune,21.52,15.85,28.84,4.82,83.71,20.42,1015.82,Cloudy
2023-03-20,Pune,34.22,30.01,41.1,2.0,63.19,11.5,1006.19,Clear
2022-01-14,Pune,17.68,13.63,22.62,0.48,68.83,13.51,1024.3,Cold
2022-04-11,Mumbai,35.53,26.96,41.21,1.91,35.48,14.07,1008.37,Hot
2022-04-14,Hyderabad,32.07,27.45,36.4,3.05,57.34,15.87,1012.75,Clear
2022-07-16,Chennai,32.94,25.58,40.1,25.41,82.76,9.79,1012.95,Rainy
2023-06-22,Bengaluru,29.67,23.76,34.65,36.87,98.0,11.96,1015.53,Heavy Rain
2022-12-14,Pune,19.63,14.92,26.28,3.09,80.72,20.64,1007.19,Cloudy
2022-02-12,Chennai,26.69,20.82,34.64,0.46,53.37,8.92,1010.83,Clear
2022-01-30,Bengaluru,14.41,9.84,21.94,0.28,77.62,16.85,1003.49,Cold
2023-03-17,Hyderabad,28.78,23.43,35.92,1.52,58.69,17.95,1016.11,Clear
2024-05-07,Hyderabad,37.69,30.01,42.76,0.36,51.44,16.22,1016.1,Hot
2024-12-19,Mumbai,22.27,16.62,29.71,0.07,71.72,17.34,1008.51,Clear
2024-02-29,Delhi,23.5,19.36,31.35,2.75,59.06,10.37,1011.45,Clear
2024-05-11,Mumbai,38.02,30.8,43.52,0.56,44.68,14.19,1013.14,Hot
2024-08-15,Hyderabad,32.32,24.55,36.88,4.23,62.51,16.64,1004.13,Clear
2024-06-22,Mumbai,34.81,28.24,42.02,34.04,95.69,11.11,1006.78,Rainy
2024-12-01,Delhi,14.68,8.55,21.78,1.9,88.65,7.21,1004.5,Cold
2022-04-20,Mumbai,37.77,33.44,43.03,0.41,41.91,16.17,1016.34,Hot
2022-10-09,Chennai,26.45,21.69,31.8,5.68,66.41,10.79,1015.02,Clear
2024-10-25,Delhi,18.94,12.32,25.06,0.31,79.58,14.76,1017.45,Clear
2024-04-20,Chennai,36.29,29.94,41.32,0.69,48.7,6.11,1014.96,Hot
2024-05-19,Pune,38.67,32.35,44.42,0.26,45.04,16.74,1000.7,Hot
2022-03-24,Bengaluru,,14.14,27.19,0.24,69.55,14.68,1003.44,Clear
2022-11-10,Delhi,27.85,19.7,32.78,3.93,62.96,10.44,1011.6,Clear
2024-09-30,Chennai,33.56,27.0,38.05,6.45,58.56,10.31,1008.76,Clear
2024-01-16,Chennai,27.22,19.34,34.47,0.35,52.29,12.07,1009.17,Clear
2024-02-22,Mumbai,25.67,17.62,31.82,1.35,68.21,14.66,1015.36,Clear
2024-08-25,Chennai,36.45,27.61,41.62,8.64,67.1,12.77,1015.33,Hot
2024-07-16,Mumbai,37.76,29.26,42.41,41.56,98.0,13.15,1006.18,Heavy Rain
2024-05-03,Chennai,34.66,28.1,39.29,1.19,50.44,11.41,1008.65,Clear
2022-07-11,Bengaluru,33.89,26.83,39.74,28.34,98.0,14.65,1012.45,Rainy
2024-04-13,Delhi,32.91,24.79,39.11,2.28,58.21,7.5,1016.43,Clear
2024-02-15,Bengaluru,29.71,23.91,35.97,0.81,57.79,18.25,1009.27,Clear
2024-12-30,Chennai,24.09,17.75,31.92,2.99,66.4,6.36,1012.5,Clear
2022-06-25,Bengaluru,32.14,24.35,39.16,6.72,57.8,5.43,1010.56,Clear
2024-03-27,Chennai,27.25,21.8,31.39,3.42,67.39,7.44,1009.81,Clear
2024-12-31,Bengaluru,17.52,9.03,21.89,3.5,83.66,13.37,1016.07,Cold
2024-12-30,Mumbai,19.71,11.19,25.45,2.75,76.89,22.72,1009.88,Clear
2022-01-26,Pune,19.29,11.99,26.94,0.19,70.79,13.5,1014.79,Clear
2024-10-24,Bengaluru,24.93,16.79,32.88,0.69,66.82,15.97,1016.43,Clear
2023-04-07,Bengaluru,30.56,25.59,37.33,0.53,62.01,11.74,1009.97,Clear
2023-06-30,Chennai,37.0,31.9,41.24,3.79,48.94,11.31,1013.49,Hot
2024-12-27,Bengaluru,13.81,9.61,19.02,0.47,70.24,9.95,1014.55,Cold
2024-03-20,Mumbai,28.46,21.02,34.52,0.62,53.56,15.28,1016.09,Clear
2022-12-23,Hyderabad,20.61,13.91,28.44,0.9,72.39,7.21,1000.41,Clear
2024-02-06,Pune,26.08,21.29,33.21,0.42,68.03,13.86,1014.84,Clear
2024-06-25,Chennai,35.49,28.66,41.53,37.52,98.0,13.67,1016.23,Heavy Rain
2023-07-13,Pune,37.66,32.22,42.66,10.26,64.82,13.89,1010.08,Rainy
2024-10-09,Hyderabad,23.2,18.54,27.73,0.04,57.69,22.16,1013.65,Clear
2024-12-26,Bengaluru,14.4,9.85,22.21,0.32,74.06,10.07,1004.44,Cold
2024-10-18,Chennai,28.95,24.89,36.13,0.33,68.29,7.58,1009.59,Clear
2022-08-23,Hyderabad,30.74,26.28,38.66,3.2,60.48,14.58,1002.23,Clear
2024-10-27,Hyderabad,26.64,19.3,33.39,2.37,68.38,13.09,1004.03,Clear
2024-09-16,Delhi,29.36,22.21,34.25,23.65,91.68,13.35,1006.57,Rainy
2023-10-20,Hyderabad,26.89,20.8,32.08,2.53,67.49,9.26,1014.66,Clear
2024-01-05,Chennai,23.59,15.37,29.72,0.43,61.53,10.12,1017.31,Clear
2024-12-05,Bengaluru,15.59,7.0,21.86,0.12,74.8,15.15,1014.78,Cold
2024-07-17,Pune,29.54,23.77,33.66,8.85,71.56,21.42,1015.8,Clear
2024-08-05,Delhi,29.04,24.02,34.47,9.49,80.62,17.18,1015.69,Cloudy
2024-02-10,Hyderabad,24.15,15.85,30.31,0.31,80.51,20.2,1007.51,Cloudy
2024-07-10,Bengaluru,35.76,27.53,41.05,47.79,98.0,11.71,1011.6,Heavy Rain
2022-03-19,Bengaluru,23.06,17.03,28.38,1.64,73.07,10.7,1012.38,Clear
2024-09-10,Bengaluru,23.27,14.45,31.21,12.83,85.22,2.0,1003.27,Rainy
2024-10-31,Bengaluru,19.79,14.18,24.81,1.23,65.94,11.39,1019.41,Clear
2024-08-16,Delhi,31.75,25.64,38.24,20.84,85.67,16.99,1012.11,Rainy
2024-08-01,Bengaluru,32.36,27.24,37.7,34.9,95.23,11.21,1003.67,Rainy
2024-08-21,Bengaluru,25.77,21.64,30.66,19.0,90.83,14.06,1010.66,Rainy
2022-08-31,Chennai,27.74,21.87,35.59,35.47,98.0,14.37,1016.23,Heavy Rain
2024-10-11,Pune,26.38,18.39,31.37,0.42,60.01,16.48,1013.78,Clear
2024-10-08,Pune,21.91,14.38,29.4,1.54,82.32,8.36,1018.96,
2022-03-29,Mumbai,29.22,22.96,33.78,1.29,51.38,11.08,1015.48,Clear
2024-04-15,Chennai,37.38,31.04,43.64,0.05,50.62,15.77,1020.92,Hot
2022-04-19,Pune,34.43,28.17,41.4,1.13,47.8,9.54,1019.62,Clear
2023-12-09,Chennai,22.14,15.15,29.6,6.18,68.48,18.67,1019.46,Clear
2022-04-29,Delhi,25.45,17.58,32.87,0.91,62.54,12.68,1008.97,Clear
2024-03-03,Chennai,31.72,25.06,38.08,0.42,55.69,13.53,1009.16,Clear
2023-11-23,Hyderabad,24.2,17.25,30.99,1.96,85.86,13.06,1017.14,Cloudy
2023-11-13,Delhi,20.33,11.45,28.31,2.14,76.59,7.46,1010.45,Clear
2022-07-13,Hyderabad,32.54,26.57,38.48,30.02,98.0,6.83,1018.24,
2024-12-24,Chennai,20.89,11.92,25.78,1.63,72.3,9.88,1008.83,Clear
2023-06-03,Mumbai,37.98,33.36,43.21,9.82,64.91,8.77,1017.02,Hot
2023-11-06,Pune,19.24,13.96,25.79,1.45,75.83,15.41,1018.24,Clear
2024-04-09,Mumbai,37.16,30.96,41.43,4.14,51.96,11.91,1018.39,Hot
2024-04-12,Hyderabad,32.38,24.83,37.8,3.03,60.11,19.0,1011.81,Clear
2024-08-06,Bengaluru,24.29,19.82,28.8,10.62,77.48,9.03,1010.51,Rainy
2023-03-15,Mumbai,32.13,27.45,36.5,0.5,57.07,15.53,1015.61,Clear
2023-09-20,Mumbai,34.41,26.99,39.26,6.42,55.94,5.58,1005.64,Clear
2022-12-06,Mumbai,22.53,17.56,29.96,1.56,72.2,20.23,1006.35,Clear
2022-11-20,Bengaluru,21.38,13.44,25.5,1.29,69.86,7.19,1011.94,Clear
2023-10-11,Pune,25.58,16.65,30.79,0.1,57.84,4.44,1008.07,Clear
2024-07-14,Mumbai,37.0,30.48,41.6,6.58,48.15,13.8,1008.46,Hot
2023-01-04,Bengaluru,13.51,8.73,19.43,0.59,65.59,11.79,1013.72,Cold
2022-10-23,Mumbai,27.11,21.9,34.96,1.37,66.21,20.1,1005.18,Clear
2024-11-18,Mumbai,22.09,15.73,28.8,1.87,75.96,6.94,1016.84,Clear
2024-10-22,Hyderabad,24.03,17.56,32.0,3.15,74.94,16.49,1008.39,Clear
2023-02-17,Hyderabad,28.09,23.58,33.93,1.51,67.86,10.03,1022.6,Clear
2022-03-19,Pune,27.07,19.57,34.37,2.37,62.82,17.38,1008.04,Clear
2023-05-04,Delhi,28.57,24.54,33.44,1.01,55.86,15.73,1009.63,Clear
2023-10-14,Bengaluru,24.47,17.43,31.91,0.28,66.93,9.55,1008.12,Clear
2024-07-02,Delhi,32.45,25.18,38.68,24.74,98.0,13.82,1007.26,Rainy
2023-04-11,Pune,32.29,25.24,39.18,4.91,68.27,12.72,1011.75,Clear
2023-05-02,Bengaluru,28.28,21.28,33.72,0.45,66.62,12.1,1013.35,Clear
2023-10-30,Delhi,22.86,15.61,27.27,1.98,78.06,14.85,1014.12,Clear
2024-02-08,Pune,21.56,15.34,25.74,4.07,71.38,8.56,1019.08,Clear
2022-03-22,Delhi,22.86,18.42,29.73,1.0,70.87,14.44,1013.61,Clear
2024-08-02,Mumbai,30.62,23.65,35.27,3.17,57.61,16.19,1020.01,Clear
2024-12-13,Hyderabad,22.51,14.48,26.88,3.1,,7.87,1006.04,Clear
2024-12-17,Hyderabad,21.49,17.17,28.02,0.76,70.07,11.61,1012.27,Clear
2023-08-30,Delhi,24.07,15.63,30.6,18.97,98.0,10.39,1012.33,Rainy
2022-01-13,Mumbai,25.09,20.54,30.0,4.01,68.84,12.02,1010.83,Clear
2022-01-22,Pune,23.44,17.27,31.15,2.06,77.65,13.55,1007.15,Clear
2023-02-12,Hyderabad,27.38,22.73,34.12,2.16,55.25,12.69,1021.27,Clear
2022-08-05,Chennai,32.84,27.83,38.54,3.72,68.22,12.59,1010.84,Clear
2022-03-24,Hyderabad,29.1,22.75,36.26,1.02,60.85,9.62,1019.84,Clear
2023-10-05,Mumbai,24.84,20.67,30.14,7.2,88.88,14.03,1011.71,Cloudy
2022-01-24,Delhi,17.06,12.68,23.62,0.81,83.14,14.28,1018.07,Cold
2023-06-23,Hyderabad,41.23,32.55,48.04,14.81,65.66,11.11,1011.48,Rainy
2024-10-25,Pune,20.59,14.25,27.36,0.97,64.2,11.9,1018.88,Clear
2022-02-23,Hyderabad,21.71,16.98,26.51,0.62,73.35,13.93,1013.14,Clear
2022-08-12,Pune,35.67,29.92,40.52,4.09,52.12,11.05,1013.34,Hot
2023-09-18,Hyderabad,32.44,26.46,38.69,22.47,91.55,13.66,1011.61,Rainy
2024-05-27,Pune,30.37,22.5,36.8,5.24,63.26,14.96,1014.57,Clear
2023-07-06,Chennai,36.97,28.6,44.49,3.43,57.32,13.17,1005.45,Hot
2024-09-11,Pune,25.65,19.24,32.42,13.74,73.41,16.41,1011.22,Rainy
2023-02-16,Delhi,25.28,20.27,30.71,1.98,66.64,11.01,1006.0,Clear
2022-05-01,Hyderabad,32.62,28.38,37.11,1.35,61.76,8.28,1013.96,Clear
2023-03-18,Hyderabad,26.08,19.18,31.32,2.48,69.61,6.84,1013.69,Clear
2023-03-07,Delhi,23.78,15.59,28.23,1.3,72.13,12.09,1005.52,Clear
2024-12-08,Hyderabad,19.6,11.57,27.03,0.55,74.42,4.23,1008.64,Clear
2023-10-16,Mumbai,22.27,17.28,27.54,1.65,69.37,11.05,1014.92,Clear
2023-03-06,Mumbai,30.63,25.62,38.37,3.07,64.97,8.19,1008.62,Clear
2024-12-13,Pune,19.92,13.01,25.6,0.86,64.35,11.17,1009.32,Clear
2022-01-08,Delhi,20.99,12.52,25.22,1.52,78.92,16.34,1012.03,Clear
2024-03-28,Bengaluru,26.03,20.56,30.25,2.3,50.93,2.46,1020.05,Clear
2023-04-17,Hyderabad,33.41,26.41,37.75,0.6,52.53,15.62,1017.65,Clear
2023-07-29,Bengaluru,29.13,24.47,36.78,11.15,72.32,7.07,1018.8,Rainy
2024-07-18,Hyderabad,31.39,22.95,37.62,31.96,98.0,12.58,1017.05,Rainy
2024-04-27,Hyderabad,38.0,30.5,44.56,1.81,51.44,19.07,1015.96,Hot
2024-09-07,Chennai,28.67,21.42,34.52,23.18,92.5,6.05,1005.64,Rainy
2024-11-25,Pune,16.43,7.51,21.64,0.74,78.0,12.01,1007.71,Cold
2023-05-11,Delhi,37.52,29.33,42.56,3.24,42.83,9.03,1006.83,Hot
2024-04-18,Mumbai,35.49,30.64,42.77,2.14,62.33,9.72,1010.21,Hot
2024-12-23,Mumbai,24.46,17.34,31.78,0.37,52.84,14.66,1011.02,Clear
2022-07-10,Hyderabad,,25.2,39.63,13.59,62.22,9.98,1016.24,Rainy
2024-10-20,Pune,25.11,19.9,30.42,0.26,56.84,2.73,1015.11,Clear
2023-02-15,Hyderabad,26.04,20.77,31.47,3.42,72.18,11.37,1006.59,Clear
2024-07-08,Chennai,39.43,33.6,46.22,10.41,66.49,11.54,1008.57,Rainy
2024-05-19,Hyderabad,27.64,23.02,31.71,1.01,67.1,8.81,1017.05,Clear
2022-06-28,Hyderabad,39.51,35.41,47.31,15.58,64.78,10.92,1005.48,Rainy
2024-05-06,Mumbai,38.22,29.7,42.55,0.97,37.27,9.94,1011.37,Hot
2022-12-23,Delhi,17.5,11.94,23.54,1.39,82.87,10.48,1012.84,Cold
2022-08-25,Chennai,35.03,28.71,42.79,10.03,69.47,13.01,1005.17,Rainy
2022-12-19,Pune,21.32,15.46,28.88,0.74,71.92,16.89,1009.16,Clear
2022-03-07,Bengaluru,25.67,20.08,30.97,0.89,56.13,17.4,1017.87,Clear
2023-10-26,Chennai,28.25,20.03,32.59,1.01,51.57,7.67,1005.51,Clear
2023-10-26,Delhi,25.06,20.29,31.56,2.26,80.85,14.71,1009.1,Cloudy
2023-01-20,Delhi,20.72,14.65,27.4,0.75,61.73,7.16,1007.86,Clear
2024-02-03,Delhi,24.3,16.62,30.58,3.75,77.37,14.5,1007.03,Clear
2023-12-27,Delhi,24.27,16.68,29.21,2.11,71.29,9.98,999.05,Clear
2024-12-07,Chennai,20.66,15.03,27.8,2.84,83.24,14.72,1018.58,Cloudy
2023-10-12,Pune,22.88,14.45,28.09,0.56,60.25,19.71,1008.71,Clear
2023-11-25,Mumbai,21.41,14.53,26.03,4.3,69.84,6.79,1002.73,Clear
2024-03-14,Delhi,27.94,21.71,32.81,0.46,55.0,11.93,1012.56,Clear
2024-10-26,Delhi,23.76,17.74,28.19,1.29,73.6,8.29,1010.07,Clear
2024-11-22,Delhi,19.6,12.1,26.15,3.38,84.33,20.51,1020.07,Cloudy
2022-07-08,Mumbai,37.12,29.43,43.17,9.72,62.03,10.54,1012.92,Hot
2022-10-15,Mumbai,30.64,21.76,35.14,,59.37,12.41,1019.75,Clear
2023-10-05,Pune,20.19,12.71,27.0,0.38,83.98,9.31,1009.6,Cloudy
2024-04-02,Bengaluru,28.61,22.97,35.18,0.43,65.54,16.04,1015.99,Clear
2024-07-11,Hyderabad,33.1,25.25,38.37,14.29,74.5,7.09,1003.2,Rainy
2024-04-05,Bengaluru,31.2,25.82,37.74,0.47,66.82,14.74,1023.5,Clear
2022-06-19,Mumbai,38.7,30.3,45.3,2.5,39.99,7.07,1015.47,Hot
2024-07-29,Hyderabad,40.25,35.29,47.29,11.48,64.86,9.01,998.73,Rainy
2023-03-10,Hyderabad,28.98,20.27,33.21,0.35,63.39,12.26,1008.62,Clear
2022-10-07,Delhi,21.55,14.25,28.07,0.06,60.26,12.29,1020.55,Clear
2024-08-09,Hyderabad,31.54,27.15,35.64,10.59,76.28,12.69,1010.28,Rainy
2022-03-30,Chennai,32.02,25.7,39.84,0.06,55.19,8.46,1010.28,Clear
2023-08-12,Pune,31.73,26.87,36.74,8.97,56.66,10.11,1006.65,Clear
2023-05-06,Pune,37.54,32.24,42.91,0.94,58.58,14.86,1017.73,Hot
2024-09-18,Bengaluru,27.58,20.12,34.66,18.67,84.45,16.88,1004.13,Rainy
2022-08-31,Pune,32.73,26.76,37.45,8.62,53.9,15.09,1007.64,Clear
2022-11-22,Delhi,15.27,9.43,21.96,2.72,76.53,20.83,1003.57,Cold
2023-09-29,Pune,25.88,19.25,31.94,9.33,80.14,7.31,1018.52,Cloudy
2024-03-25,Hyderabad,29.79,22.26,35.9,0.93,72.73,13.09,1014.16,Clear
2024-07-04,Delhi,36.24,31.04,42.78,12.07,55.46,4.07,1016.77,Rainy
2023-01-19,Delhi,20.3,11.92,24.3,1.72,73.62,11.59,1020.28,Clear
2024-10-20,Hyderabad,26.98,21.76,31.88,1.1,59.13,2.0,1013.73,Clear
2024-11-27,Bengaluru,16.39,10.22,23.56,3.2,82.33,15.94,1025.2,Cold
2022-10-29,Bengaluru,25.7,18.83,30.9,0.56,72.04,7.21,1014.34,Clear
2022-11-21,Bengaluru,15.4,8.7,23.18,4.7,72.79,16.66,1006.03,Cold
2022-07-30,Mumbai,37.29,32.95,41.52,4.88,47.63,11.09,1013.84,Hot
2024-10-04,Pune,26.08,18.81,32.56,1.0,60.23,9.05,1009.3,Clear
2024-01-04,Delhi,19.48,12.64,24.76,0.83,69.61,10.25,1014.51,Clear
2024-07-24,Chennai,38.65,32.52,45.06,3.77,46.44,6.02,1011.31,Hot
2023-10-28,Hyderabad,23.73,14.81,30.99,1.49,66.77,6.37,1005.81,Clear
2024-12-05,Chennai,21.53,12.84,29.49,0.83,74.94,12.58,1009.7,Clear
2022-03-15,Mumbai,30.8,24.4,36.93,1.1,55.1,16.03,1009.12,Clear
2022-04-16,Bengaluru,23.91,16.38,31.72,4.71,79.51,11.39,1017.75,Clear
2024-05-21,Delhi,30.67,23.27,36.86,5.83,57.16,14.29,1000.97,Clear
2024-12-23,Pune,23.08,16.06,29.86,1.29,75.94,13.88,1006.93,Clear
2022-06-01,Hyderabad,33.47,28.01,40.43,15.42,71.99,5.91,1007.6,Rainy
2023-04-14,Pune,34.96,28.73,42.06,1.71,64.38,11.67,1015.91,Clear
2022-11-19,Chennai,23.99,15.29,29.84,3.94,76.71,6.53,1011.87,Clear
2024-09-20,Delhi,31.3,23.2,35.41,14.54,72.27,11.66,1015.01,Rainy
2024-11-07,Bengaluru,22.13,17.9,30.08,2.39,66.74,10.2,1005.32,Clear
2024-06-11,Chennai,38.73,32.15,46.19,13.9,73.01,15.82,1015.98,Rainy
2023-12-11,Bengaluru,24.4,16.9,30.37,1.97,65.61,15.44,1010.74,Clear
2023-10-31,Chennai,24.65,20.37,29.93,1.2,73.64,6.31,1014.57,Clear
2024-02-20,Pune,23.11,18.17,30.46,2.37,72.33,7.41,1009.94,Clear
2023-02-22,Delhi,27.38,20.45,32.09,4.18,61.89,4.57,1015.28,Clear
2022-05-16,Pune,37.1,28.54,43.96,1.12,41.47,5.88,1019.69,Hot
2024-04-21,Bengaluru,31.32,26.19,38.24,1.05,68.79,9.27,1018.61,Clear
2023-11-27,Delhi,18.65,10.11,23.37,1.44,73.15,8.18,1010.82,Clear
2023-01-05,Pune,16.99,8.17,24.31,5.38,83.28,4.79,1012.49,Cold
2022-06-12,Pune,38.43,30.53,44.34,9.81,59.35,6.85,1014.24,Hot
2023-12-31,Delhi,20.71,12.12,28.17,2.67,71.45,8.31,1018.78,Clear
2024-08-31,Chennai,31.87,23.08,38.91,24.81,84.68,5.87,1000.63,Rainy
2023-09-15,Pune,28.67,24.57,35.55,29.94,98.0,7.05,1013.96,Rainy
2024-05-05,Pune,39.88,34.77,45.45,2.91,37.01,6.22,1015.88,Hot
2022-10-11,Pune,24.94,18.2,28.96,0.64,60.79,7.79,1002.74,Clear
2023-10-15,Chennai,27.26,20.48,33.71,2.99,65.0,12.79,1009.52,Clear
2023-10-18,Delhi,26.47,19.45,33.07,0.39,65.69,11.37,1012.19,Clear
2022-04-24,Mumbai,38.65,33.56,46.45,0.34,43.88,8.7,1023.55,Hot
2024-03-12,Chennai,33.04,24.93,38.63,3.02,65.64,9.96,1006.07,Clear
2023-02-07,Delhi,28.09,20.02,34.11,0.77,60.75,12.67,1008.23,Clear
2022-12-09,Pune,17.87,12.4,21.96,0.78,66.52,11.53,1017.16,Cold
2023-03-09,Hyderabad,27.5,19.43,32.02,2.19,56.53,17.02,1011.56,Clear
2023-03-16,Hyderabad,30.2,25.68,35.66,2.8,56.41,12.25,1010.04,Clear
2022-12-08,Chennai,20.37,11.62,24.86,6.5,81.87,11.73,1010.62,Cloudy
2022-10-15,Bengaluru,19.73,11.25,25.95,0.09,80.81,13.95,1007.32,Cloudy
2022-04-18,Delhi,32.43,26.14,37.76,0.25,59.05,16.32,1001.2,Clear
2023-05-23,Mumbai,33.75,28.15,38.41,0.83,55.14,12.72,1018.52,Clear
2023-07-05,Hyderabad,34.81,29.31,41.27,10.41,53.9,9.26,1006.32,Rainy
2022-01-24,Chennai,24.06,17.88,30.25,1.05,59.52,9.77,1010.01,Clear
2022-01-06,Delhi,20.94,15.05,25.29,3.64,71.51,17.19,1014.36,Clear
2023-08-29,Hyderabad,36.59,31.89,43.3,5.67,49.4,16.74,1005.72,Hot
2024-12-31,Hyderabad,15.92,10.73,20.8,4.21,88.22,10.14,1010.91,Cold
2023-01-17,Hyderabad,21.21,16.85,27.76,1.26,65.75,6.39,1014.63,Clear
2022-12-16,Hyderabad,24.09,18.34,30.66,0.21,53.78,12.18,1005.15,Clear
2023-06-02,Bengaluru,33.5,25.75,39.37,36.11,98.0,15.01,1007.33,Heavy Rain
2022-10-07,Bengaluru,18.56,11.06,25.33,0.34,82.94,14.1,1011.22,Cloudy
2024-06-20,Bengaluru,35.35,28.71,40.84,11.84,59.75,14.99,1002.01,Rainy
2022-09-10,Mumbai,33.51,26.51,40.34,4.83,69.85,7.58,1010.93,Clear
2022-11-24,Pune,18.7,10.26,24.25,2.63,75.44,13.79,1014.29,Clear
2023-09-27,Bengaluru,28.05,23.23,33.11,8.67,71.24,9.52,1008.53,Clear
2022-12-17,Mumbai,20.09,14.23,24.37,0.25,85.06,10.87,1018.45,Cloudy
2024-12-26,Chennai,24.61,20.45,31.06,0.98,76.2,10.69,1008.39,Clear
2022-03-09,Bengaluru,25.13,17.24,32.62,1.68,50.24,12.68,1012.06,Clear
2023-01-14,Chennai,25.7,20.78,31.76,0.86,67.49,13.4,1010.36,Clear
2024-12-19,Delhi,16.97,9.57,24.48,1.66,81.26,15.39,1012.88,Cold
2023-04-03,Mumbai,36.05,28.68,41.97,1.48,46.53,15.38,1011.13,Hot
2022-05-07,Hyderabad,37.62,29.43,42.55,1.45,47.98,10.02,1017.17,Hot
2023-04-25,Mumbai,28.5,21.56,34.2,0.53,61.95,12.29,1005.53,Clear
2022-01-19,Pune,26.81,21.15,31.17,0.4,81.78,17.79,1015.42,Cloudy
2024-03-09,Mumbai,30.41,25.58,34.6,1.34,63.81,9.89,1013.28,Clear
2022-09-09,Hyderabad,29.74,22.96,35.25,5.71,67.09,9.49,1015.65,Clear
2022-10-26,Mumbai,25.06,21.02,30.49,1.3,71.26,6.92,1008.52,Clear
2022-03-01,Bengaluru,18.68,10.65,25.57,0.21,87.58,16.15,1013.24,Cloudy
2023-01-08,Hyderabad,21.57,15.94,27.69,3.29,77.88,5.1,1017.0,Clear
2022-01-27,Mumbai,21.53,14.75,29.28,2.39,86.13,12.23,1006.29,Cloudy
2023-06-14,Bengaluru,38.12,29.86,43.89,13.2,79.5,9.6,1018.32,Rainy
2023-10-06,Hyderabad,22.47,18.01,29.94,5.5,83.45,6.85,1012.82,Cloudy
2023-11-27,Pune,18.88,11.25,24.59,1.07,75.1,5.97,1016.96,Clear
2023-09-23,Hyderabad,27.23,18.42,32.57,7.43,61.57,7.07,1015.12,Clear
2022-09-07,Hyderabad,28.73,23.68,33.22,5.2,67.52,7.0,1011.09,Clear
2023-08-14,Hyderabad,29.03,22.84,35.57,21.76,88.1,15.62,1014.63,Rainy
2022-04-22,Delhi,30.91,24.31,38.85,0.18,57.09,14.64,1010.86,Clear
2022-07-11,Pune,34.0,25.55,40.2,7.36,63.88,10.48,1016.29,Clear
2022-07-05,Pune,35.15,29.51,42.84,8.19,76.13,8.24,1007.27,Hot
2024-08-17,Delhi,33.81,26.51,41.8,16.21,71.41,13.3,1017.69,Rainy
2022-08-18,Mumbai,31.29,23.91,36.59,14.85,75.03,14.1,1009.45,Rainy
2024-09-29,Delhi,24.13,19.55,28.33,7.17,74.14,2.12,1014.88,Clear
2023-09-22,Delhi,27.02,22.75,34.06,26.25,98.0,6.83,1009.93,Rainy
2022-06-22,Hyderabad,37.54,29.19,42.65,27.47,80.86,14.36,1008.53,Rainy
2023-07-07,Chennai,39.73,32.21,46.81,3.14,53.35,7.35,1011.52,Hot
2022-09-13,Chennai,32.53,27.73,38.95,6.16,58.66,8.5,1010.53,Clear
2023-03-06,Bengaluru,21.76,16.97,28.53,2.25,79.42,11.7,1003.44,Clear
2024-02-20,Chennai,24.21,19.49,29.15,4.17,91.49,6.18,1016.63,Cloudy
2023-08-01,Chennai,42.38,38.25,46.66,5.08,37.44,9.45,1009.1,Hot
2024-07-23,Bengaluru,31.56,25.93,37.21,17.41,89.67,15.28,1008.12,Rainy
2022-07-04,Chennai,39.33,34.36,46.87,6.29,57.1,17.24,1008.35,Hot
2024-03-06,Hyderabad,32.94,28.29,38.04,1.46,44.21,4.86,1013.97,Clear
2022-06-03,Hyderabad,37.64,28.67,43.54,22.63,88.22,7.91,1010.92,Rainy
2023-08-26,Hyderabad,29.59,24.68,33.71,1.27,57.25,13.69,1017.87,Clear
2023-07-17,Chennai,37.24,31.75,45.12,16.87,78.36,14.96,1007.59,Rainy
2022-02-07,Delhi,23.9,18.63,28.07,1.22,67.83,14.99,1005.86,Clear
2024-05-14,Bengaluru,29.64,25.41,35.77,0.32,67.99,8.91,1007.61,Clear
2024-11-10,Hyderabad,19.14,13.45,26.22,1.2,60.96,14.33,1009.18,Clear
2022-01-02,Hyderabad,19.69,12.83,25.73,0.68,78.34,12.3,1008.91,Clear
2023-06-03,Pune,36.64,28.72,41.36,17.34,81.65,13.08,1018.05,Rainy
2022-12-28,Bengaluru,12.43,6.81,18.66,0.15,79.39,16.44,1006.64,Cold
2023-08-31,Mumbai,34.76,25.81,39.42,24.56,95.59,14.97,1008.81,Rainy
2022-04-24,Chennai,37.16,29.57,43.83,0.77,40.09,15.48,1015.98,Hot
2024-12-29,Mumbai,19.93,13.85,25.34,2.74,77.99,7.86,1014.18,Clear
2024-08-07,Hyderabad,36.04,29.53,42.58,8.12,58.11,15.79,1001.07,Hot
2024-10-04,Chennai,31.91,23.3,39.79,8.81,60.57,21.63,1020.29,Clear
2024-01-02,Bengaluru,17.35,11.34,25.04,0.83,73.96,11.57,1009.48,Cold
2022-07-23,Mumbai,40.0,34.65,47.3,17.88,77.13,9.4,1016.74,Rainy
2023-05-02,Delhi,30.23,25.53,36.72,1.69,45.61,8.6,1009.84,Clear
2022-06-05,Bengaluru,35.0,28.35,40.41,13.93,62.84,15.79,1012.79,Rainy
2024-04-17,Mumbai,38.0,33.11,42.32,3.08,54.73,10.21,1013.86,Hot
2024-03-24,Bengaluru,20.42,11.81,28.09,0.51,65.48,11.33,1015.48,Clear
2022-05-15,Pune,34.73,26.14,39.29,0.08,53.26,3.44,1011.02,Clear
2023-09-02,Hyderabad,23.96,19.75,30.88,33.82,98.0,9.32,1017.73,Rainy
2023-05-29,Pune,34.77,28.76,41.95,0.16,51.14,15.56,1024.73,Clear
2024-04-13,Bengaluru,33.37,26.3,39.49,0.72,46.57,4.51,1004.57,Clear
2022-11-30,Bengaluru,18.57,13.3,24.52,1.02,68.75,11.55,1005.95,Clear
2024-06-21,Delhi,37.85,33.17,42.06,10.97,54.92,8.15,1013.91,Rainy
2023-08-14,Bengaluru,29.32,21.6,37.05,10.6,65.87,7.45,1003.36,Rainy
2023-06-02,Chennai,39.3,30.59,45.88,11.29,55.16,16.96,1005.26,Rainy
2023-05-07,Delhi,30.67,22.32,36.5,2.8,64.66,,1013.14,Clear
2024-04-06,Delhi,28.71,22.66,33.43,8.73,64.3,11.11,1014.17,Clear
2023-05-02,Hyderabad,35.52,31.51,39.84,7.67,63.62,16.4,1019.76,Hot
2023-10-20,Mumbai,20.93,13.07,28.15,0.28,61.88,6.2,1013.9,Clear
2024-03-01,Mumbai,31.35,24.28,36.69,3.27,42.9,13.25,1022.46,Clear
2022-02-14,Bengaluru,20.35,15.28,24.39,1.03,60.39,12.92,1006.71,Clear
2023-08-11,Bengaluru,32.5,24.73,37.31,16.06,72.19,15.4,1002.21,Rainy
2022-09-21,Pune,22.92,15.63,30.59,6.41,73.44,8.7,1013.13,Clear
2023-03-20,Hyderabad,33.35,26.83,37.79,0.74,52.24,13.13,1016.46,Clear
2023-08-01,Hyderabad,35.47,27.2,39.58,30.34,80.98,15.08,1011.46,Rainy
2022-04-17,Hyderabad,33.06,26.95,38.21,1.6,50.87,6.44,1013.01,Clear
2023-09-04,Hyderabad,28.28,22.52,34.39,24.12,95.39,12.29,1014.65,Rainy
2022-10-02,Chennai,30.22,22.66,35.94,0.09,59.75,13.37,1021.68,Clear
2024-03-10,Delhi,28.46,21.78,33.08,0.26,60.02,13.04,1010.51,Clear
2023-08-19,Delhi,37.12,30.24,41.44,27.27,70.01,7.03,1009.37,Rainy
2024-06-04,Hyderabad,45.31,37.97,50.8,16.54,55.56,12.07,1018.72,Rainy
2024-12-15,Bengaluru,19.43,13.41,26.1,3.15,68.74,8.09,1015.29,Clear
2023-11-23,Chennai,24.4,16.86,30.68,0.34,69.76,9.8,1018.21,Clear
2023-11-16,Pune,25.1,20.06,31.21,1.43,67.22,7.8,1012.79,Clear
2022-04-03,Delhi,34.16,26.88,41.74,7.12,64.76,14.6,1011.81,Clear
2024-03-14,Mumbai,35.24,30.87,40.01,2.13,58.11,8.01,1014.59,Hot
2024-05-07,Mumbai,38.25,33.25,44.23,4.0,51.11,18.27,1007.15,Hot
2023-01-13,Hyderabad,18.01,9.12,25.33,1.41,68.94,9.63,1006.97,Clear
2024-06-20,Chennai,40.22,33.57,46.63,6.38,46.93,5.8,1007.89,Hot
2022-09-12,Hyderabad,32.3,27.66,40.18,16.21,75.58,11.82,1001.27,Rainy
2022-08-08,Mumbai,36.65,29.96,42.64,10.98,71.26,14.02,1018.55,Rainy
2022-07-12,Pune,39.5,32.95,45.24,2.94,51.15,5.23,1015.98,Hot
2023-08-06,Mumbai,31.18,24.66,36.47,7.3,58.98,11.57,1008.99,Clear
2022-02-13,Mumbai,26.29,19.13,32.08,2.32,74.98,7.21,1015.85,Clear
2022-05-19,Pune,32.16,23.86,40.15,3.84,63.75,15.87,1002.57,Clear
2022-05-07,Delhi,29.36,21.27,33.58,2.19,73.37,10.25,1012.49,Clear
2024-06-28,Chennai,39.8,32.3,44.85,24.28,77.29,12.07,1007.28,Rainy
2024-03-07,Pune,20.35,16.13,28.18,1.92,81.63,8.31,1004.57,Cloudy
2022-10-15,Chennai,26.63,19.97,31.71,0.01,65.72,13.38,1012.5,Clear
2022-04-29,Bengaluru,28.18,22.88,32.55,0.23,69.58,7.82,1008.98,Clear
2022-09-02,Chennai,29.2,20.64,35.71,9.26,75.79,14.76,1013.46,Clear
2024-12-07,Mumbai,19.48,15.01,26.49,1.81,80.06,11.88,1018.65,Cloudy
2023-12-20,Mumbai,23.84,15.15,31.06,1.9,78.51,12.79,1007.85,Clear
2023-02-14,Pune,28.51,21.92,32.54,1.77,58.27,12.3,1003.15,Clear
2023-11-02,Mumbai,21.1,16.91,27.97,1.23,61.29,12.22,1008.47,Clear
2023-01-28,Chennai,25.19,20.49,31.67,2.33,58.56,4.95,1010.57,Clear
2022-03-14,Hyderabad,21.19,17.13,25.77,2.89,88.89,9.03,1005.9,Cloudy
2024-06-16,Mumbai,35.31,30.15,40.03,9.04,64.98,7.0,1013.05,Hot
2022-09-23,Hyderabad,29.34,20.69,35.23,33.25,91.03,13.07,1015.26,Rainy
2024-06-01,Hyderabad,34.34,30.34,38.45,25.12,83.59,8.14,1010.46,Rainy
2022-09-22,Bengaluru,26.8,19.64,34.37,4.07,63.73,9.4,1013.58,Clear
2024-05-25,Hyderabad,33.13,28.58,37.2,3.36,57.1,21.4,1008.94,Clear
2023-01-22,Delhi,21.07,16.77,27.75,2.41,67.54,9.58,1015.24,Clear
2023-09-07,Hyderabad,28.9,21.48,33.32,11.83,84.85,17.67,1014.18,Rainy
2024-12-13,Chennai,17.31,12.81,23.89,3.03,88.35,7.83,1007.54,Cold
2022-04-15,Bengaluru,25.61,19.46,31.84,3.82,66.62,13.26,1017.93,Clear
2023-09-27,Hyderabad,30.2,21.59,37.47,9.08,68.99,10.46,1012.15,Clear
2024-02-18,Pune,26.64,18.72,31.09,1.82,62.26,17.71,1015.17,Clear
2023-11-05,Pune,19.32,13.45,25.8,2.74,83.79,12.67,1019.3,Cloudy
2023-02-02,Hyderabad,24.27,19.26,32.02,3.15,81.5,11.72,1014.88,Cloudy
2023-02-02,Delhi,22.22,14.6,27.07,0.36,84.64,4.84,1013.3,Cloudy
2024-06-06,Pune,39.17,30.33,45.01,7.55,57.18,19.23,1011.36,Hot
2023-06-04,Bengaluru,34.97,26.69,39.98,12.37,76.5,13.76,1007.22,Rainy
2023-05-09,Hyderabad,37.97,31.55,43.83,,49.57,5.07,1009.42,Hot
2023-03-18,Delhi,27.36,19.5,34.16,1.93,58.08,15.73,1012.86,Clear
2024-01-02,Mumbai,19.69,11.14,26.15,2.5,75.75,13.28,1004.97,Clear
2023-02-04,Hyderabad,30.63,25.48,37.77,1.19,68.17,15.25,1007.94,Clear
2024-01-13,Chennai,28.24,20.2,35.77,2.28,73.51,8.55,1007.06,Clear
2023-07-21,Delhi,31.62,23.17,38.07,12.37,81.03,17.23,1011.25,Rainy
2022-06-09,Pune,35.91,30.82,40.59,25.65,82.99,13.32,1007.95,Rainy
2024-10-05,Pune,22.94,16.47,27.19,0.37,74.1,15.58,1013.86,Clear
2024-05-05,Delhi,29.89,25.08,34.36,5.12,55.91,10.24,1005.33,Clear
2024-08-30,Delhi,32.23,26.92,37.82,10.18,64.11,9.21,1015.81,Rainy
2024-06-17,Mumbai,35.81,30.26,40.93,16.49,68.59,15.1,1012.9,Rainy
2023-03-05,Mumbai,28.77,22.43,35.25,2.57,50.35,8.86,1017.72,Clear
2022-06-05,Hyderabad,39.75,35.4,45.06,17.24,64.58,16.07,1011.98,Rainy
2022-09-24,Delhi,27.7,21.24,34.42,10.27,80.18,5.85,1011.98,Rainy
2024-02-08,Hyderabad,22.32,14.74,30.27,1.05,70.01,16.86,1013.34,Clear
2023-05-03,Chennai,34.6,26.71,39.61,0.1,55.32,7.93,1007.1,Clear
2022-05-07,Pune,39.06,32.81,44.76,2.5,47.76,15.33,1014.99,Hot
2023-01-14,Bengaluru,20.67,16.1,25.14,0.17,66.02,10.64,1010.62,Clear
2024-05-31,Chennai,31.84,23.91,37.01,0.37,52.04,10.97,1009.04,Clear
2024-06-23,Chennai,37.78,32.92,44.76,3.43,45.39,9.16,1007.04,Hot
2023-08-03,Delhi,29.66,24.05,35.81,9.33,62.51,10.05,1010.16,Clear
2022-01-01,Pune,18.72,10.32,26.27,0.75,83.39,5.5,1018.4,Cloudy
2024-09-03,Pune,25.21,18.76,32.21,5.44,73.07,18.16,1014.19,Clear
2023-04-20,Chennai,33.49,27.09,38.49,0.71,65.56,12.64,1012.03,Clear
2024-12-04,Delhi,12.67,5.82,18.7,1.49,87.14,8.58,1011.76,Cold
2024-09-08,Chennai,29.08,24.48,33.34,2.42,53.58,11.28,1009.51,Clear
2023-11-24,Pune,24.08,19.74,29.53,3.99,69.41,14.85,1011.11,Clear
2023-01-20,Hyderabad,17.28,12.17,22.12,1.07,80.06,10.73,1009.9,Cold
2024-10-12,Hyderabad,29.82,23.31,37.73,1.21,54.14,6.04,1007.39,Clear
2023-07-04,Delhi,35.57,30.41,41.51,12.55,71.8,15.12,1014.89,Rainy
2022-07-12,Mumbai,38.71,31.43,43.22,17.46,69.15,7.82,1002.17,Rainy
2023-08-21,Bengaluru,30.0,23.64,37.6,13.32,66.72,23.7,1010.42,Rainy
2022-01-31,Pune,22.4,14.27,29.78,1.57,75.63,11.32,1018.76,Clear
2022-06-06,Delhi,32.72,25.43,37.19,32.04,91.7,9.92,1012.94,Rainy
2022-07-19,Bengaluru,40.34,35.28,46.99,26.39,72.42,16.14,1018.18,Rainy
2022-07-30,Chennai,38.64,31.81,44.56,19.08,72.36,8.69,1014.2,Rainy
2022-11-01,Mumbai,20.38,11.9,28.16,0.19,82.09,10.38,1010.2,Cloudy
2022-08-03,Delhi,29.48,24.8,35.35,10.53,65.63,7.01,1013.03,Rainy
2022-07-16,Pune,32.85,28.48,37.15,11.06,59.97,3.61,1011.08,Rainy
2022-03-12,Mumbai,30.81,26.25,36.4,1.23,59.79,13.09,1008.38,Clear
2024-07-30,Chennai,43.41,39.17,49.06,44.69,98.0,19.57,1012.4,Heavy Rain
2022-04-09,Bengaluru,31.95,26.54,36.4,0.1,61.93,4.75,1020.13,Clear
2024-09-30,Bengaluru,23.37,16.43,30.03,26.26,96.95,16.68,1008.09,Rainy
2024-04-11,Mumbai,32.87,27.89,37.09,3.31,49.32,6.52,1012.44,Clear
2022-04-25,Bengaluru,30.68,23.49,36.8,2.06,59.3,7.74,1013.32,Clear
2022-12-27,Pune,17.93,11.05,23.24,0.63,75.51,6.65,1011.94,Cold
2023-09-26,Bengaluru,23.55,16.97,28.57,12.98,90.33,17.9,1008.13,Rainy
2022-08-27,Mumbai,31.94,25.76,39.03,21.64,88.67,18.45,1018.57,Rainy
2022-04-03,Mumbai,30.67,26.54,35.29,5.6,64.28,12.12,1008.48,Clear
2022-06-04,Delhi,38.68,34.44,46.14,1.1,44.15,10.76,1016.51,Hot
2024-04-26,Delhi,31.85,27.35,39.25,1.33,66.76,13.66,1011.58,Clear
2023-03-27,Delhi,27.13,21.58,33.14,0.81,65.41,5.79,1007.92,Clear
2022-07-03,Hyderabad,37.96,31.31,43.97,9.31,50.63,13.65,1016.55,Hot
2022-04-25,Delhi,26.85,20.52,34.39,6.33,65.82,10.22,1008.51,Clear
2023-12-25,Delhi,18.61,10.19,23.2,1.99,68.99,5.9,1020.9,Clear
2024-04-20,Bengaluru,30.95,21.96,37.0,1.6,60.13,11.74,1011.01,Clear
2024-09-28,Mumbai,26.54,20.3,33.05,8.98,73.59,9.24,1004.99,Clear
2024-04-28,Chennai,41.8,34.0,48.99,4.3,53.12,8.32,1006.65,Hot
2022-08-29,Delhi,24.01,15.79,28.25,19.23,98.0,7.92,1015.94,Rainy
2022-09-20,Bengaluru,25.95,21.45,31.71,29.12,98.0,11.26,1016.14,Rainy
2023-03-13,Pune,32.59,26.86,38.4,1.95,58.27,9.94,1012.13,Clear
2023-07-23,Bengaluru,38.13,30.58,43.16,19.09,71.8,8.39,1013.04,Rainy
2023-02-16,Mumbai,25.12,16.73,31.35,1.32,55.76,12.9,1015.46,Clear
2022-09-02,Delhi,29.03,20.07,35.14,10.71,71.48,13.72,1016.0,Rainy
2024-05-05,Chennai,40.22,31.74,44.79,0.83,43.59,9.54,1011.05,Hot
2024-10-22,Delhi,25.35,17.8,33.1,1.22,68.1,14.92,1007.27,Clear
2023-12-10,Delhi,16.27,12.18,24.04,0.11,84.0,11.23,1024.95,Cold
2023-07-24,Chennai,37.87,33.73,43.13,3.31,53.03,21.49,1010.29,Hot
2023-06-19,Chennai,38.69,33.76,46.23,6.34,50.48,12.52,1019.27,Hot
2023-09-22,Hyderabad,29.46,21.85,35.33,21.13,98.0,15.18,1011.12,Rainy
2023-09-17,Bengaluru,21.87,14.83,27.24,21.38,98.0,12.32,1005.59,Rainy
2023-09-26,Mumbai,34.78,28.35,39.38,11.84,69.04,11.53,1006.58,Rainy
2023-05-14,Mumbai,35.06,26.96,41.66,2.3,41.76,10.86,1012.42,Hot
2023-11-08,Bengaluru,20.63,12.66,26.01,1.45,57.48,8.97,1006.5,Clear
2023-12-22,Mumbai,26.09,18.39,31.79,0.92,72.25,9.13,1011.44,Clear
2022-12-09,Bengaluru,13.5,4.51,17.8,0.47,85.45,10.63,1011.07,Cold
2024-01-28,Mumbai,25.43,18.84,31.28,0.66,76.54,14.25,1020.86,Clear
2022-05-08,Hyderabad,35.66,30.04,43.4,3.39,42.92,6.91,1005.34,Hot
2023-12-30,Chennai,20.68,14.58,27.86,0.45,72.88,16.17,1009.19,Clear
2024-02-27,Bengaluru,22.29,14.82,29.98,0.81,73.49,22.78,1015.18,Clear
2024-01-22,Bengaluru,21.32,15.58,26.0,4.07,72.44,15.23,1010.66,Clear
2024-03-27,Delhi,24.46,15.5,29.04,1.11,61.13,7.85,1006.59,Clear
2023-08-20,Mumbai,37.8,32.17,43.2,14.48,72.74,17.59,1019.79,Rainy
2022-09-05,Delhi,25.65,19.6,29.95,20.31,98.0,15.27,1014.45,Rainy
2024-12-04,Mumbai,19.87,15.06,25.35,0.55,70.69,16.53,1019.99,Clear
2024-04-26,Pune,32.05,25.89,37.6,0.72,46.63,9.39,1023.59,Clear
2023-07-06,Pune,35.73,30.9,42.04,41.87,98.0,6.79,1009.74,Heavy Rain
2022-06-19,Chennai,41.55,33.59,46.37,4.35,46.57,13.38,1003.68,Hot
2023-08-28,Pune,33.04,24.31,38.17,21.66,79.16,18.35,999.7,Rainy
2024-06-17,Hyderabad,35.02,28.82,40.48,4.0,59.62,21.35,1013.51,Hot
2023-08-16,Bengaluru,28.74,19.91,33.96,5.27,69.97,13.55,1012.17,Clear
2022-03-28,Mumbai,26.96,20.28,34.64,0.09,71.08,8.73,1004.49,Clear
2023-01-12,Bengaluru,21.66,15.28,27.01,3.17,66.58,15.27,1012.8,Clear
2024-07-18,Bengaluru,32.8,28.32,37.88,4.39,55.3,17.76,1013.22,Clear
2024-10-26,Mumbai,24.28,19.42,28.29,3.57,76.68,3.94,1013.67,Clear
2023-04-16,Delhi,34.06,25.46,39.7,1.39,53.14,8.27,1012.44,Clear
2022-01-10,Bengaluru,22.71,17.6,30.16,1.66,68.23,12.82,1008.22,Clear
2024-11-14,Pune,21.16,12.83,27.25,1.65,66.78,3.99,1009.92,Clear
2022-06-30,Hyderabad,37.57,30.26,45.21,5.01,45.65,9.11,1006.13,Hot
2022-04-15,Pune,,21.67,34.0,2.41,58.13,10.57,1016.77,Clear
2024-07-18,Pune,28.19,22.29,33.63,1.91,61.09,16.76,1012.98,Clear
2023-09-14,Mumbai,35.84,29.41,40.66,28.04,98.0,9.63,1020.74,Rainy
2023-05-30,Chennai,37.96,32.46,43.92,1.21,52.81,12.9,1006.09,Hot
2023-07-21,Mumbai,37.9,31.23,43.52,1.78,65.9,11.84,1013.22,Hot
2024-01-12,Pune,20.02,12.42,26.64,0.74,68.59,8.29,1008.25,Clear
2022-08-27,Pune,29.12,20.57,35.71,15.58,74.95,9.47,1007.04,Rainy
2024-05-07,Delhi,30.88,25.49,36.22,0.69,55.21,9.92,1010.48,Clear
2024-03-10,Chennai,30.19,21.47,35.36,0.26,43.23,13.04,1012.07,Clear
2024-09-30,Pune,28.05,21.71,34.74,19.51,93.12,11.2,1016.77,Rainy
2022-11-07,Chennai,24.96,18.23,29.61,2.71,68.31,14.61,1007.47,Clear
2023-08-31,Hyderabad,28.92,21.48,32.99,13.72,74.86,10.58,1008.36,Rainy
2024-05-16,Delhi,39.49,33.82,44.87,0.11,38.06,8.91,1021.87,Hot
2023-08-16,Pune,33.83,29.81,41.57,15.1,79.89,13.77,1018.26,Rainy
2024-01-16,Mumbai,25.02,19.04,31.6,4.56,66.64,11.75,1004.75,Clear
2024-12-27,Pune,20.83,15.75,26.07,7.46,77.46,11.31,1008.33,Clear
2022-07-15,Mumbai,38.92,34.03,45.1,25.81,82.18,11.66,1016.06,Rainy
2023-02-23,Bengaluru,25.57,19.41,33.02,3.14,60.75,14.63,1004.9,Clear
2024-05-08,Delhi,32.46,24.27,38.92,2.05,54.53,14.5,1014.28,Clear
2023-04-08,Chennai,34.23,25.32,40.73,0.97,47.2,6.41,1015.71,Clear
2024-03-13,Mumbai,27.0,23.0,31.49,5.14,63.89,19.05,1012.83,Clear
2023-10-21,Bengaluru,18.9,11.68,25.27,1.43,77.3,12.62,1015.57,Clear
2023-09-03,Chennai,38.95,30.14,43.47,19.96,78.01,12.04,1010.91,Rainy
2024-10-14,Chennai,27.34,18.55,34.37,0.85,57.28,11.92,1010.05,Clear
2023-12-02,Hyderabad,19.61,12.02,26.89,3.61,87.8,10.14,1019.3,Cloudy
2023-10-07,Mumbai,24.99,17.11,30.35,0.17,67.36,13.23,1010.76,Clear
2022-12-11,Chennai,18.14,10.28,25.11,9.91,91.26,19.83,1017.23,Cloudy
2024-06-01,Chennai,34.88,30.38,40.97,6.35,51.51,9.07,1015.57,Clear
2022-03-25,Hyderabad,26.33,21.61,31.22,0.71,56.05,16.53,1001.96,Clear
2024-02-09,Chennai,25.75,18.06,33.34,3.98,65.01,6.86,1007.31,Clear
2022-05-01,Mumbai,38.32,29.92,45.51,3.09,52.61,15.28,1014.54,Hot
2023-11-13,Pune,21.91,13.13,28.24,0.34,78.93,11.13,1010.83,Clear
2024-03-16,Delhi,22.3,17.03,27.83,1.79,80.59,7.54,1009.53,Cloudy
2024-06-27,Hyderabad,40.76,31.84,47.16,4.24,52.24,16.06,1013.42,Hot
2024-11-05,Pune,18.17,9.82,22.26,0.92,81.03,13.03,1011.99,Cloudy
2023-07-06,Hyderabad,39.23,34.83,43.4,20.7,80.47,14.11,1017.71,Rainy
2023-01-25,Hyderabad,14.29,9.65,18.42,0.38,77.92,12.18,1012.58,Cold
2022-05-15,Mumbai,42.27,38.22,47.58,0.42,39.98,7.99,1010.59,Hot
2022-12-05,Chennai,24.27,19.9,31.32,1.8,63.63,13.65,1016.48,Clear
2024-02-11,Delhi,26.76,20.47,34.02,1.69,55.25,13.43,1017.1,Clear
2023-05-22,Delhi,36.29,30.27,42.52,,58.21,15.29,1010.48,Hot
2022-03-04,Mumbai,28.32,23.88,32.81,0.15,58.9,19.86,1012.18,Clear
2024-09-26,Bengaluru,26.05,18.78,30.09,20.58,98.0,11.87,1012.07,Rainy
2023-10-10,Pune,17.48,9.53,21.64,2.6,90.98,7.08,1012.06,Cold
2024-04-27,Delhi,32.07,27.66,36.95,0.18,80.47,12.73,1012.76,Cloudy
2023-01-26,Chennai,27.48,20.87,34.43,3.89,52.36,7.35,1008.66,Clear
2023-11-11,Mumbai,21.75,15.63,27.3,1.51,73.72,11.92,1013.45,Clear
2024-12-07,Delhi,14.93,10.07,22.85,2.38,83.73,17.36,1012.93,Cold
2024-01-12,Mumbai,26.74,20.86,32.88,0.57,57.77,8.57,1008.94,Clear
2022-04-26,Pune,33.19,25.1,39.22,2.71,56.73,9.24,1016.84,Clear
2024-12-10,Pune,21.45,17.32,27.86,0.67,59.28,11.9,1008.29,Clear
2024-11-24,Delhi,15.34,9.76,20.17,0.49,84.73,8.14,1014.51,Cold
2024-09-01,Chennai,36.38,31.08,44.36,8.09,64.21,11.22,1012.17,Hot
2023-07-22,Mumbai,32.36,24.89,38.43,27.58,91.06,5.75,1006.1,Rainy
2024-02-17,Pune,26.8,21.36,34.43,0.67,62.04,13.05,1010.35,Clear
2024-10-17,Hyderabad,23.65,16.46,29.1,2.21,71.52,5.92,1016.33,Clear
2023-09-14,Pune,31.63,27.4,36.98,24.63,90.53,10.72,1010.06,Rainy
2022-10-24,Pune,26.85,20.13,31.25,0.89,62.61,13.05,1005.39,Clear
2023-07-12,Hyderabad,34.45,28.88,41.54,11.19,70.15,11.91,1011.64,Rainy
2022-09-29,Delhi,26.7,18.3,31.71,10.81,71.73,9.9,1013.68,Rainy
2023-05-05,Mumbai,37.35,29.94,42.68,7.52,57.81,10.56,1008.36,Hot
2023-06-05,Hyderabad,37.32,29.26,45.06,6.2,72.43,13.15,1012.79,Hot
2023-11-22,Mumbai,26.17,19.4,33.78,0.81,70.04,7.29,1011.49,Clear
2024-01-22,Delhi,22.84,14.59,29.41,2.22,67.87,13.03,1008.64,Clear
2023-08-26,Mumbai,31.58,25.34,37.21,24.35,84.44,7.83,1016.34,Rainy
2024-03-26,Pune,30.97,23.11,38.34,1.4,71.13,7.82,1016.24,Clear
2022-07-13,Chennai,42.94,37.1,50.25,17.79,73.84,11.94,1015.74,Rainy
2023-01-30,Bengaluru,25.19,17.15,31.95,1.26,59.58,12.07,1004.34,Clear
2022-09-30,Hyderabad,26.35,21.25,31.52,28.08,98.0,9.47,1010.46,Rainy
2022-04-02,Pune,29.74,23.59,35.5,1.1,54.9,11.34,1015.97,Clear
2022-10-02,Mumbai,31.4,27.04,38.13,3.91,67.17,14.24,1013.18,Clear
2022-06-21,Bengaluru,30.44,24.16,36.4,20.06,84.22,12.32,1005.45,Rainy
2022-09-23,Pune,23.78,15.39,29.89,4.3,68.92,9.68,1023.29,Clear
2022-02-15,Chennai,27.91,23.09,33.81,0.22,55.92,15.63,1004.19,Clear
2023-03-07,Pune,33.16,25.88,38.52,0.5,40.94,10.13,1017.12,Clear
2022-09-29,Hyderabad,28.61,20.79,36.08,10.22,72.09,9.38,1022.0,Rainy
2022-02-17,Chennai,29.87,24.99,35.23,0.75,68.27,8.37,1019.24,Clear
2023-01-19,Bengaluru,18.23,11.48,23.9,0.45,75.99,11.77,1016.45,Clear
2023-09-06,Delhi,25.64,16.65,30.82,23.24,97.11,15.19,1010.69,Rainy
2022-08-09,Hyderabad,29.9,21.93,36.11,14.52,89.48,10.39,1008.28,Rainy
2023-12-26,Chennai,23.59,18.46,31.11,4.35,75.43,7.58,1014.61,Clear
2024-01-31,Hyderabad,23.45,19.2,30.73,1.05,69.38,12.06,1018.7,Clear
2024-08-03,Mumbai,31.91,23.44,37.47,14.0,59.64,8.87,1015.83,Rainy
2024-03-05,Hyderabad,31.33,25.9,38.04,2.14,67.59,8.2,1012.13,Clear
2022-02-28,Delhi,26.13,22.0,32.32,0.19,66.6,15.83,1006.94,Clear
2023-07-31,Hyderabad,38.61,31.19,43.04,15.77,67.61,17.11,1009.49,Rainy
2023-05-21,Bengaluru,35.22,29.19,40.96,4.17,48.87,16.03,1016.54,Hot
2022-03-10,Mumbai,27.99,22.18,34.58,3.11,62.64,11.05,1009.71,Clear
2023-03-12,Hyderabad,28.58,21.98,34.65,0.49,51.98,11.92,1008.63,Clear
2022-10-16,Hyderabad,28.8,24.05,34.45,0.56,57.78,3.31,1011.9,Clear
2023-05-18,Pune,29.51,22.16,33.61,0.56,58.7,16.31,1012.89,Clear
2023-06-27,Bengaluru,33.6,29.15,37.95,4.99,63.37,10.04,1016.3,Clear
2022-11-29,Bengaluru,18.33,11.53,22.73,2.68,78.05,18.02,1021.45,Clear
2024-09-01,Bengaluru,21.88,13.85,28.81,3.24,78.59,15.42,1015.17,Clear
2023-02-12,Pune,20.34,11.9,27.4,2.14,82.99,10.86,1016.79,Cloudy
2022-11-26,Delhi,24.93,20.2,30.17,0.7,56.82,18.57,1012.22,Clear
2022-05-31,Mumbai,34.98,28.76,42.45,2.22,46.95,12.6,1013.82,Clear
2022-10-17,Delhi,23.2,18.2,30.8,5.14,75.27,19.04,1007.8,Clear
2024-09-17,Pune,26.74,19.64,34.65,1.5,55.55,12.4,1008.06,Clear
2023-06-13,Chennai,42.65,35.19,47.85,10.08,54.61,14.24,1017.36,Rainy
2022-03-09,Delhi,25.19,20.88,32.69,4.82,63.57,6.82,1010.09,Clear
2023-04-10,Delhi,28.89,20.12,33.7,0.63,50.05,6.9,1013.86,Clear
2023-03-04,Delhi,25.36,17.74,31.89,0.99,75.78,5.4,1014.08,Clear
2022-08-02,Bengaluru,33.34,25.89,41.08,5.12,67.65,10.49,1011.56,Clear
2024-05-09,Mumbai,37.92,32.5,41.92,0.46,51.48,9.18,1013.8,Hot
2024-10-25,Bengaluru,22.61,13.9,29.52,1.1,55.02,13.95,1017.06,Clear
2023-02-11,Delhi,22.78,17.7,28.72,0.69,77.24,7.84,1015.3,Clear
2023-11-16,Delhi,,6.52,17.78,0.63,96.85,3.12,1014.09,Cold
2023-01-02,Mumbai,27.86,23.6,33.68,3.77,74.56,19.85,1012.02,Clear
2022-12-03,Pune,22.41,15.68,26.75,1.06,75.93,10.51,1002.64,Clear
2022-08-05,Hyderabad,30.09,22.73,37.99,3.38,58.23,14.52,1007.2,Clear
2023-11-15,Pune,19.61,12.18,27.23,3.83,66.15,10.11,1011.09,Clear
2023-09-12,Bengaluru,33.15,27.22,37.83,5.64,60.41,11.48,1009.54,Clear
2023-10-14,Delhi,24.77,18.81,29.42,4.66,69.8,9.47,1009.38,Clear
2023-12-24,Pune,22.37,13.88,30.25,1.55,67.65,5.47,1009.19,Clear
2024-06-26,Bengaluru,33.01,28.06,40.0,35.47,98.0,9.96,1005.16,Heavy Rain
2024-04-21,Mumbai,,26.87,41.55,3.18,50.51,10.45,1023.96,Clear
2022-04-04,Pune,29.46,24.52,35.5,3.41,64.0,8.27,1008.18,Clear
2022-06-25,Mumbai,37.98,29.02,45.39,21.0,73.96,16.67,1014.84,Rainy
2024-08-04,Hyderabad,32.84,25.01,37.37,2.82,55.03,13.29,1011.72,Clear
2023-10-13,Bengaluru,25.37,21.28,31.3,2.22,62.21,14.1,1013.91,Clear
2024-09-24,Pune,24.72,18.75,29.12,2.78,75.71,10.76,999.98,Clear
2022-06-22,Bengaluru,33.05,28.65,39.74,4.37,54.36,18.82,1016.62,Clear
2024-07-09,Hyderabad,35.04,30.48,42.81,22.09,80.44,13.15,1016.23,Rainy
2024-11-14,Delhi,24.86,20.82,30.85,1.67,63.99,13.76,1003.42,Clear
2024-10-27,Mumbai,25.13,19.84,30.04,1.02,41.13,8.92,1009.34,Clear
2023-07-17,Delhi,28.43,20.27,32.79,16.02,82.9,15.23,1015.99,Rainy
2022-10-28,Mumbai,24.92,18.94,32.6,0.59,56.59,5.59,1013.24,Clear
2023-01-12,Pune,21.35,13.86,27.73,2.64,79.71,9.65,1017.45,Clear
2022-10-11,Mumbai,30.81,25.33,35.35,4.02,67.98,7.24,1020.21,Clear
2023-04-23,Chennai,36.54,31.38,41.5,4.11,51.81,9.27,1012.48,Hot
2024-05-01,Delhi,35.12,27.23,42.14,,56.11,8.48,1018.83,Hot
2023-10-19,Chennai,27.99,23.69,35.68,0.94,71.99,11.99,1009.41,Clear
2023-12-19,Pune,20.32,12.32,26.26,0.28,74.08,17.11,1010.14,Clear
2022-06-25,Pune,39.13,32.41,44.08,12.8,53.14,13.1,1004.54,Rainy
2022-12-07,Bengaluru,16.7,10.43,24.01,0.15,75.45,13.93,1019.84,Cold
2022-09-29,Bengaluru,26.16,20.78,32.41,3.6,68.88,8.64,1004.49,Clear
2024-03-13,Hyderabad,30.57,22.27,34.82,1.76,63.56,15.98,1014.58,Clear
2022-05-02,Delhi,34.75,30.18,40.64,1.9,44.65,8.31,1011.64,Clear
2024-07-01,Pune,34.93,30.28,42.51,4.32,62.65,17.18,1010.54,Clear
2023-06-03,Bengaluru,34.08,29.34,40.53,19.96,75.59,11.87,1004.43,Rainy
2023-10-21,Delhi,21.73,16.08,28.08,0.12,77.16,10.8,1013.02,Clear
2023-06-11,Chennai,35.92,31.69,42.61,9.34,51.62,5.63,1011.49,Hot
2022-01-19,Bengaluru,22.44,14.51,29.64,0.76,74.8,6.79,1016.77,Clear
2023-08-21,Delhi,33.73,28.87,39.54,16.31,81.35,10.29,1002.89,Rainy
2022-04-10,Mumbai,35.22,27.97,42.54,0.08,61.12,18.28,1006.98,Hot
2024-05-20,Chennai,32.69,25.16,37.64,3.34,67.01,9.16,1016.39,Clear
2024-01-15,Mumbai,28.14,21.91,35.48,5.3,80.14,2.74,1017.63,Cloudy
2023-12-27,Chennai,21.8,16.8,28.37,1.56,67.22,16.56,1006.85,Clear
2023-04-26,Mumbai,31.91,25.91,39.16,0.39,64.58,16.73,1011.46,Clear
2024-01-20,Hyderabad,15.05,7.06,22.75,0.76,98.0,15.17,1011.54,Cold
2024-07-21,Chennai,39.7,31.83,45.74,36.67,98.0,13.6,1014.73,Heavy Rain
2022-09-13,Hyderabad,30.74,25.49,38.68,1.6,47.78,10.98,1007.41,Clear
2022-03-03,Pune,28.63,20.32,34.12,2.43,58.4,12.2,1011.04,Clear
2022-12-08,Pune,27.56,19.65,32.81,5.71,69.91,12.29,1015.19,Clear
2023-10-28,Chennai,28.41,24.41,32.72,1.19,55.44,15.72,1016.06,Clear
2023-02-07,Mumbai,23.14,18.28,29.42,1.41,69.44,13.8,1009.85,Clear
2022-01-04,Delhi,25.17,20.98,30.21,1.97,65.43,8.17,1009.12,Clear
2024-08-07,Mumbai,33.6,26.83,38.92,5.89,51.33,16.72,1015.66,Clear
2024-08-29,Pune,32.05,25.64,39.06,6.73,58.08,12.67,1014.25,Clear
2024-03-08,Chennai,30.08,24.08,34.94,2.8,53.41,16.27,1016.45,Clear
2022-08-01,Hyderabad,30.29,25.21,38.24,20.31,92.26,14.69,1011.82,Rainy
2023-10-31,Mumbai,22.41,17.02,30.14,2.97,86.36,15.88,1012.42,Cloudy
2022-08-07,Mumbai,32.47,26.82,39.5,2.87,58.77,10.83,1004.18,Clear
2024-05-16,Pune,33.3,27.58,37.58,0.75,39.62,14.51,1010.54,Clear
2024-01-13,Delhi,25.99,17.12,33.26,2.21,61.2,14.35,1007.38,Clear
2024-05-23,Delhi,32.74,26.94,40.13,1.18,43.04,10.83,1010.94,Clear
2022-01-22,Delhi,15.64,6.93,22.42,1.78,85.55,11.08,1010.87,Cold
2022-09-15,Bengaluru,24.66,20.11,32.09,7.77,74.35,9.71,1016.97,Clear
2024-06-30,Delhi,39.46,32.98,45.17,11.35,53.18,12.74,1008.11,Rainy
2022-01-14,Hyderabad,22.91,17.64,27.7,2.41,67.64,12.31,1010.48,Clear
2024-11-30,Bengaluru,12.88,7.89,19.18,3.53,86.43,20.46,1005.56,Cold
2024-11-15,Pune,24.69,17.73,32.68,0.86,60.17,8.39,1016.72,Clear
2024-02-17,Mumbai,23.43,16.99,29.48,0.89,56.8,13.19,1012.7,Clear
2022-05-07,Bengaluru,35.71,31.26,42.49,1.6,55.05,10.2,1014.72,Hot
2024-02-23,Hyderabad,24.37,16.1,28.9,2.27,66.76,10.61,1020.13,Clear
2023-08-05,Bengaluru,30.5,22.7,36.39,7.19,73.07,7.51,1011.1,Clear
2023-01-31,Pune,23.97,19.87,30.14,1.14,71.69,13.95,1020.52,Clear
2023-05-15,Bengaluru,31.61,26.18,36.67,2.37,64.8,14.86,1007.96,Clear
2023-05-05,Chennai,37.17,32.26,44.92,1.09,46.75,10.81,1006.45,Hot
2023-07-30,Hyderabad,34.22,28.74,39.09,9.61,74.59,9.3,1009.71,Clear
2023-06-26,Hyderabad,37.6,33.51,42.61,13.91,65.63,10.88,1014.97,Rainy
2022-07-23,Bengaluru,33.02,25.97,40.14,21.26,89.8,17.19,1010.82,Rainy
2023-06-02,Mumbai,41.44,37.16,47.88,7.01,41.18,10.19,1008.05,Hot
2023-04-07,Delhi,31.87,25.61,38.64,2.35,74.98,11.47,1009.04,Clear
2022-05-22,Hyderabad,32.77,24.74,37.05,4.32,69.32,16.18,1017.21,Clear
2022-02-10,Bengaluru,23.85,19.17,30.53,0.88,77.33,10.75,1011.98,Clear
2022-04-29,Hyderabad,34.05,26.19,40.62,1.86,52.11,5.44,1013.78,Clear
2024-08-08,Chennai,38.3,34.16,45.73,28.38,90.36,9.77,1009.44,Rainy
2023-12-26,Delhi,18.09,10.49,24.01,0.73,76.62,15.0,1002.16,Clear
2024-11-09,Delhi,18.96,13.08,24.29,3.16,68.4,10.34,1003.45,Clear
2023-07-23,Mumbai,41.23,34.81,48.41,8.8,61.36,9.81,1008.2,Hot
2022-12-27,Mumbai,22.29,16.67,29.88,0.97,75.21,10.83,1009.65,Clear
2024-09-14,Bengaluru,26.84,22.82,32.85,30.62,98.0,9.38,1015.9,Rainy
2024-06-16,Hyderabad,34.41,26.74,39.51,10.98,64.18,11.86,1008.36,Rainy
2024-01-30,Mumbai,27.21,22.72,33.11,0.57,57.61,14.64,1004.06,Clear
2024-07-26,Delhi,35.63,27.86,41.68,19.87,75.66,19.28,1016.54,Rainy
2023-12-23,Chennai,23.65,15.02,28.51,0.22,56.6,6.12,1003.95,Clear
2024-08-21,Hyderabad,28.59,20.65,35.09,6.16,65.17,11.47,1017.99,Clear
2024-10-14,Bengaluru,21.21,12.95,25.75,0.39,65.31,19.21,1006.14,Clear
2022-08-03,Mumbai,33.05,28.3,37.96,18.37,77.33,7.94,1012.31,Rainy
2022-02-18,Bengaluru,28.15,20.04,32.88,3.94,58.42,14.05,1011.67,Clear
2023-05-17,Bengaluru,29.53,25.37,36.83,0.23,53.18,15.6,1014.95,Clear
2023-07-25,Bengaluru,29.82,24.86,35.49,10.19,74.1,13.13,1004.53,Rainy
2024-04-13,Hyderabad,30.22,22.57,36.75,6.68,62.77,7.98,1017.43,Clear
2023-04-13,Bengaluru,25.48,17.64,29.88,2.44,59.26,14.09,1014.03,Clear
2022-02-22,Delhi,26.66,22.1,33.39,0.83,68.88,13.77,1016.36,Clear
2023-12-27,Mumbai,22.59,14.05,30.42,1.39,65.01,7.25,1010.01,Clear
2023-10-21,Chennai,25.79,20.29,32.81,3.97,68.95,14.18,1016.11,Clear
2022-02-19,Mumbai,28.07,22.95,35.92,0.82,62.11,15.93,1014.37,Clear
2024-02-11,Hyderabad,22.06,16.67,27.82,2.06,75.56,3.39,1018.77,Clear
2024-06-06,Mumbai,32.9,24.02,38.23,5.77,63.13,15.67,1015.44,Clear
2022-10-12,Chennai,31.26,23.46,38.04,0.54,49.74,12.17,1016.12,Clear
2022-05-29,Hyderabad,36.4,28.44,42.71,0.14,41.5,13.55,1016.76,Hot
2023-06-01,Mumbai,37.55,29.55,42.27,2.92,48.25,15.2,1006.45,Hot
2023-04-11,Bengaluru,28.9,20.32,33.07,4.17,63.85,11.0,999.86,Clear
2022-05-20,Mumbai,37.56,33.41,42.59,3.5,50.62,10.07,1019.87,Hot
2023-03-02,Delhi,29.12,22.15,34.25,1.81,56.7,16.75,1018.73,Clear
2024-09-08,Hyderabad,25.76,20.86,31.72,12.34,75.31,16.73,1011.87,Rainy
2022-01-09,Hyderabad,24.21,19.04,29.54,1.13,68.77,7.65,1023.41,Clear
2022-08-20,Bengaluru,31.81,22.85,36.17,38.78,98.0,10.36,1011.38,Heavy Rain
2023-04-09,Mumbai,26.5,20.09,32.04,1.04,65.63,18.78,1021.49,Clear
2023-05-28,Hyderabad,30.06,25.67,34.5,1.68,49.67,17.66,1020.98,Clear
2024-03-22,Hyderabad,26.38,22.38,31.98,5.33,59.44,8.28,1010.4,Clear
2023-08-18,Mumbai,32.98,26.23,37.75,16.8,76.74,16.72,1014.98,Rainy
2023-03-27,Mumbai,31.01,26.7,36.37,0.22,56.46,7.39,1003.56,Clear
2024-12-26,Delhi,19.19,11.67,25.94,0.65,79.4,10.65,1010.04,Clear
2024-06-04,Delhi,32.38,26.03,38.99,19.05,89.12,20.85,1010.05,Rainy
2022-11-09,Mumbai,22.85,15.38,29.77,0.79,74.15,9.77,1006.5,Clear
2022-02-07,Hyderabad,25.44,19.41,32.36,0.76,72.25,11.58,1015.06,Clear
2024-06-02,Hyderabad,36.05,30.45,40.9,2.55,47.46,13.45,1003.13,Hot
2023-03-28,Mumbai,24.62,17.32,30.39,0.18,67.05,14.04,1024.22,Clear
2022-12-15,Chennai,21.92,12.94,27.36,2.09,74.32,7.83,1010.24,Clear
2024-06-09,Mumbai,42.54,37.79,48.83,15.79,59.61,8.95,1008.2,Rainy
2024-10-13,Hyderabad,23.52,17.5,30.62,0.14,67.52,,1017.85,Clear
2023-02-15,Pune,25.39,16.95,32.79,0.73,63.03,12.91,1018.49,Clear
2023-11-15,Chennai,21.87,15.05,29.74,6.71,88.38,5.28,1011.68,Cloudy
2023-11-24,Chennai,22.87,15.24,28.21,0.35,76.43,17.85,1007.47,Clear
2024-09-26,Mumbai,29.24,21.12,33.99,4.45,72.48,16.19,1007.27,Clear
2023-01-25,Mumbai,21.43,15.53,28.64,4.49,72.78,9.08,1015.79,Clear
2022-05-19,Delhi,36.72,32.24,42.8,4.49,55.12,12.5,1008.96,Hot
2023-01-16,Pune,22.74,14.92,28.46,0.35,65.66,9.05,1011.72,Clear
2022-02-18,Delhi,27.97,22.43,32.58,0.34,53.35,10.77,1012.03,Clear
2023-03-22,Chennai,29.45,20.59,36.75,1.42,47.7,6.35,1010.14,Clear
2023-03-30,Chennai,27.82,22.98,35.04,2.54,70.75,16.47,1002.6,Clear
2022-01-18,Chennai,17.29,9.26,23.27,2.61,77.99,10.98,1006.14,Cold
2022-03-20,Chennai,30.48,22.33,36.33,5.82,63.07,16.2,1013.4,Clear
2024-04-07,Pune,29.2,22.05,35.84,3.79,63.3,15.67,1009.5,Clear
2024-01-29,Mumbai,19.41,11.91,26.25,0.08,71.44,16.04,1011.78,Clear
2022-05-05,Bengaluru,30.68,24.41,37.07,0.98,66.22,10.39,1016.65,Clear
2022-10-14,Chennai,22.08,15.37,28.17,0.88,66.23,16.16,1008.63,Clear
2022-07-17,Pune,35.23,29.87,41.69,5.68,56.67,10.83,1014.51,Hot
2022-11-25,Chennai,24.58,15.66,31.58,0.72,62.18,11.96,1007.34,Clear
2022-02-03,Chennai,28.11,22.38,34.88,0.66,64.03,14.42,1015.09,Clear
2024-03-22,Pune,29.02,21.91,36.07,3.1,71.32,7.44,1020.5,Clear
2024-08-12,Hyderabad,32.53,25.44,38.51,1.27,54.49,4.59,1004.77,Clear
2022-06-27,Hyderabad,35.34,28.84,42.24,26.08,90.56,12.73,1017.88,Rainy
2023-01-04,Mumbai,28.53,21.19,35.88,2.18,72.28,13.66,1014.32,Clear
2024-04-21,Pune,32.49,28.26,40.39,3.61,44.32,8.73,1018.24,Clear
2022-02-25,Pune,25.67,19.42,31.85,0.55,63.35,13.37,1024.53,Clear
2024-05-30,Bengaluru,36.3,29.92,43.7,6.47,68.83,10.59,1000.48,Hot
2024-03-26,Delhi,23.99,18.29,28.9,2.43,66.59,10.99,1012.57,Clear
2024-10-13,Chennai,33.57,25.99,41.17,0.35,63.19,13.14,1005.7,Clear
2022-07-11,Mumbai,40.91,33.69,47.03,17.45,77.49,19.2,1015.73,Rainy
2024-06-11,Bengaluru,31.7,27.09,36.75,27.34,95.76,7.14,1021.29,Rainy
2022-05-10,Hyderabad,38.7,31.71,45.59,1.48,43.87,10.31,1008.65,Hot
2022-06-24,Mumbai,37.28,28.6,43.5,5.56,43.71,13.55,1024.46,Hot
2023-06-24,Bengaluru,27.17,19.52,32.41,5.42,69.79,12.4,1012.74,Clear
2022-07-26,Hyderabad,36.55,28.95,42.17,21.13,68.78,5.53,999.9,Rainy
2022-10-12,Hyderabad,26.47,19.19,33.25,0.36,57.29,6.51,1016.68,Clear
2024-03-21,Delhi,26.82,19.77,32.51,1.64,69.34,13.74,1010.73,Clear
2022-04-11,Delhi,32.87,27.11,40.43,6.32,73.34,11.25,1012.75,Clear
2022-09-15,Chennai,30.49,25.05,34.61,6.78,73.66,8.05,1007.52,Clear
2024-08-01,Chennai,30.83,24.93,35.64,20.59,93.67,5.11,1014.15,Rainy
2022-05-24,Bengaluru,33.24,26.69,38.14,0.1,66.09,10.28,1014.12,Clear
2024-07-06,Delhi,34.82,25.87,41.25,3.37,50.31,12.22,1017.17,Clear
2022-03-10,Pune,31.83,27.14,38.19,8.72,73.94,13.31,1006.39,Clear
2024-09-29,Hyderabad,33.66,26.14,41.23,5.26,61.72,8.34,1003.84,Clear
2024-01-12,Chennai,30.91,23.3,37.01,2.01,60.83,13.67,1012.37,Clear
2023-06-03,Hyderabad,43.39,37.69,48.65,1.02,35.13,13.0,1014.01,Hot
2022-09-26,Hyderabad,28.04,21.18,35.09,8.41,68.19,11.47,1012.55,Clear
2023-07-20,Pune,30.71,24.61,34.88,26.66,98.0,9.23,1018.45,Rainy
2023-05-24,Mumbai,38.69,33.84,46.1,0.8,56.67,12.27,1008.8,Hot
2022-06-16,Mumbai,38.8,32.85,45.18,14.74,66.4,8.79,1020.2,Rainy
2022-03-05,Chennai,29.49,21.43,37.07,0.5,63.37,14.68,1017.36,Clear
2022-05-14,Hyderabad,34.33,29.65,39.33,0.63,47.58,9.14,1010.09,Clear
2023-07-16,Delhi,35.83,29.65,41.38,18.13,70.01,16.12,1006.86,Rainy
2024-01-17,Hyderabad,22.77,15.62,28.22,1.14,72.98,13.88,1009.26,Clear
2022-04-14,Mumbai,41.68,36.01,48.76,1.17,42.99,10.66,1021.88,Hot
2024-01-24,Delhi,20.8,14.71,27.72,1.72,74.98,10.42,1017.65,Clear
2023-07-31,Bengaluru,32.01,23.73,39.01,8.34,86.13,20.8,1010.05,Cloudy
2022-01-18,Bengaluru,17.46,9.28,25.36,4.44,80.55,7.93,1014.27,Cold
2023-10-19,Pune,30.51,22.43,37.02,1.39,70.57,12.21,1016.47,Clear
2023-02-10,Chennai,27.08,18.18,32.59,0.85,68.85,8.3,1018.16,Clear
2023-04-03,Chennai,34.97,28.38,42.29,0.52,52.98,17.01,1015.56,Clear
2023-07-17,Pune,37.32,31.71,44.6,13.24,71.56,14.68,1013.47,Rainy
2022-06-02,Mumbai,40.01,32.71,45.58,5.99,53.55,11.74,1013.64,Hot
2022-01-28,Bengaluru,21.79,13.42,29.77,0.75,65.43,14.97,1019.32,Clear
2022-10-19,Delhi,30.92,24.89,38.2,3.84,54.5,15.17,1008.27,Clear
2023-05-03,Pune,36.8,32.05,43.94,0.07,58.63,14.72,1004.24,Hot
2023-03-31,Delhi,31.72,26.58,36.76,0.35,47.99,8.61,1012.56,Clear
2024-07-20,Delhi,36.13,30.31,42.86,10.94,57.72,11.56,1010.42,Rainy
2023-03-25,Hyderabad,29.91,22.97,37.6,0.09,58.63,17.79,1007.8,Clear
2023-06-09,Delhi,34.47,26.95,39.25,17.19,73.74,5.42,1012.07,Rainy
2022-01-18,Delhi,23.12,15.31,29.12,0.14,69.61,11.29,1017.79,Clear
2023-05-20,Hyderabad,31.24,25.89,38.45,,55.75,9.6,1013.69,Clear
2024-01-02,Chennai,24.54,18.42,32.53,2.11,78.37,7.37,1011.09,Clear
2023-12-28,Pune,11.09,3.39,18.42,4.24,94.64,7.97,1013.17,Cold
2023-11-26,Hyderabad,24.57,17.21,29.27,0.36,60.41,12.14,1007.96,Clear
2023-05-09,Bengaluru,25.96,21.95,31.21,0.83,70.74,8.76,1012.42,Clear
2022-11-06,Mumbai,24.81,19.9,30.29,4.59,60.13,12.34,1007.96,Clear
2022-08-01,Mumbai,30.61,24.55,36.0,14.04,78.27,5.75,1009.35,Rainy
2023-06-03,Chennai,40.5,33.07,44.68,14.6,72.03,13.65,1014.65,Rainy
2024-08-01,Delhi,28.42,22.59,32.9,9.68,68.71,19.86,1017.56,Clear
2023-05-11,Mumbai,37.49,30.33,42.57,3.25,46.03,13.7,1012.2,Hot
2022-07-25,Mumbai,41.47,32.48,49.2,18.35,80.85,7.69,1010.25,Rainy
2022-12-05,Pune,16.77,9.86,22.98,2.17,66.01,14.52,1009.05,Cold
2022-02-09,Pune,28.2,22.38,33.04,1.2,72.75,10.13,1009.88,Clear
2024-05-18,Mumbai,35.89,31.1,40.59,0.02,55.65,4.68,1015.08,Hot
2022-11-02,Mumbai,12.66,7.63,19.02,0.67,77.34,2.0,1012.99,Cold
2024-01-24,Pune,13.96,8.25,18.05,0.69,84.92,14.71,1013.39,Cold
2023-06-15,Delhi,34.98,26.16,41.0,25.72,92.84,8.18,1023.61,Rainy
2024-06-11,Pune,34.99,27.05,41.49,27.26,83.75,17.43,1014.26,Rainy
2023-05-17,Hyderabad,35.14,27.79,40.92,2.12,61.92,8.75,1013.72,Hot
2023-03-15,Pune,26.89,20.42,32.78,1.19,67.89,11.92,1004.65,Clear
2024-04-23,Mumbai,34.34,26.68,41.18,1.58,58.01,7.92,1010.41,Clear
2024-06-10,Pune,33.8,26.86,40.43,5.26,56.84,5.88,1015.84,Clear
2022-11-14,Bengaluru,19.54,15.36,26.84,3.63,78.79,13.32,1014.3,Clear
2023-11-30,Hyderabad,22.53,18.29,29.41,5.6,79.2,10.08,1006.98,Clear
2024-06-23,Delhi,38.45,30.45,43.19,5.45,,16.09,1006.38,Hot
2023-08-08,Bengaluru,27.78,18.82,33.33,10.36,80.59,5.95,1009.55,Rainy
2023-03-19,Pune,30.49,24.95,34.99,2.31,63.29,11.84,999.03,Clear
2022-07-31,Mumbai,39.67,33.42,46.78,5.81,48.03,11.94,1012.51,Hot
2024-05-11,Pune,30.08,23.04,36.38,2.03,62.15,18.54,1005.31,Clear
2022-08-26,Chennai,31.8,24.67,37.11,2.54,53.97,14.16,1013.15,Clear
2023-06-06,Bengaluru,34.0,25.36,38.1,6.92,58.39,15.58,1015.71,Clear
2023-10-13,Delhi,21.16,15.91,28.05,1.64,79.25,12.09,1018.29,Clear
2022-01-11,Bengaluru,22.26,14.24,28.3,4.43,66.78,11.57,1012.22,Clear
2022-09-11,Pune,30.4,23.49,36.35,26.09,94.11,13.73,1013.08,Rainy
2023-07-18,Chennai,37.32,32.8,42.5,1.0,33.37,10.29,1020.35,Hot
2023-10-15,Hyderabad,23.21,15.82,30.32,0.16,71.23,9.15,1009.12,Clear
2023-11-12,Mumbai,19.54,10.8,26.6,1.02,85.84,14.61,1019.72,Cloudy
2022-06-30,Mumbai,34.15,26.9,38.76,6.48,60.56,12.59,1010.31,Clear
2024-03-15,Chennai,29.46,24.15,35.37,1.06,49.75,6.98,1004.36,Clear
2022-05-10,Chennai,38.01,30.02,43.62,3.09,53.82,9.04,1011.22,Hot
2023-11-22,Bengaluru,17.16,12.84,21.87,0.91,72.54,9.95,1015.06,Cold
2022-10-06,Mumbai,24.57,16.63,32.14,2.94,68.47,15.02,1011.67,Clear
2023-08-10,Delhi,28.55,22.28,34.99,8.14,74.98,10.94,1019.21,Clear
2022-10-16,Delhi,31.54,25.46,35.83,0.75,60.51,14.29,1007.12,Clear
2022-10-17,Mumbai,23.19,17.68,27.45,0.51,62.91,11.3,1020.31,Clear
2023-07-14,Hyderabad,37.22,30.58,44.39,25.35,75.91,11.81,1007.74,Rainy
2024-09-20,Mumbai,29.45,21.97,35.09,8.59,76.11,14.69,1003.42,Clear
2022-02-14,Delhi,23.24,18.42,27.32,1.81,83.61,17.48,1007.45,Cloudy
2024-08-25,Delhi,33.19,26.88,40.83,23.95,82.93,12.35,1012.58,Rainy
2023-03-21,Bengaluru,22.12,13.8,28.65,2.51,81.49,9.71,1014.53,Cloudy
2022-09-14,Hyderabad,26.69,18.41,31.46,1.22,63.92,11.46,1008.02,Clear
2024-04-04,Chennai,34.51,26.96,38.52,3.33,47.75,15.8,1010.24,Clear
2024-12-24,Bengaluru,18.18,12.18,23.3,2.66,71.51,14.64,1014.52,Clear
2022-09-28,Mumbai,27.62,19.58,35.41,9.1,74.93,14.43,1009.68,Clear
2023-04-19,Chennai,36.59,31.34,43.46,1.86,45.75,9.63,1012.37,Hot
2024-09-28,Hyderabad,30.97,23.68,38.59,10.53,72.04,9.35,1012.87,Rainy
2023-06-21,Delhi,38.34,33.86,45.54,19.35,74.66,13.37,1015.78,Rainy
2024-01-01,Hyderabad,24.33,20.2,29.6,1.38,64.34,10.45,1003.29,Clear
2022-04-22,Mumbai,40.9,32.53,48.83,0.86,30.67,4.97,1007.64,Hot
2022-10-23,Pune,28.54,20.73,33.59,2.71,62.56,11.41,1023.75,Clear
2022-08-09,Mumbai,32.3,23.47,37.11,1.71,58.03,19.49,1017.4,Clear
2024-07-30,Hyderabad,31.91,23.4,39.11,17.46,87.22,13.04,1012.65,Rainy
2022-03-25,Mumbai,32.51,26.5,38.35,1.57,74.6,12.44,1015.63,Clear
2024-05-23,Mumbai,40.73,36.31,45.47,2.11,53.71,5.68,1006.81,Hot
2024-03-25,Bengaluru,30.14,23.57,34.62,1.01,68.67,15.36,1007.78,Clear
2023-04-07,Mumbai,39.81,34.88,44.04,4.4,53.27,14.78,1006.29,Hot
2024-06-04,Chennai,38.56,29.75,44.25,7.27,54.9,11.81,1009.96,Hot
2023-07-06,Mumbai,36.37,31.46,44.16,6.56,50.13,18.24,1004.35,Hot
2023-05-13,Delhi,29.41,22.08,34.95,2.4,67.59,15.81,1013.94,Clear
2023-07-28,Bengaluru,37.57,29.49,43.48,5.99,51.17,5.59,1004.93,Hot
2022-03-02,Chennai,27.94,22.3,35.02,0.16,61.48,12.36,1007.12,Clear
2023-08-29,Bengaluru,29.49,23.39,35.96,17.91,89.01,11.94,1007.61,Rainy
2024-01-03,Chennai,24.62,17.88,32.44,0.86,70.14,12.86,1010.05,Clear
2022-10-10,Chennai,21.0,12.65,27.39,0.08,74.8,13.06,1017.56,Clear
2022-09-16,Delhi,28.17,22.19,35.77,8.68,74.07,2.07,1004.82,Clear
2022-05-18,Delhi,33.06,24.26,38.15,4.35,56.21,2.0,1008.86,Clear
2024-11-16,Pune,19.72,15.58,24.64,1.69,80.66,13.86,1010.2,Cloudy
2022-07-24,Bengaluru,36.88,29.12,43.36,15.05,76.13,14.99,1016.63,Rainy
2024-09-11,Delhi,28.59,19.96,35.23,10.57,81.03,11.23,1011.44,Rainy
2023-10-13,Mumbai,25.29,16.56,31.61,0.6,65.86,15.48,1016.74,Clear
2023-12-10,Mumbai,25.08,18.27,32.04,2.33,76.22,9.9,1014.99,Clear
2022-06-02,Chennai,40.36,33.92,46.38,49.33,98.0,10.03,1012.55,Heavy Rain
2024-01-21,Delhi,19.13,10.54,25.54,4.93,83.78,15.47,1013.02,Cloudy
2022-05-31,Hyderabad,30.46,21.66,37.56,6.57,57.58,15.62,1008.86,Clear
2022-01-24,Hyderabad,21.19,15.24,27.75,0.08,74.23,10.01,1006.0,Clear
2022-11-25,Pune,25.13,16.66,29.82,3.79,68.5,10.06,1006.45,Clear
2022-05-01,Pune,39.56,34.73,45.17,0.31,31.84,14.84,1011.86,Hot
2023-10-04,Hyderabad,26.64,20.66,31.07,2.03,57.9,9.57,1013.41,Clear
2024-04-08,Pune,29.23,23.07,36.09,2.49,70.15,14.23,1015.06,Clear
2023-07-16,Hyderabad,34.51,26.08,40.89,8.89,67.78,13.28,1008.21,Clear
2024-12-14,Delhi,17.28,11.26,23.23,6.67,69.13,15.19,1023.5,Cold
2022-11-11,Mumbai,21.47,13.8,27.01,1.22,75.31,15.56,1014.88,Clear
2022-02-05,Bengaluru,24.91,17.4,32.73,0.4,,16.38,1010.23,Clear
2022-11-28,Pune,22.3,18.26,28.77,2.7,86.84,13.34,1010.19,Cloudy
2024-11-29,Bengaluru,16.73,8.23,21.08,0.65,92.77,6.74,1011.77,Cold
2024-04-18,Bengaluru,30.79,22.54,36.66,3.24,55.46,5.92,1015.14,Clear
2022-05-31,Bengaluru,29.84,25.66,35.44,0.48,52.27,16.46,1009.26,Clear
2024-08-02,Hyderabad,30.21,24.36,34.66,8.43,62.94,12.87,1010.92,Clear
2024-12-07,Hyderabad,17.66,11.31,22.51,2.01,85.04,16.66,1012.69,Cold
2022-08-11,Hyderabad,32.85,25.58,36.97,14.54,71.36,5.65,1010.22,Rainy
2023-11-28,Hyderabad,17.94,10.73,25.8,2.38,71.08,4.23,1009.98,Cold
2023-06-17,Chennai,43.6,39.01,50.55,15.41,51.18,4.76,1008.83,Rainy
2024-12-26,Mumbai,23.4,18.23,31.04,1.69,71.9,19.33,1004.35,Clear
2024-06-09,Delhi,41.38,37.37,47.84,5.59,46.6,14.96,1001.1,Hot
2023-11-16,Mumbai,26.16,18.92,34.03,2.13,66.69,15.22,1012.38,Clear
2022-08-04,Chennai,35.15,31.01,42.6,31.25,95.75,13.04,1017.06,Rainy
2023-04-23,Delhi,35.0,28.15,42.64,2.3,46.33,11.95,1011.82,Hot
2022-01-25,Bengaluru,17.19,12.35,23.88,3.62,65.48,11.19,1013.11,Cold
2022-09-17,Delhi,28.15,22.13,36.05,28.29,98.0,2.06,1017.6,Rainy
2023-12-20,Hyderabad,17.44,11.97,22.55,2.13,82.99,8.31,1006.83,Cold
2022-11-23,Mumbai,25.25,17.85,30.88,1.36,64.88,14.29,1011.69,Clear
2022-01-31,Chennai,23.85,16.2,29.2,1.38,72.96,10.21,1010.21,Clear
2024-12-16,Pune,18.19,10.22,24.64,5.74,89.02,6.36,1006.76,Cloudy
2024-08-27,Delhi,27.52,19.26,34.88,8.88,65.79,13.65,1014.99,Clear
2022-12-26,Bengaluru,17.25,9.64,25.13,0.37,69.59,17.62,1009.54,Cold
2022-08-10,Chennai,36.22,31.11,43.8,7.63,51.03,8.04,1006.82,Hot
2023-10-22,Delhi,26.21,18.98,32.44,1.7,75.89,14.37,1015.52,Clear
2022-04-02,Hyderabad,33.61,25.64,40.81,4.31,61.26,13.83,1017.87,Clear
2023-11-04,Delhi,24.85,20.32,30.81,0.32,60.84,8.05,1012.93,Clear
2023-08-04,Pune,28.16,20.85,32.79,9.78,69.62,8.08,1011.31,Clear
2022-12-15,Mumbai,21.87,17.54,29.38,1.38,75.24,12.18,1012.96,Clear
2023-06-15,Pune,36.65,31.04,40.7,10.23,64.06,13.93,1008.2,Rainy
2024-02-13,Hyderabad,24.39,18.76,31.07,1.75,76.1,10.86,1009.87,Clear
2023-07-18,Delhi,27.02,20.97,34.15,10.34,76.51,9.37,1011.1,Rainy
2024-07-05,Bengaluru,27.42,19.78,34.22,17.52,76.73,13.11,1010.16,Rainy
2024-05-21,Mumbai,37.25,29.74,44.42,0.4,50.53,8.88,1003.28,Hot
2024-12-19,Bengaluru,20.02,15.69,24.18,3.37,85.03,21.59,1012.73,Cloudy
2024-11-23,Hyderabad,19.89,15.56,25.41,0.56,68.56,13.21,1013.29,Clear
2023-02-25,Bengaluru,18.91,13.44,23.92,1.26,75.03,6.72,1012.93,Clear
2022-01-27,Delhi,20.11,14.43,26.98,7.95,82.06,13.41,1010.93,Cloudy
2024-02-20,Hyderabad,25.04,20.67,31.5,0.09,74.81,13.27,1017.66,Clear
2024-10-22,Pune,27.85,22.67,35.43,2.84,71.99,8.04,1008.97,Clear
2024-11-28,Delhi,19.0,12.38,25.98,1.59,75.68,12.76,1009.16,Clear
2024-01-11,Delhi,22.12,17.91,28.95,0.34,64.1,15.27,1014.87,Clear
2022-03-27,Mumbai,30.3,21.67,36.1,9.04,74.28,11.37,1009.87,Clear
2023-01-05,Chennai,29.34,23.67,33.71,0.81,62.49,17.31,1015.73,Clear
2024-02-21,Pune,31.14,24.15,35.86,7.08,64.49,9.91,1021.6,Clear
2024-03-26,Hyderabad,27.5,21.2,33.63,4.01,72.55,14.14,1012.19,Clear
2023-03-25,Delhi,27.75,18.77,32.77,1.88,68.05,6.66,1013.03,Clear
2022-06-10,Chennai,35.52,30.0,43.5,8.05,53.11,10.6,1001.38,Hot
2024-02-08,Chennai,31.09,26.54,39.04,0.53,76.01,12.55,1006.37,Clear
2023-05-10,Mumbai,40.58,34.77,48.1,3.41,45.19,8.29,1012.36,Hot
2022-06-04,Chennai,41.89,36.71,49.1,6.08,53.31,15.24,1010.44,Hot
2022-11-30,Delhi,22.92,17.42,28.14,2.03,74.11,7.8,1013.35,Clear
2023-04-19,Bengaluru,34.69,28.64,39.12,0.71,47.36,15.08,1013.26,Clear
2024-05-27,Hyderabad,30.38,23.94,35.07,2.02,62.43,13.49,1008.85,Clear
2022-03-11,Bengaluru,23.86,17.97,27.89,0.15,63.78,13.75,1010.05,Clear
2022-06-24,Pune,35.72,27.97,41.98,1.64,47.83,16.79,1008.24,Hot
2024-03-02,Chennai,28.66,21.91,36.05,0.09,66.05,17.23,1016.71,Clear
2023-12-25,Chennai,20.72,13.22,28.39,2.91,73.15,13.97,1011.35,Clear
2024-10-16,Delhi,20.89,12.53,26.91,0.24,65.56,11.0,1011.04,Clear
2024-11-29,Hyderabad,17.34,10.0,22.68,2.74,92.29,16.18,1020.24,Cold
2023-09-11,Mumbai,33.45,26.92,38.1,9.43,73.73,12.22,1010.45,Clear
2022-06-08,Chennai,36.96,32.61,43.22,11.88,60.43,11.47,999.95,Rainy
2024-10-12,Delhi,16.9,8.65,23.74,1.08,87.8,12.64,1027.58,Cold
2024-09-30,Delhi,24.0,19.59,30.22,8.83,76.94,6.69,1006.11,Clear
2024-07-13,Delhi,36.17,30.97,41.41,12.27,50.76,6.44,1011.24,Rainy
2022-01-26,Bengaluru,17.23,12.54,23.89,1.04,82.17,19.66,1012.05,Cold
2022-10-29,Chennai,23.43,14.77,29.15,1.64,74.35,8.06,1006.29,Clear
2022-11-14,Pune,22.89,15.67,26.97,0.82,66.69,14.85,1008.55,Clear
2022-01-10,Delhi,19.53,12.1,25.94,2.32,78.89,4.88,1010.37,Clear
2023-09-06,Bengaluru,24.46,18.03,29.24,24.58,98.0,17.03,1015.31,Rainy
2023-06-14,Hyderabad,37.18,29.82,44.24,7.82,63.82,16.66,1012.16,Hot
2024-05-19,Mumbai,40.04,31.68,44.81,0.4,41.05,15.01,1001.68,Hot
2022-06-16,Delhi,34.01,29.44,41.38,23.74,90.48,9.37,1007.4,Rainy
2024-06-29,Pune,38.47,30.93,43.35,20.45,82.05,11.77,1009.49,Rainy
2023-10-29,Delhi,27.95,20.68,34.77,2.67,63.94,13.11,1011.52,Clear
2022-10-10,Hyderabad,26.18,17.61,31.06,1.35,73.06,8.73,1010.7,Clear
2022-12-23,Mumbai,22.05,17.11,26.35,3.01,82.04,10.32,1017.54,Cloudy
2022-03-08,Pune,30.91,25.13,36.11,1.66,61.32,15.19,1017.6,Clear
2023-09-10,Hyderabad,28.67,23.28,36.15,9.05,80.65,8.77,1018.57,Cloudy
2024-12-02,Bengaluru,21.9,15.99,26.78,2.6,69.16,4.8,1014.98,Clear
2022-04-07,Hyderabad,38.29,31.79,43.57,0.2,39.93,9.44,1016.37,Hot
2024-12-09,Delhi,18.42,11.27,22.47,2.19,89.02,14.97,1014.43,Cloudy
2024-10-29,Chennai,27.99,21.85,32.59,1.06,53.19,17.69,1018.49,Clear
2024-03-05,Pune,25.79,21.34,33.77,7.78,70.15,18.55,1015.39,Clear
2023-08-03,Mumbai,36.28,30.76,43.53,7.94,47.48,14.73,1006.23,Hot
2023-02-01,Chennai,24.95,17.79,30.54,0.67,71.26,10.29,1014.82,Clear
2022-12-04,Chennai,24.87,18.46,32.71,0.4,84.58,10.42,1010.18,Cloudy
2023-08-19,Pune,33.68,25.96,41.3,7.82,63.51,11.4,1004.41,Clear
2024-05-12,Mumbai,31.98,23.86,36.39,2.27,51.92,17.41,1009.67,Clear
2023-08-10,Chennai,32.97,24.45,37.95,8.23,61.28,9.68,1021.89,Clear
2023-12-10,Bengaluru,19.89,11.89,27.7,1.33,71.53,14.72,1016.2,Clear
2022-07-08,Delhi,38.99,30.65,46.9,7.0,48.9,4.85,1010.54,Hot
2022-07-06,Delhi,30.93,23.53,36.51,17.58,83.04,11.09,1014.52,Rainy
2023-07-11,Chennai,41.33,36.17,46.74,17.29,71.35,11.55,1007.5,Rainy
2023-12-18,Hyderabad,19.28,12.61,26.3,2.73,87.49,11.62,1019.04,Cloudy
2023-09-09,Bengaluru,25.56,17.91,32.23,6.18,76.63,9.83,1012.5,Clear
2022-01-21,Pune,17.1,10.22,23.43,1.39,90.58,10.28,1016.04,Cold
2023-03-22,Pune,26.75,21.08,34.69,3.07,64.36,10.08,1009.04,Clear
2023-03-29,Hyderabad,27.6,22.8,31.88,2.32,65.75,12.43,1006.88,Clear
2023-11-14,Hyderabad,24.06,16.4,30.64,0.56,67.89,5.81,1013.52,Clear
2023-08-11,Chennai,33.35,28.16,39.62,18.81,74.96,9.28,1006.45,Rainy
2024-09-17,Delhi,24.76,18.43,29.81,13.91,82.34,13.8,1010.16,Rainy
2022-02-24,Hyderabad,22.15,17.39,26.4,1.04,82.0,9.16,1011.39,Cloudy
2023-11-17,Delhi,20.44,13.18,27.98,6.86,88.55,12.91,1006.77,Cloudy
2022-01-12,Hyderabad,18.47,13.88,25.88,3.41,86.99,15.85,1014.6,Cloudy
2024-09-22,Bengaluru,29.09,20.87,34.39,15.51,77.8,12.8,1011.52,Rainy
2022-11-05,Delhi,20.47,12.88,26.2,2.09,83.99,17.73,1011.52,Cloudy
2022-12-09,Chennai,18.15,13.31,25.37,1.88,82.2,11.7,1011.75,Cloudy
2022-01-01,Bengaluru,,12.2,25.96,1.05,78.58,5.1,1002.96,Clear
2022-12-26,Chennai,20.97,16.72,27.16,0.36,58.3,20.62,1012.19,Clear
2024-10-15,Chennai,27.86,22.96,32.08,0.08,68.16,8.05,1002.76,Clear
2024-05-23,Chennai,32.08,26.57,39.96,0.14,47.93,18.77,1012.8,Clear
2023-07-29,Hyderabad,32.06,23.46,36.99,19.08,85.41,14.17,1014.6,Rainy
2024-03-24,Chennai,29.93,22.23,34.69,0.95,76.38,17.4,1016.78,Clear
2023-08-04,Chennai,35.01,30.51,40.37,20.56,73.48,12.34,1002.42,Rainy
2022-12-01,Bengaluru,17.35,9.59,22.01,6.31,84.73,12.46,1008.12,Cold
2023-05-26,Hyderabad,36.39,30.7,44.11,0.21,53.18,12.02,1019.33,Hot
2024-12-17,Bengaluru,18.45,11.56,25.91,1.52,78.28,14.73,1014.34,Clear
2024-10-19,Chennai,27.15,18.34,32.56,2.66,69.38,9.92,1012.19,Clear
2024-08-14,Pune,33.23,27.15,39.02,8.54,67.54,14.7,1015.58,Clear
2023-11-12,Pune,17.57,13.2,23.57,0.03,63.74,16.59,1016.66,Cold
2022-07-23,Hyderabad,39.23,33.89,47.0,12.84,63.56,16.92,1012.57,Rainy
2022-12-11,Delhi,23.38,15.89,31.01,1.71,69.12,17.89,1012.36,Clear
2022-12-09,Hyderabad,18.76,14.3,24.82,1.63,68.8,15.65,1012.4,Clear
2023-08-05,Chennai,34.21,26.4,40.13,8.79,74.93,22.01,1009.01,Clear
2023-05-12,Pune,35.01,30.22,41.58,2.38,65.01,3.89,1008.18,Hot
2023-09-20,Pune,23.95,18.25,30.49,32.03,98.0,10.16,1006.16,Rainy
2024-02-09,Hyderabad,22.56,17.28,28.11,2.25,74.02,12.1,1014.81,Clear
2023-02-24,Delhi,22.45,17.98,27.66,2.49,71.57,6.62,1015.3,Clear
2022-03-29,Hyderabad,30.67,25.61,36.45,0.24,58.85,14.76,1013.69,Clear
2023-05-06,Mumbai,38.05,33.36,45.86,1.79,56.53,15.1,1016.08,Hot
2022-03-04,Chennai,32.52,23.65,37.6,1.69,46.6,13.11,1016.17,Clear
2024-10-03,Mumbai,26.26,18.58,32.49,0.57,48.27,5.87,1015.94,Clear
2024-04-19,Hyderabad,36.54,30.54,44.47,4.02,50.08,18.29,1013.79,Hot
2022-11-08,Delhi,19.98,13.27,24.95,0.86,71.66,11.82,1010.06,Clear
2024-05-09,Bengaluru,27.98,20.39,32.06,3.87,62.69,14.76,1011.97,Clear
2022-05-03,Delhi,31.43,24.01,38.59,1.21,57.94,7.29,1015.9,Clear
2022-12-29,Delhi,23.11,15.37,30.34,4.15,79.13,14.08,1011.8,Clear
2022-11-18,Pune,22.47,17.6,26.72,0.26,71.91,10.93,1006.56,Clear
2022-01-26,Mumbai,24.49,15.67,31.9,1.2,74.88,10.63,1007.37,Clear
2022-08-06,Delhi,31.17,27.13,35.21,18.76,72.53,3.38,1015.79,Rainy
2022-01-18,Pune,15.25,7.43,21.58,0.13,85.64,15.19,1004.88,Cold
2023-02-09,Bengaluru,23.82,18.7,28.81,0.05,69.21,15.28,1013.41,Clear
2023-04-02,Pune,28.65,23.92,34.86,0.25,71.13,9.86,1014.37,Clear
2024-05-06,Chennai,34.36,26.53,38.86,0.36,56.15,15.26,1005.56,Clear
2023-06-21,Hyderabad,35.14,28.86,42.04,11.25,65.19,10.38,1005.55,Rainy
2023-11-30,Delhi,23.9,14.97,30.8,1.62,76.57,16.15,1015.96,Clear
2023-03-10,Mumbai,23.66,15.01,28.98,0.91,68.22,7.72,1021.56,Clear
2022-09-21,Bengaluru,31.79,25.19,36.55,12.97,73.27,8.55,1007.38,Rainy
2023-04-09,Delhi,29.61,24.26,35.86,0.51,48.37,12.21,1017.82,Clear
2023-10-24,Hyderabad,24.77,20.24,31.84,3.18,63.91,9.61,1009.23,Clear
2022-03-16,Hyderabad,32.99,28.56,37.1,3.7,54.86,15.95,1018.5,Clear
2022-11-01,Bengaluru,22.08,17.11,28.27,0.69,73.89,15.93,1016.45,Clear
2024-07-10,Chennai,44.3,36.85,48.39,11.45,58.58,13.26,1006.01,Rainy
2023-11-10,Bengaluru,19.08,15.06,25.32,2.5,68.36,12.04,1007.6,Clear
2024-10-23,Chennai,31.64,23.22,38.86,1.68,60.18,3.45,1004.82,Clear
2024-04-14,Bengaluru,29.63,23.75,35.0,6.66,60.66,5.56,1021.42,Clear
2022-11-23,Delhi,16.82,8.64,23.7,2.71,72.91,11.33,1005.75,Cold
2024-05-16,Chennai,36.59,29.87,41.65,4.05,45.3,12.02,1004.76,Hot
2022-01-07,Pune,21.79,15.7,28.03,1.02,62.01,16.4,1008.62,Clear
2024-02-20,Delhi,19.88,14.75,27.17,9.04,90.43,14.77,1009.56,Cloudy
2023-01-10,Bengaluru,23.27,14.36,27.54,1.57,70.15,7.03,1007.08,Clear
2024-09-06,Chennai,28.86,24.79,34.33,23.7,94.42,15.57,1016.04,Rainy
2023-05-14,Hyderabad,32.22,23.8,39.69,1.23,49.24,6.65,1005.49,Clear
2022-07-06,Hyderabad,27.59,21.39,35.37,23.86,95.05,16.12,1012.26,Rainy
2022-07-14,Mumbai,39.67,31.59,47.11,20.99,68.79,13.96,1015.67,Rainy
2023-09-08,Mumbai,29.97,23.74,36.8,6.0,70.39,9.55,1012.98,Clear
2023-10-06,Mumbai,21.81,16.6,27.64,0.54,75.23,8.28,1011.72,Clear
2022-12-17,Hyderabad,25.78,20.25,30.78,2.2,62.93,11.66,1019.75,Clear
2024-02-25,Delhi,24.04,17.21,29.63,1.51,70.03,13.81,1007.89,Clear
2023-08-08,Delhi,29.54,23.14,36.11,13.51,79.47,12.25,1011.69,Rainy
2022-04-02,Chennai,32.29,25.42,36.57,0.87,53.11,7.64,1012.67,Clear
2022-11-27,Mumbai,20.46,15.22,24.71,5.43,77.85,9.68,1013.2,Clear
2022-01-16,Delhi,11.27,2.86,18.02,4.2,77.15,5.7,1022.65,Cold
2024-10-19,Bengaluru,16.95,8.47,23.16,8.2,81.65,9.26,1017.19,Cold
2023-11-28,Chennai,22.86,15.57,29.65,6.44,73.05,10.62,1008.24,Clear
2023-04-24,Delhi,32.66,26.18,38.55,2.27,57.9,5.97,1011.93,Clear
2023-12-08,Bengaluru,19.98,12.73,24.12,1.4,78.36,10.03,1004.65,Clear
2023-04-29,Mumbai,36.28,28.49,43.32,0.47,36.94,12.14,1012.56,Hot
2022-08-17,Delhi,37.35,32.51,42.66,6.74,54.31,13.71,1019.45,Hot
2023-02-15,Delhi,22.98,18.02,28.68,1.2,78.68,10.48,1015.72,Clear
2023-12-21,Mumbai,17.19,11.6,23.06,0.61,75.58,11.24,1004.51,Cold
2022-06-07,Hyderabad,34.67,28.83,39.09,12.45,61.23,16.1,1009.66,Rainy
2024-08-21,Pune,36.55,30.35,42.12,2.94,50.77,11.54,1010.67,Hot
2023-09-04,Delhi,28.91,23.93,36.64,14.59,77.41,10.98,1008.75,Rainy
2023-01-10,Delhi,21.09,12.78,27.04,2.09,67.33,10.29,1005.58,Clear
2022-01-10,Hyderabad,27.46,22.29,32.58,1.18,60.82,12.1,1017.39,Clear
2022-02-02,Mumbai,27.33,21.71,34.51,0.77,50.99,14.02,1016.33,Clear
2023-10-27,Mumbai,28.36,22.54,35.74,2.11,59.93,15.16,1016.85,Clear
2024-03-10,Hyderabad,32.56,26.63,39.22,0.25,59.51,12.55,1019.01,Clear
2024-09-11,Hyderabad,31.0,25.88,35.11,15.07,78.7,16.1,1021.62,Rainy
2022-12-15,Pune,20.4,14.02,26.98,6.45,90.23,18.31,1016.39,Cloudy
2022-12-27,Chennai,25.31,19.34,29.78,3.45,84.15,10.91,1014.05,Cloudy
2023-08-24,Delhi,28.56,23.66,33.34,12.8,74.79,18.37,1005.38,Rainy
2023-12-20,Delhi,20.59,13.85,26.91,1.5,83.79,16.17,1012.22,Cloudy
2024-08-14,Chennai,34.05,29.39,41.63,7.56,71.5,17.03,1010.99,Clear
2023-09-02,Pune,27.63,22.67,35.21,4.83,61.57,11.79,1015.44,Clear
2024-02-02,Delhi,21.92,17.38,27.15,0.81,79.26,4.41,1017.68,Clear
2024-02-23,Bengaluru,22.03,17.91,28.76,0.48,63.86,14.9,1011.28,Clear
2024-08-14,Delhi,36.99,30.11,41.3,31.32,94.15,15.57,1014.26,Rainy
2024-11-08,Hyderabad,20.56,15.39,25.85,2.66,67.37,13.03,1014.66,Clear
2022-04-29,Mumbai,34.31,28.27,39.8,2.97,48.82,9.93,1013.12,Clear
2022-03-27,Delhi,25.92,17.32,30.36,1.49,73.51,17.32,1011.26,Clear
2022-11-02,Pune,17.54,12.69,23.86,3.95,79.1,18.71,1005.67,Cold
2024-01-21,Bengaluru,19.84,13.08,27.28,7.81,91.19,12.69,1006.29,Cloudy
2022-09-22,Delhi,24.9,19.54,29.82,16.64,85.58,7.16,1015.59,Rainy
2022-06-20,Mumbai,43.84,36.19,49.7,12.56,50.81,14.16,1007.4,Rainy
2023-06-25,Mumbai,35.96,30.13,40.36,9.02,64.05,16.06,1006.68,Hot
2023-05-30,Bengaluru,29.48,21.83,37.21,2.46,57.21,14.94,1007.82,Clear
2023-07-07,Hyderabad,37.34,31.44,43.7,7.81,61.37,12.91,1020.42,Hot
2022-09-11,Chennai,32.46,23.96,39.48,4.25,44.61,8.57,1021.87,Clear
2024-10-26,Hyderabad,22.93,18.25,28.88,1.03,71.73,9.31,1008.63,Clear
2022-01-22,Bengaluru,18.08,9.56,22.98,0.27,73.09,8.25,1014.21,Clear
2023-11-06,Mumbai,22.51,16.24,28.84,0.1,68.98,6.95,1014.46,Clear
2022-09-08,Bengaluru,24.61,16.6,29.02,28.42,98.0,8.85,1014.66,Rainy
2023-11-08,Delhi,21.45,13.43,27.23,5.4,70.61,14.72,1019.69,Clear
2023-12-21,Pune,21.88,14.28,28.68,1.45,75.34,13.76,1016.52,Clear
2024-07-16,Delhi,35.64,27.57,39.66,26.5,79.88,12.97,1004.21,Rainy
2024-10-01,Pune,25.56,20.21,31.74,1.36,57.49,12.11,1012.94,Clear
2023-05-08,Bengaluru,30.7,24.03,36.65,0.1,63.01,11.76,1014.46,Clear
2024-11-30,Chennai,24.08,17.29,29.22,1.51,56.71,12.04,1014.72,Clear
2022-03-15,Chennai,27.76,22.73,35.52,0.21,65.2,6.54,1012.42,Clear
2024-10-02,Pune,25.51,18.01,29.69,1.92,60.98,5.69,1003.23,Clear
2022-08-03,Chennai,36.22,28.83,42.49,4.24,61.24,7.9,1017.05,Hot
2022-05-03,Bengaluru,29.52,21.16,35.58,4.95,71.31,17.75,1014.76,Clear
2023-03-29,Pune,25.15,18.14,29.89,0.6,54.69,14.03,1022.92,Clear
2024-09-26,Hyderabad,27.9,23.8,33.31,3.2,75.54,17.47,1018.58,Clear
2023-12-18,Delhi,22.84,17.9,27.28,4.0,82.36,13.43,1005.18,Cloudy
2022-12-22,Mumbai,18.35,10.77,23.43,0.6,68.83,10.52,1004.97,Clear
2024-05-02,Delhi,30.37,25.76,37.2,0.07,53.06,5.2,997.59,Clear
2024-11-28,Bengaluru,24.75,16.4,32.11,0.41,62.53,12.46,1011.73,Clear
2024-03-16,Bengaluru,22.27,18.06,27.68,0.41,75.23,24.63,1015.04,Clear
2022-12-10,Delhi,13.71,7.66,18.84,2.92,81.74,10.69,1011.46,Cold
2022-12-21,Chennai,24.9,16.74,32.04,2.12,55.07,12.83,1005.53,Clear
2022-11-06,Hyderabad,22.42,14.66,28.66,0.76,69.97,13.23,1012.65,Clear
2022-07-01,Delhi,33.72,25.22,40.62,14.17,79.82,14.91,1007.76,Rainy
2024-11-17,Mumbai,18.03,9.68,24.45,0.72,70.29,12.28,1008.75,Clear
2022-05-10,Delhi,29.51,25.06,36.49,2.24,66.13,12.35,1015.71,Clear
2024-08-27,Bengaluru,32.04,25.09,38.13,12.04,73.48,11.44,1011.89,Rainy
2024-06-21,Hyderabad,37.76,33.51,43.75,28.08,80.6,10.94,1006.92,Rainy
2023-10-18,Pune,23.96,19.5,28.6,0.56,66.33,13.67,1014.62,Clear
2024-03-29,Delhi,29.79,23.51,34.98,0.75,53.51,10.18,1017.43,Clear
2023-11-08,Pune,19.4,11.36,25.85,2.16,90.5,10.84,1006.79,Cloudy
2022-04-11,Pune,33.13,28.06,38.87,0.44,46.43,12.51,1010.17,Clear
2024-02-22,Pune,20.27,14.22,24.36,0.31,69.64,15.96,1009.03,Clear
2023-04-22,Delhi,30.63,22.71,36.56,3.83,76.38,13.19,1007.79,Clear
2024-07-09,Pune,37.61,28.94,43.0,4.53,57.28,12.38,1015.7,Hot
2024-06-28,Pune,33.75,26.06,39.73,3.51,47.77,19.06,1012.0,Clear
2024-08-19,Hyderabad,33.14,26.28,38.94,9.63,67.82,11.19,1006.91,Clear
2023-01-22,Pune,20.55,16.1,27.15,1.45,83.97,5.31,1013.94,Cloudy
2022-11-25,Mumbai,23.64,17.47,28.68,5.33,71.59,19.0,1018.91,Clear
2023-10-11,Mumbai,30.8,26.42,34.88,1.04,51.68,16.67,1014.65,Clear
2023-04-14,Chennai,37.9,28.97,43.26,,55.01,15.43,1008.63,Hot
2022-01-28,Pune,20.45,14.67,25.62,2.79,77.62,15.97,1014.25,Clear
2023-04-12,Hyderabad,35.46,29.57,41.98,1.95,55.32,2.73,1007.78,Hot
2023-08-20,Delhi,29.96,25.79,35.07,5.87,68.74,5.25,1015.92,Clear
2023-07-03,Bengaluru,28.7,20.22,34.93,8.87,84.59,15.75,1014.93,Cloudy
2024-03-25,Delhi,29.13,20.23,37.1,0.49,45.35,6.77,1014.47,Clear
2023-02-01,Bengaluru,21.37,15.71,27.52,3.32,93.4,14.66,1010.68,Cloudy
2022-04-26,Bengaluru,26.49,19.26,32.6,1.04,63.65,7.82,1014.45,Clear
2022-02-08,Chennai,30.27,21.95,37.93,0.24,58.74,13.2,1002.08,Clear
2022-06-13,Pune,37.01,31.86,41.41,15.21,74.8,10.43,1004.06,Rainy
2022-07-04,Hyderabad,34.02,29.36,39.89,4.46,69.12,13.74,1017.42,Clear
2022-01-11,Chennai,21.33,13.98,28.23,2.23,80.29,5.68,1007.37,Cloudy
2024-12-29,Delhi,21.57,16.59,29.46,1.06,77.14,14.71,1014.38,Clear
2023-02-28,Pune,21.61,12.66,28.69,1.91,77.78,15.22,1012.22,Clear
2022-10-10,Pune,27.01,20.31,32.66,1.94,72.2,12.93,1012.61,Clear
2024-11-22,Hyderabad,14.96,6.22,21.57,0.27,86.07,15.13,1010.99,Cold
2024-10-20,Mumbai,24.07,19.26,29.07,0.4,86.05,15.38,1017.51,Cloudy
2024-07-23,Hyderabad,33.83,27.79,38.11,6.02,64.06,8.86,1011.23,Clear
2024-03-19,Chennai,23.19,16.93,29.02,0.84,59.19,9.54,1014.09,Clear
2022-10-28,Hyderabad,19.55,13.55,27.45,2.2,81.1,7.65,1004.36,Cloudy
2023-12-17,Delhi,20.41,12.46,26.42,1.61,72.35,9.7,1016.68,Clear
2024-07-01,Mumbai,33.53,26.16,38.42,10.88,65.35,14.15,1014.77,Rainy
2023-10-28,Delhi,20.19,15.12,27.93,1.02,75.64,9.07,1015.3,Clear
2022-11-24,Chennai,27.45,21.27,33.55,1.78,47.42,6.11,1011.57,Clear
2023-08-03,Pune,32.37,26.75,37.83,12.66,69.13,9.83,1014.11,Rainy
2023-10-13,Pune,20.07,13.11,25.47,0.88,71.94,20.18,1007.13,Clear
2022-11-10,Bengaluru,27.45,22.78,31.95,0.42,54.45,20.03,1012.14,Clear
2023-10-03,Pune,27.83,20.48,32.86,2.82,58.17,7.44,1016.53,Clear
2023-06-18,Pune,36.22,28.55,41.36,4.03,46.45,16.0,1012.74,Hot
2024-02-05,Chennai,24.36,18.26,30.42,1.51,67.49,12.29,1005.77,Clear
2023-03-07,Mumbai,27.68,19.35,32.09,2.84,62.06,15.58,1016.51,Clear
2023-12-14,Pune,26.33,21.82,33.95,0.61,68.53,14.51,1013.0,Clear
2024-06-15,Bengaluru,33.75,26.73,40.06,25.84,90.03,10.59,1013.29,Rainy
2022-11-11,Hyderabad,22.64,17.53,28.76,3.17,64.47,12.91,1006.34,Clear
2024-03-27,Bengaluru,26.2,19.95,33.51,1.67,71.35,2.04,1016.15,Clear
2022-08-23,Mumbai,32.42,27.01,39.91,15.01,71.87,11.11,1010.25,Rainy
2022-12-18,Chennai,26.77,20.92,34.55,1.32,62.1,8.94,1018.83,Clear
2022-01-31,Delhi,20.29,15.92,24.47,1.97,67.95,9.52,1007.29,Clear
2022-09-25,Chennai,28.91,22.93,36.16,16.58,73.5,10.4,1018.0,Rainy
2024-05-26,Hyderabad,32.41,26.99,37.61,1.73,49.95,8.61,1005.69,Clear
2022-02-28,Hyderabad,21.69,13.62,29.26,1.94,83.77,8.15,1009.33,Cloudy
2023-08-08,Chennai,31.77,26.66,38.6,8.96,62.8,10.1,1017.07,Clear
2024-05-02,Pune,34.6,27.58,40.1,3.39,52.38,13.31,1018.81,Clear
2023-10-14,Hyderabad,17.87,13.08,25.69,2.1,74.46,9.68,1012.47,Cold
2023-01-06,Chennai,22.87,17.96,30.8,5.83,88.88,14.65,1018.15,Cloudy
2023-04-29,Chennai,33.47,27.35,37.71,1.39,57.88,14.75,1017.83,Clear
2023-07-13,Chennai,41.06,35.99,46.17,18.07,71.32,5.43,1009.97,Rainy
2024-06-18,Pune,36.27,30.88,43.79,23.02,86.6,11.48,1021.79,Rainy
2023-04-25,Delhi,30.13,24.45,36.83,0.19,68.24,14.88,1005.32,Clear
2023-07-08,Bengaluru,32.86,24.44,39.72,7.46,62.36,12.44,1019.99,Clear
2022-02-02,Delhi,21.7,13.61,27.29,0.12,74.04,15.42,1009.63,Clear
2022-01-11,Pune,23.22,16.59,31.12,0.81,61.49,16.68,1009.27,Clear
2024-11-15,Hyderabad,22.66,16.82,28.65,2.39,75.6,10.7,1014.66,Clear
2024-03-29,Mumbai,30.22,23.58,34.78,2.63,66.06,12.91,1015.12,Clear
2024-08-03,Bengaluru,32.75,27.8,38.61,25.73,82.76,11.17,1009.34,Rainy
2022-04-13,Hyderabad,31.76,24.61,36.04,0.69,55.77,4.28,1019.49,Clear
2022-11-15,Chennai,25.42,19.76,32.64,0.78,61.9,3.86,1005.62,Clear
2023-08-25,Pune,31.83,26.02,36.35,8.66,63.29,10.05,1013.08,Clear
2024-06-28,Delhi,36.73,32.34,44.29,31.2,92.37,11.58,1005.07,Rainy
2022-05-17,Mumbai,38.0,29.65,44.86,0.65,54.09,17.27,1012.99,Hot
2023-09-19,Bengaluru,23.77,16.04,30.04,21.01,98.0,13.97,1015.28,Rainy
2024-07-18,Chennai,36.82,31.73,43.17,44.91,98.0,15.8,1019.32,Heavy Rain
2022-09-13,Bengaluru,28.48,22.61,36.45,15.88,96.15,8.92,1007.0,Rainy
2022-12-29,Chennai,20.17,12.06,27.44,1.55,69.07,23.73,1009.63,Clear
2022-03-26,Pune,29.05,24.15,35.7,1.1,54.86,7.39,1014.48,Clear
2024-04-19,Bengaluru,30.29,23.28,34.87,0.15,50.0,10.45,1006.19,Clear
2024-06-07,Mumbai,40.17,33.92,47.6,33.75,98.0,11.99,1017.45,Rainy
2023-03-24,Chennai,29.69,24.82,35.0,0.09,47.2,3.53,1015.33,Clear
2022-09-03,Delhi,,18.75,29.72,27.59,98.0,8.37,1008.37,Rainy
2024-09-06,Hyderabad,24.22,16.72,31.77,6.48,90.17,7.52,1015.31,Cloudy
2023-01-17,Chennai,27.97,19.86,33.8,1.14,52.37,7.31,1011.53,Clear
2024-03-28,Mumbai,30.91,22.25,34.93,1.94,60.76,11.35,1007.64,Clear
2022-01-16,Pune,26.6,21.23,31.08,1.46,60.36,4.38,1011.56,Clear
2023-12-19,Hyderabad,19.56,12.33,25.02,4.18,85.44,8.14,1015.09,Cloudy
2022-05-30,Delhi,26.37,18.17,30.72,1.32,54.47,7.05,1006.98,Clear
2023-04-18,Hyderabad,27.87,22.86,33.97,2.97,68.1,17.39,1009.09,Clear
2024-10-27,Bengaluru,20.94,12.92,25.18,5.38,73.71,21.02,1017.39,Clear
2022-06-18,Pune,42.08,33.69,46.48,21.33,65.56,8.05,1004.16,Rainy
2024-09-17,Mumbai,31.12,22.84,35.57,21.85,86.85,13.26,1010.42,Rainy
2023-09-15,Bengaluru,28.47,23.45,36.33,6.39,63.52,12.57,1020.72,Clear
2023-10-06,Pune,22.24,13.55,29.55,1.73,70.42,15.33,1010.86,Clear
2024-02-14,Chennai,30.22,24.89,37.43,0.47,65.12,13.09,1013.07,Clear
2024-04-12,Delhi,36.82,30.4,42.29,0.78,47.18,13.05,1017.39,Hot
2022-12-20,Mumbai,22.17,14.82,28.65,0.53,73.74,13.19,1014.32,Clear
2023-09-29,Hyderabad,26.56,18.66,32.16,4.53,80.88,12.07,1013.23,Cloudy
2024-03-22,Delhi,27.49,20.83,32.31,2.08,59.82,8.94,1009.86,Clear
2022-08-25,Hyderabad,31.83,26.8,39.09,11.45,66.01,8.96,1018.25,Rainy
2023-01-29,Pune,21.63,15.89,29.36,1.89,65.95,10.58,1008.13,Clear
2022-02-06,Hyderabad,24.68,18.12,28.71,1.18,53.64,10.0,1021.21,Clear
2022-01-23,Hyderabad,22.24,15.35,27.88,0.3,62.86,8.95,1007.65,Clear
2022-05-13,Pune,35.06,29.99,41.69,3.53,52.57,10.08,1018.0,Hot
2023-03-07,Bengaluru,27.78,19.24,33.65,1.12,59.46,7.43,1016.15,Clear
2024-10-18,Hyderabad,20.62,16.43,27.54,3.21,86.93,13.12,1007.06,Cloudy
2024-12-23,Delhi,18.47,14.47,26.07,0.02,80.05,9.74,1016.51,Cloudy
2024-02-07,Chennai,26.0,20.56,31.76,1.96,61.77,6.42,1017.3,Clear
2022-03-23,Chennai,28.2,21.0,34.32,1.4,59.33,6.85,1006.56,Clear
2023-11-25,Chennai,25.99,17.29,30.89,3.55,65.81,9.41,1022.65,Clear
2022-02-22,Mumbai,27.09,19.02,33.83,2.64,76.16,16.72,1009.65,Clear
2024-03-04,Chennai,29.43,25.15,35.88,0.57,59.76,8.95,1013.66,Clear
2024-08-03,Chennai,34.96,30.85,40.29,13.83,75.45,6.35,1017.47,Rainy
2022-06-09,Mumbai,32.92,27.5,38.15,10.8,55.93,13.59,1019.57,Rainy
2023-12-29,Bengaluru,16.34,8.58,23.66,1.39,65.73,19.91,1010.7,Cold
2023-05-07,Pune,30.48,24.49,37.52,2.04,52.0,15.29,1020.4,Clear
2023-05-09,Pune,38.23,29.98,44.27,1.17,51.1,8.1,1015.84,Hot
2023-01-19,Pune,25.87,20.84,32.05,1.88,68.23,13.66,1005.66,Clear
2023-01-09,Pune,23.45,16.36,29.29,0.55,75.33,11.03,1016.72,Clear
2022-06-25,Hyderabad,34.06,25.42,41.09,4.95,57.09,8.22,1002.62,Clear
2022-04-06,Bengaluru,28.58,23.68,33.15,0.45,58.75,11.53,1009.29,Clear
2024-06-07,Delhi,35.95,31.04,42.21,10.0,73.18,6.55,1010.61,Hot
2024-09-09,Pune,28.64,21.7,33.41,9.46,66.6,13.71,1010.61,Clear
2024-09-11,Chennai,34.25,26.59,40.83,5.08,67.74,8.85,1012.56,Clear
2023-02-28,Chennai,26.17,17.27,31.02,0.27,59.5,13.86,1013.82,Clear
2024-10-24,Chennai,23.8,19.32,28.0,0.51,66.59,6.14,1011.36,Clear
2024-09-01,Delhi,24.91,20.47,29.96,11.6,76.06,10.97,1008.29,Rainy
2023-09-29,Delhi,25.51,17.3,29.72,12.44,71.67,10.51,1013.79,Rainy
2023-03-13,Mumbai,30.69,23.2,38.29,3.75,70.22,8.48,1008.44,Clear
2023-11-13,Hyderabad,22.35,15.49,26.74,1.86,68.67,4.67,1020.79,Clear
2024-02-08,Delhi,18.18,12.06,23.01,2.26,76.61,11.82,1011.86,Clear
2024-12-30,Bengaluru,20.42,15.9,25.12,2.03,80.31,15.97,1017.14,Cloudy
2023-05-08,Pune,34.92,28.11,39.25,0.67,46.81,12.69,1026.23,Clear
2023-08-12,Delhi,27.8,20.2,32.99,25.11,98.0,13.07,1018.43,Rainy
2023-04-09,Hyderabad,26.36,18.94,30.61,2.52,58.85,9.86,1012.49,Clear
2023-05-10,Pune,33.35,28.93,40.44,3.34,48.32,17.68,1005.48,Clear
2023-10-04,Bengaluru,23.73,15.53,31.18,0.75,64.5,10.42,1008.92,Clear
2024-08-31,Mumbai,34.73,25.93,41.45,8.29,62.25,14.6,1009.08,Clear
2022-05-23,Pune,34.73,26.23,39.09,1.28,44.58,8.24,1009.93,Clear
2024-01-30,Delhi,21.05,12.1,28.49,0.21,71.62,14.5,1005.72,Clear
2022-05-31,Delhi,31.93,27.07,38.49,1.32,62.46,13.27,1010.36,Clear
2023-08-25,Hyderabad,29.26,21.0,33.68,21.68,87.99,14.45,1013.08,Rainy
2023-11-15,Hyderabad,24.89,16.04,28.95,0.73,73.11,14.56,1015.65,
2024-11-06,Bengaluru,18.93,13.86,23.63,1.28,83.05,7.45,1010.6,Cloudy
2022-05-28,Chennai,37.71,32.09,42.26,2.52,48.77,10.87,1012.92,Hot
2022-02-09,Delhi,26.26,18.92,32.94,0.67,60.19,20.93,1010.24,Clear
2023-03-31,Chennai,30.96,23.96,37.37,3.26,47.94,17.97,1017.37,Clear
2023-02-06,Pune,21.08,14.4,26.96,7.74,83.8,9.05,1009.84,Cloudy
2023-03-26,Mumbai,26.48,20.5,33.5,0.25,64.69,8.08,1011.56,Clear
2022-06-27,Delhi,31.23,25.17,38.79,4.59,65.13,5.74,1013.12,Clear
2024-07-22,Hyderabad,33.52,28.98,40.95,16.69,81.11,10.19,1018.94,Rainy
2022-08-19,Delhi,31.8,24.32,38.69,13.14,88.34,9.14,1012.96,Rainy
2023-03-15,Chennai,28.55,22.1,33.49,0.26,65.18,6.82,1008.29,Clear
2022-09-02,Bengaluru,27.99,23.86,35.76,11.28,72.04,9.05,1011.9,Rainy
2022-12-04,Bengaluru,15.9,10.42,22.29,0.83,85.12,11.17,1016.02,Cold
2023-04-01,Pune,28.85,19.93,36.22,2.51,65.94,3.94,1012.59,Clear
2022-12-31,Chennai,22.96,15.65,28.85,1.2,66.4,10.16,1022.14,Clear
2022-02-20,Pune,23.05,17.77,29.08,0.42,75.16,12.73,1010.24,Clear
2024-10-18,Bengaluru,20.7,16.6,27.25,1.81,70.64,7.89,1009.97,Clear
2024-09-23,Pune,26.82,20.21,33.41,25.34,93.39,10.77,1014.92,Rainy
2022-08-06,Pune,32.51,26.34,37.11,11.24,77.14,14.01,1023.53,Rainy
2024-07-08,Pune,37.39,31.5,41.7,22.48,77.1,6.19,1012.96,Rainy
2023-10-24,Bengaluru,20.21,15.57,27.66,1.35,65.13,6.8,1021.05,Clear
2022-10-25,Bengaluru,22.97,18.01,29.49,4.54,71.32,13.02,1005.3,Clear
2022-12-20,Bengaluru,19.26,10.92,25.46,0.24,86.48,8.67,1015.72,Cloudy
2022-10-13,Pune,21.1,16.22,27.35,1.32,75.53,9.86,1012.46,Clear
2024-04-30,Hyderabad,30.24,23.3,35.01,2.77,56.43,16.35,1008.22,Clear
2023-02-18,Mumbai,26.82,18.66,32.98,1.0,71.92,11.26,1013.55,Clear
2024-07-30,Mumbai,31.6,27.22,39.37,19.39,82.56,14.37,1019.09,Rainy
2024-03-12,Mumbai,28.87,22.15,33.46,1.75,53.42,12.96,1014.43,Clear
2023-07-13,Delhi,33.06,26.14,37.76,3.5,50.31,12.81,1001.3,Clear
2024-09-22,Delhi,23.69,19.23,31.57,12.79,85.86,8.64,1011.65,Rainy
2022-09-26,Chennai,32.01,23.84,38.49,9.65,66.46,10.81,1007.81,Clear
2022-09-14,Mumbai,28.91,24.8,35.94,1.78,59.31,14.79,1010.33,Clear
2024-09-23,Chennai,31.17,23.8,37.56,20.51,83.62,13.13,1015.68,Rainy
2022-02-13,Delhi,24.9,17.2,32.69,1.25,65.05,8.47,1014.75,Clear
2023-10-10,Mumbai,27.76,21.21,32.96,2.37,58.57,6.2,1013.24,Clear
2023-11-03,Pune,22.59,18.21,30.27,1.41,73.08,8.65,1017.9,Clear
2022-05-05,Hyderabad,38.18,31.51,45.92,0.01,44.73,11.62,1021.4,Hot
2024-09-09,Bengaluru,28.93,23.56,32.96,25.1,98.0,11.31,1015.25,Rainy
2022-08-02,Chennai,34.46,26.61,41.76,9.44,75.06,8.14,1017.67,Clear
2023-10-22,Bengaluru,22.64,14.05,26.91,1.63,64.37,2.0,1018.17,Clear
2024-10-11,Delhi,31.05,26.85,35.44,0.95,54.11,13.9,1019.91,Clear
2022-01-25,Mumbai,22.97,15.36,28.09,1.36,69.13,11.11,1015.57,Clear
2024-12-24,Mumbai,21.48,16.99,27.96,0.38,69.22,12.04,1017.7,Clear
2023-11-10,Chennai,20.12,12.35,24.66,2.08,76.0,12.5,1009.84,Clear
2023-05-18,Delhi,39.55,35.38,45.21,0.41,54.1,5.58,1010.04,Hot
2024-10-15,Delhi,28.74,22.53,34.59,6.54,64.39,8.04,1006.96,Clear
2022-04-23,Mumbai,36.38,31.83,41.8,0.34,41.08,11.86,1013.17,Hot
2023-10-12,Delhi,22.41,13.63,27.11,0.54,69.45,6.61,1013.85,Clear
2022-04-30,Delhi,31.12,26.97,37.57,3.43,54.92,13.71,1008.57,Clear
2022-05-23,Hyderabad,34.2,26.04,40.3,0.95,61.37,8.17,1005.34,Clear
2022-02-26,Mumbai,25.09,17.73,31.17,1.47,77.93,20.24,1020.78,Clear
2022-08-02,Pune,31.11,24.24,37.12,18.39,73.44,11.15,1010.49,Rainy
2023-11-27,Mumbai,18.89,12.04,26.42,1.69,72.35,9.46,1011.79,Clear
2023-11-27,Hyderabad,20.31,12.88,25.96,0.59,82.92,14.75,1007.73,Cloudy
2022-05-12,Pune,34.02,25.52,39.36,6.55,63.2,13.37,1006.51,Clear
2024-06-22,Pune,34.35,25.91,41.99,14.24,84.59,7.06,1016.77,Rainy
2022-10-04,Mumbai,24.43,16.68,29.7,1.52,63.76,12.06,1016.78,Clear
2024-08-18,Chennai,33.1,25.57,37.37,52.55,98.0,6.56,1010.28,Heavy Rain
2022-08-29,Bengaluru,30.71,24.48,38.46,2.94,59.59,14.41,1010.34,Clear
2024-01-08,Pune,22.5,15.97,28.54,1.28,83.18,11.14,1016.33,Cloudy
2024-04-16,Hyderabad,36.03,31.51,42.96,0.58,54.68,6.18,1012.69,Hot
2023-11-14,Mumbai,23.02,18.7,29.23,2.14,75.57,10.89,1014.26,Clear
2023-05-23,Bengaluru,32.38,23.98,38.75,0.29,55.1,5.48,1007.52,Clear
2023-01-12,Hyderabad,21.93,16.72,29.0,7.42,85.75,7.57,1015.02,Cloudy
2022-07-10,Bengaluru,33.71,28.28,38.26,9.34,66.67,6.15,1011.64,Clear
2022-02-11,Pune,20.03,13.24,26.63,1.97,68.53,8.89,1018.06,Clear
2023-07-30,Delhi,38.54,34.16,42.77,7.29,45.56,10.98,1016.62,Hot
2022-06-11,Hyderabad,40.63,31.73,48.49,18.63,64.12,8.82,1019.09,Rainy
2024-11-08,Chennai,23.03,16.17,28.02,0.43,73.27,12.34,1010.13,Clear
2023-07-22,Bengaluru,35.57,29.16,41.39,21.59,78.65,10.55,1007.24,Rainy
2024-11-02,Mumbai,23.11,17.11,29.57,0.2,56.83,12.28,1015.56,Clear
2024-11-01,Delhi,19.35,14.81,25.81,1.82,79.62,12.35,1015.26,Clear
2023-09-10,Chennai,26.84,22.65,32.2,8.36,71.04,8.37,1011.93,Clear
2022-09-08,Pune,33.96,29.35,38.41,12.82,69.28,12.37,1008.64,Rainy
2024-02-19,Hyderabad,27.06,18.8,35.0,0.34,63.35,12.2,1010.66,Clear
2022-10-14,Bengaluru,23.45,16.57,30.41,0.44,76.33,7.36,1012.73,Clear
2023-08-16,Delhi,31.4,23.35,35.68,9.39,64.61,2.23,1009.04,Clear
2022-05-01,Bengaluru,28.77,22.21,35.37,0.78,46.95,18.21,1015.13,Clear
2022-07-12,Delhi,37.73,30.46,44.78,22.35,83.89,12.5,1019.63,Rainy
2024-03-07,Delhi,27.18,20.58,31.74,6.33,61.49,5.58,1007.89,Clear
2022-04-26,Mumbai,32.13,24.23,37.53,0.67,52.69,7.31,1015.98,Clear
2022-08-24,Hyderabad,33.15,24.92,39.43,5.81,66.9,17.57,1007.25,Clear
2024-12-27,Chennai,20.5,12.26,28.22,6.32,86.07,5.71,1016.27,Cloudy
2023-10-08,Bengaluru,24.74,16.17,29.61,0.72,63.92,16.38,1004.86,Clear
2023-02-21,Bengaluru,20.98,12.98,25.93,0.42,81.87,16.45,1015.26,Cloudy
2023-10-09,Bengaluru,23.95,17.25,29.52,1.87,72.7,14.94,1013.4,Clear
2023-09-20,Delhi,22.43,16.33,30.1,17.46,93.8,7.69,1013.3,Rainy
2024-12-13,Delhi,17.5,9.72,21.94,1.74,82.74,5.43,1010.27,Cold
2022-03-03,Bengaluru,29.25,24.79,34.5,2.02,63.86,6.07,1004.96,Clear
2022-01-05,Chennai,22.8,16.69,26.81,0.62,67.94,14.49,1014.88,Clear
2024-11-01,Hyderabad,22.0,13.42,28.58,1.48,70.89,8.24,1007.6,Clear
2022-03-23,Mumbai,32.49,24.38,36.93,4.05,56.74,15.03,1007.39,Clear
2024-04-09,Delhi,23.66,14.9,29.14,1.17,62.32,8.81,1002.65,Clear
2024-05-26,Pune,35.26,28.05,40.56,3.43,57.73,12.22,1015.81,Hot
2023-09-11,Pune,23.91,19.25,30.78,8.64,86.22,9.53,1012.12,Cloudy
2024-07-21,Bengaluru,31.99,25.59,38.39,7.18,66.72,11.59,1012.98,Clear
2023-07-25,Hyderabad,39.07,30.6,44.0,6.42,51.99,10.77,1017.61,Hot
2024-05-14,Chennai,33.38,26.79,39.32,0.58,62.63,16.92,1012.83,Clear
2024-10-16,Bengaluru,23.26,17.06,31.05,5.21,79.63,12.91,1018.25,Clear
2024-04-30,Pune,36.19,27.46,41.02,5.59,63.3,12.17,1014.77,Hot
2023-12-25,Bengaluru,17.57,11.94,25.23,0.54,81.59,10.79,1013.88,Cold
2022-10-23,Bengaluru,19.61,13.53,26.89,1.77,87.79,12.5,1018.41,Cloudy
2022-08-20,Hyderabad,28.01,19.89,35.14,13.56,82.14,8.66,1022.34,Rainy
2023-05-30,Pune,40.07,31.76,44.46,0.7,33.29,16.12,1009.64,Hot
2023-09-21,Bengaluru,23.05,14.21,27.49,2.5,70.98,10.99,1007.9,Clear
2024-07-31,Bengaluru,29.85,24.21,34.39,17.32,83.92,13.27,1018.21,Rainy
2024-05-28,Delhi,38.4,34.13,45.96,0.49,42.7,15.88,1017.24,Hot
2023-08-19,Chennai,40.39,35.63,44.69,14.27,63.97,17.19,1018.25,Rainy
2024-08-27,Chennai,29.86,21.1,36.07,3.84,76.31,2.0,998.55,Clear
2024-07-04,Chennai,38.82,30.65,43.31,3.62,49.57,11.48,1017.4,Hot
2023-11-24,Hyderabad,17.69,12.37,24.49,0.71,75.85,6.23,1005.24,Cold
2022-12-13,Bengaluru,21.06,15.73,25.33,5.83,87.69,13.15,1016.03,Cloudy
2023-10-28,Mumbai,26.98,18.64,32.71,0.27,61.38,11.51,1013.55,Clear
2022-01-03,Delhi,20.08,11.32,26.1,1.86,61.38,9.57,1000.04,
2024-10-12,Bengaluru,19.49,12.11,23.88,0.46,79.56,10.12,1023.0,Clear
2022-05-07,Chennai,38.02,31.93,44.36,1.37,55.03,,1015.1,Hot
2024-10-14,Mumbai,22.36,16.37,26.44,0.52,78.06,14.67,1011.86,Clear
2023-07-12,Mumbai,40.89,32.5,45.7,13.8,70.71,12.05,1014.4,Rainy
2024-11-12,Bengaluru,17.65,10.87,22.78,0.5,67.78,20.03,1012.42,Cold
2024-03-23,Bengaluru,22.13,15.79,29.55,4.86,77.11,5.7,1019.67,Clear
2022-04-22,Pune,26.17,21.44,31.98,1.04,71.66,6.89,1013.87,Clear
2022-07-13,Bengaluru,33.07,26.42,39.9,22.78,81.9,7.3,1004.62,Rainy
2023-01-06,Bengaluru,22.27,17.2,28.56,0.39,80.53,12.32,1014.63,Cloudy
2023-02-19,Pune,26.8,19.62,33.56,1.54,77.7,10.0,1008.41,Clear
2023-12-13,Hyderabad,20.41,15.4,27.43,1.08,88.86,10.78,1007.77,Cloudy
2022-11-17,Hyderabad,22.67,16.89,29.63,3.46,64.94,13.44,1014.11,Clear
2022-04-08,Hyderabad,33.7,26.1,40.27,3.54,50.2,12.02,1007.83,Clear
2022-04-10,Hyderabad,31.91,25.63,36.19,0.9,46.48,5.54,1006.79,Clear
2022-09-24,Mumbai,31.97,27.87,37.88,13.52,81.49,16.4,1009.95,Rainy
2024-12-21,Delhi,23.47,19.17,30.29,0.34,69.42,19.35,1015.76,Clear
2023-08-28,Chennai,33.47,27.38,38.92,12.79,73.38,15.31,1012.43,Rainy
2024-10-12,Pune,24.17,16.05,29.91,0.06,68.4,2.0,1005.02,Clear
2022-10-10,Bengaluru,22.1,17.98,26.52,3.11,79.21,15.23,1014.42,Clear
2024-03-24,Pune,24.94,15.99,32.23,0.48,70.49,15.98,1012.33,Clear
2023-04-15,Bengaluru,29.17,20.37,33.53,0.23,59.95,12.47,1006.1,Clear
2022-05-22,Chennai,40.33,32.19,45.95,3.33,45.32,6.56,1012.89,Hot
2023-10-19,Mumbai,26.76,18.02,31.8,0.34,51.05,7.74,1011.95,Clear
2022-02-10,Hyderabad,25.22,20.92,29.69,3.06,65.71,5.74,1012.1,Clear
2022-09-24,Hyderabad,30.02,21.06,34.68,13.43,69.54,21.45,1007.48,Rainy
2024-07-14,Bengaluru,36.63,32.38,41.25,1.33,57.51,11.52,1009.36,Hot
2024-09-25,Mumbai,32.42,25.68,38.75,11.97,77.26,10.06,1018.19,Rainy
2023-08-22,Bengaluru,32.97,26.12,38.05,19.74,84.69,7.23,1007.91,Rainy
2023-10-05,Delhi,27.57,21.32,35.51,1.29,62.05,8.57,1001.61,Clear
2023-09-10,Delhi,28.77,21.13,34.42,27.14,98.0,6.07,1012.79,Rainy
2023-11-20,Pune,19.44,13.21,24.69,2.83,63.81,7.55,1017.71,Clear
2022-05-22,Pune,32.25,24.98,37.36,3.79,53.95,7.15,1015.91,Clear
2022-01-08,Chennai,25.55,17.74,33.24,0.05,62.93,10.96,1016.67,Clear
2022-11-01,Chennai,23.48,15.17,30.16,1.56,64.78,16.97,1016.33,Clear
2024-12-20,Bengaluru,19.0,13.53,23.65,1.12,83.92,8.23,1012.78,Cloudy
2024-08-20,Hyderabad,33.03,24.17,37.19,21.69,82.95,13.41,1008.83,Rainy
2024-11-04,Chennai,23.45,16.8,28.12,3.09,55.98,12.41,1011.5,Clear
2024-12-26,Pune,24.44,19.4,31.32,0.89,69.17,9.27,1009.42,Clear
2023-12-23,Delhi,20.51,16.03,26.16,0.92,71.51,13.25,1007.44,Clear
2022-02-08,Pune,19.14,12.86,23.84,0.18,80.99,10.48,1015.02,Cloudy
2024-06-27,Mumbai,38.47,30.24,42.51,20.75,74.55,18.85,1024.37,Rainy
2024-11-13,Bengaluru,20.54,12.79,25.47,0.67,65.81,15.16,1015.34,Clear
2022-07-27,Pune,36.85,32.28,44.49,18.62,75.89,12.1,1008.25,Rainy
2023-11-07,Chennai,19.59,14.35,26.74,0.82,73.84,5.83,1006.91,Clear
2023-06-16,Pune,33.54,27.2,41.13,14.44,71.71,4.34,1006.85,Rainy
2023-03-03,Pune,30.37,26.21,37.46,1.37,58.45,9.94,1009.6,Clear
2024-04-15,Mumbai,35.56,28.68,40.45,0.89,47.3,17.14,1017.22,Hot
2022-12-25,Mumbai,23.79,18.7,30.17,0.37,74.69,14.15,1015.56,Clear
2022-05-19,Mumbai,40.32,33.83,46.54,2.66,38.12,14.26,1009.49,Hot
2022-10-27,Mumbai,22.75,14.51,29.66,1.1,63.91,20.4,1010.76,Clear
2023-04-06,Pune,35.89,27.32,41.91,0.09,66.47,11.5,1008.93,Hot
2024-09-30,Mumbai,30.59,24.26,37.35,9.75,73.31,10.56,1015.11,Clear
2023-01-18,Mumbai,26.73,20.89,31.07,0.71,66.28,13.87,1014.6,Clear
2024-03-10,Bengaluru,24.95,17.82,31.04,0.09,78.82,9.25,1015.42,Clear
2022-04-22,Bengaluru,30.24,26.06,35.64,0.44,60.42,14.46,1012.24,Clear
2024-02-01,Mumbai,33.49,26.69,39.44,1.37,57.47,10.13,1006.58,Clear
2023-01-28,Hyderabad,21.01,15.36,27.05,0.72,76.3,9.42,1013.22,Clear
2024-06-24,Chennai,42.23,36.38,47.51,13.58,75.02,7.79,1010.86,Rainy
2022-10-04,Hyderabad,23.75,18.82,28.61,0.34,70.03,9.44,1009.65,Clear
2022-09-25,Bengaluru,25.43,18.8,31.67,6.86,63.49,13.22,1010.79,Clear
2024-07-31,Hyderabad,40.97,32.32,46.73,3.47,46.26,9.37,1008.93,Hot
2022-05-19,Hyderabad,34.86,28.31,41.18,0.43,45.64,19.49,1005.14,Clear
2022-11-03,Pune,18.1,13.05,23.17,0.96,71.83,14.35,1008.27,Clear
2024-09-10,Hyderabad,23.8,15.74,29.3,20.78,90.75,11.71,1014.48,Rainy
2022-06-27,Chennai,41.04,33.74,45.12,4.58,58.9,12.43,1018.92,Hot
2023-06-14,Delhi,33.55,28.12,38.87,37.64,98.0,11.43,1009.47,Heavy Rain
2024-04-16,Pune,35.2,30.37,39.79,2.86,42.24,15.88,1005.63,Hot
2023-08-13,Bengaluru,28.8,22.15,33.19,4.21,66.94,13.38,1003.69,Clear
2023-04-26,Chennai,33.18,25.01,40.61,1.01,55.01,12.11,1014.12,Clear
2022-05-18,Chennai,42.23,35.99,48.34,0.15,36.17,12.68,1013.93,Hot
2024-05-11,Hyderabad,38.66,31.64,44.36,1.06,36.57,18.31,1004.66,Hot
2024-05-13,Delhi,35.22,29.42,41.87,0.14,54.79,9.05,1006.64,Hot
2022-05-30,Chennai,,35.66,48.1,1.75,49.55,12.15,1010.81,Hot
2022-05-27,Bengaluru,30.48,21.56,36.89,2.3,72.96,12.16,1014.12,Clear
2024-12-22,Bengaluru,19.01,10.01,25.08,0.41,75.89,17.32,1014.25,Clear
2023-05-09,Delhi,29.51,23.14,35.77,1.12,60.35,11.53,1008.66,Clear
2022-02-25,Hyderabad,26.27,22.06,31.77,2.26,76.15,19.43,1017.44,Clear
2022-02-28,Mumbai,24.97,20.9,30.38,0.07,75.26,10.92,1015.59,Clear
2022-03-18,Mumbai,28.54,23.72,35.8,0.78,45.41,13.44,1010.65,Clear
2024-03-07,Mumbai,33.68,26.75,39.87,0.11,49.69,11.19,1010.54,Clear
2022-08-13,Delhi,32.36,23.66,38.85,7.99,70.34,10.03,1018.73,Clear
2022-11-26,Bengaluru,15.3,8.15,20.93,0.03,78.81,14.41,1008.63,Cold
2023-03-06,Hyderabad,29.4,24.23,34.38,0.59,62.02,17.49,1010.82,Clear
2024-02-25,Mumbai,27.88,20.43,33.44,0.4,44.05,10.8,1008.84,Clear
2022-08-16,Bengaluru,34.33,29.13,38.83,17.15,94.52,9.43,1014.99,Rainy
2024-08-06,Chennai,35.06,27.08,42.55,39.26,98.0,9.95,1012.21,Heavy Rain
2024-08-24,Delhi,32.14,27.52,38.17,12.54,80.27,5.92,1014.47,Rainy
2024-07-03,Delhi,39.26,35.21,45.71,9.2,51.0,11.52,1000.7,Hot
2022-11-24,Bengaluru,20.51,13.77,27.78,0.75,74.25,8.92,1015.36,Clear
2022-01-26,Delhi,21.54,14.06,29.31,1.33,78.45,10.32,1015.99,Clear
2023-01-23,Hyderabad,22.31,17.53,29.8,1.86,73.58,9.08,1009.65,Clear
2024-10-18,Delhi,21.34,13.24,26.33,0.05,70.39,16.86,1009.87,Clear
2023-01-02,Hyderabad,16.53,8.01,22.37,7.77,98.0,17.34,1002.0,Cold
2022-02-22,Bengaluru,16.17,9.5,21.78,0.8,94.86,11.66,1012.35,Cold
2024-01-31,Bengaluru,21.81,17.01,28.7,1.03,63.39,17.63,1008.9,Clear
2023-11-29,Hyderabad,20.66,14.86,25.7,1.37,77.53,8.94,1011.38,Clear
2024-06-29,Mumbai,34.5,27.06,39.49,21.46,85.21,11.0,1010.16,Rainy
2024-12-12,Pune,24.89,18.84,30.14,1.26,71.7,14.21,1003.77,Clear
2024-01-25,Pune,17.83,9.37,24.63,0.79,64.02,,1003.32,Cold
2022-04-28,Delhi,26.77,17.77,33.88,0.08,52.37,16.84,1010.47,Clear
2023-11-27,Chennai,20.74,16.53,25.49,0.22,83.6,15.52,1013.87,Cloudy
2022-06-11,Pune,34.87,26.39,41.64,10.13,59.82,18.99,1017.14,Rainy
2022-10-31,Delhi,24.95,17.61,32.82,5.01,65.81,14.04,1003.95,Clear
2022-12-19,Chennai,22.44,15.77,28.81,1.32,74.71,10.02,1016.7,Clear
2024-07-16,Bengaluru,36.13,30.43,40.17,39.76,98.0,10.37,1020.37,Heavy Rain
2022-03-24,Pune,28.9,19.97,35.96,2.4,67.52,9.16,1001.43,Clear
2023-07-27,Hyderabad,30.6,21.97,34.71,23.71,98.0,17.11,1019.43,Rainy
2024-10-01,Hyderabad,21.63,17.51,27.13,2.12,83.31,9.68,1014.46,Cloudy
2023-03-19,Mumbai,26.54,21.87,33.07,3.62,80.25,14.81,1017.18,Cloudy
2022-10-31,Pune,22.56,14.98,27.0,0.15,68.27,9.67,1014.43,Clear
2023-10-16,Bengaluru,17.94,13.4,23.38,0.21,87.66,5.28,1010.26,Cold
2022-05-02,Hyderabad,34.42,27.36,40.4,3.9,63.87,15.34,1016.67,Clear
2023-01-22,Bengaluru,18.08,11.3,25.42,2.6,75.83,19.38,1016.98,Clear
2023-11-29,Bengaluru,20.23,14.54,26.34,1.7,72.06,14.79,1004.14,Clear
2024-03-20,Chennai,36.59,30.67,42.79,2.82,37.62,10.3,1013.57,Hot
2024-11-20,Mumbai,21.14,16.31,26.54,2.91,80.82,13.91,1004.78,Cloudy
2024-11-26,Delhi,19.83,14.6,26.26,0.9,55.43,14.53,1018.19,Clear
2023-10-25,Hyderabad,27.06,18.82,31.23,0.19,62.17,10.81,1008.73,Clear
2023-02-02,Bengaluru,26.43,19.15,30.7,7.17,74.81,10.89,1016.81,Clear
2022-11-16,Pune,24.6,19.36,28.67,1.19,83.5,6.23,1018.45,Cloudy
2022-06-30,Delhi,39.65,33.15,44.87,30.91,86.63,12.05,1011.3,Rainy
2022-09-25,Hyderabad,32.55,25.22,38.68,9.02,55.95,19.24,1012.02,Clear
2023-12-03,Bengaluru,14.53,7.75,19.5,0.78,80.13,13.32,1007.36,Cold
2024-10-10,Hyderabad,18.55,11.04,26.35,0.16,77.23,8.7,1008.09,Clear
2022-04-11,Bengaluru,27.81,19.49,35.14,1.74,74.62,11.15,1020.59,Clear
2024-09-08,Bengaluru,26.19,20.65,31.45,18.81,83.12,20.26,1011.07,Rainy
2022-08-19,Hyderabad,30.6,23.75,35.59,6.82,75.98,16.14,1013.11,Clear
2023-02-11,Pune,19.71,10.86,24.9,0.58,72.95,15.13,1016.62,Clear
2024-07-08,Hyderabad,35.27,26.93,39.6,11.45,61.35,12.63,1016.7,Rainy
2023-04-26,Bengaluru,28.37,23.49,33.18,0.52,48.79,5.67,1011.72,Clear
2023-05-29,Chennai,35.45,31.4,42.23,1.81,42.24,14.84,1013.46,Hot
2024-07-04,Pune,38.98,33.59,42.98,22.02,76.1,12.47,1019.45,Rainy
2023-08-30,Hyderabad,31.61,24.47,36.96,32.1,94.89,13.8,1015.32,Rainy
2024-06-25,Hyderabad,39.49,33.38,43.59,11.93,58.23,6.76,1022.07,Rainy
2024-05-04,Chennai,39.0,34.72,44.87,5.0,42.32,6.41,1014.79,Hot
2022-07-01,Bengaluru,37.46,29.76,44.87,16.22,77.74,10.1,1010.83,Rainy
2023-05-21,Chennai,33.86,26.66,40.24,4.6,74.32,2.0,1012.71,Clear
2023-08-15,Hyderabad,28.65,23.22,34.71,17.16,84.08,12.43,1011.49,Rainy
2024-05-06,Bengaluru,35.01,29.86,42.22,8.38,59.49,14.54,1008.58,Hot
2022-01-07,Mumbai,23.48,15.46,27.77,2.29,76.94,8.64,1010.45,Clear
2024-02-28,Delhi,22.24,17.99,26.33,0.05,57.08,10.34,1013.59,Clear
2022-10-23,Delhi,24.12,18.72,29.88,4.14,66.96,14.74,1014.77,Clear
2023-11-10,Mumbai,19.42,12.86,27.18,0.28,80.36,10.44,1005.65,Cloudy
2024-04-27,Pune,33.75,27.22,41.17,2.49,49.23,8.34,1013.31,Clear
2024-11-06,Chennai,19.05,13.19,26.84,1.48,84.37,,1008.82,Cloudy
2023-08-13,Chennai,38.07,30.48,43.96,7.0,64.97,10.46,1009.68,Hot
2022-05-20,Chennai,33.88,26.65,38.66,1.18,41.72,12.01,1010.74,Clear
2024-01-08,Hyderabad,15.08,8.74,21.16,2.13,70.07,7.35,1010.44,Cold
2024-10-28,Bengaluru,21.16,17.02,25.76,0.28,63.38,12.93,1008.67,Clear
2023-02-20,Delhi,22.89,18.25,29.17,5.35,83.55,12.2,1011.44,Cloudy
2023-06-12,Chennai,39.95,32.94,46.74,16.26,59.49,10.44,1009.61,Rainy
2023-01-21,Hyderabad,16.85,12.77,21.27,0.93,86.64,12.95,1007.6,Cold
2024-04-22,Chennai,34.64,29.07,40.44,1.03,55.62,13.13,1020.27,Clear
2024-03-21,Hyderabad,26.14,19.36,33.62,9.65,73.04,10.9,1017.94,Clear
2024-11-30,Mumbai,25.62,19.0,31.53,4.71,69.14,7.49,1007.73,Clear
2023-12-04,Delhi,23.33,16.53,28.08,1.2,70.68,14.82,1007.41,Clear
2024-06-05,Bengaluru,38.81,33.01,46.56,8.39,56.75,10.65,1007.43,Hot
2024-10-15,Bengaluru,22.47,17.38,27.61,2.64,71.31,7.02,1012.44,Clear
2022-02-20,Delhi,22.3,14.52,29.19,3.35,75.96,11.91,1011.92,Clear
2023-01-14,Pune,20.87,13.13,28.09,3.26,75.4,15.12,1009.03,Clear
2023-05-12,Hyderabad,32.74,28.64,39.29,0.74,56.18,16.8,1007.64,Clear
2024-03-04,Pune,26.97,19.39,34.41,1.05,52.01,16.02,1009.88,Clear
2024-02-11,Bengaluru,22.24,17.59,29.71,1.14,66.05,12.05,1010.0,Clear
2024-11-19,Mumbai,20.64,15.29,26.68,0.25,86.3,12.59,1004.92,Cloudy
2024-07-14,Pune,33.67,27.52,40.25,11.86,78.05,14.26,1009.56,Rainy
2024-08-28,Hyderabad,29.98,22.29,37.49,17.69,81.53,11.73,1021.03,Rainy
2022-11-03,Hyderabad,21.38,17.19,26.55,1.44,68.28,19.2,1011.15,Clear
2023-04-12,Delhi,33.1,26.28,40.66,7.63,62.79,6.25,1011.96,Clear
2022-10-03,Delhi,18.25,10.04,25.94,7.62,84.95,8.58,1007.23,Cloudy
2022-02-28,Bengaluru,21.8,13.52,27.82,1.53,76.27,11.69,1020.89,Clear
2022-02-04,Pune,22.8,18.44,29.99,0.05,66.36,12.6,1012.79,Clear
2023-01-01,Pune,22.49,13.95,29.73,1.26,74.32,10.91,1007.13,Clear
2023-06-05,Bengaluru,28.15,23.57,32.76,5.2,69.18,10.71,1004.35,Clear
2023-05-04,Chennai,36.13,27.83,42.09,2.83,58.16,13.97,1021.07,Hot
2022-11-13,Chennai,19.43,12.43,23.65,0.88,71.84,10.63,1009.53,Clear
2023-10-15,Bengaluru,18.71,10.88,24.0,2.56,69.58,10.67,1006.06,Clear
2024-02-16,Delhi,18.94,10.37,26.93,1.18,86.69,8.52,1019.77,Cloudy
2022-08-11,Mumbai,32.72,24.19,37.82,7.39,60.9,8.18,1014.12,Clear
2023-09-25,Chennai,30.72,25.14,37.81,10.43,65.17,10.25,1006.05,Rainy
2022-02-18,Mumbai,25.86,21.26,30.33,4.01,,11.56,1014.01,Clear
2023-07-28,Mumbai,37.07,31.86,43.79,19.97,87.56,10.17,1012.93,Rainy
2022-05-21,Pune,30.34,23.67,35.21,0.73,53.69,9.22,1011.72,Clear
2023-09-17,Hyderabad,28.15,21.69,35.02,11.05,74.2,13.57,1012.62,Rainy
2024-04-21,Delhi,35.02,28.36,40.94,0.85,60.57,10.65,1013.33,Hot
2024-07-06,Chennai,34.92,26.1,41.73,15.53,68.87,13.16,1022.54,Rainy
2023-03-18,Chennai,33.4,29.23,41.17,0.17,57.29,10.34,1015.69,Clear
2022-04-01,Delhi,31.17,24.81,36.89,1.67,50.18,13.83,1006.64,Clear
2022-03-12,Hyderabad,25.42,16.79,32.61,1.1,72.95,10.79,1017.34,Clear
2022-09-25,Mumbai,27.76,21.97,34.98,5.31,64.03,15.81,1014.57,Clear
2022-01-09,Pune,23.28,17.84,29.28,0.65,74.95,8.05,1020.08,Clear
2022-04-24,Delhi,29.26,21.08,36.87,0.72,59.98,9.16,1020.35,Clear
2024-03-08,Hyderabad,28.08,20.86,35.94,1.83,67.97,7.63,1005.1,Clear
2024-04-19,Pune,36.34,29.05,42.4,1.67,43.5,13.66,1021.02,Hot
2023-01-22,Mumbai,21.49,13.36,26.18,4.36,72.61,7.56,1024.05,Clear
2023-08-29,Pune,31.58,25.22,38.99,8.38,68.6,10.68,1001.86,Clear
2023-06-17,Pune,36.41,28.99,42.9,29.54,89.51,13.74,1011.79,Rainy
2023-08-02,Bengaluru,29.7,24.79,34.09,5.78,60.45,14.74,1007.8,Clear
2023-06-07,Delhi,37.59,32.03,43.5,4.86,52.96,18.89,1010.63,Hot
2022-11-27,Bengaluru,13.11,8.02,17.51,0.99,82.51,19.42,1006.0,Cold
2022-10-22,Hyderabad,22.64,16.0,28.68,0.42,71.57,17.33,1011.76,Clear
2022-10-11,Chennai,24.41,17.02,28.85,0.02,67.0,11.37,1017.79,Clear
2023-04-13,Pune,35.78,28.09,40.84,1.38,58.93,11.74,1013.04,Hot
2023-07-23,Delhi,40.5,33.76,45.5,8.16,54.13,6.9,1013.46,Hot
2024-09-24,Delhi,29.1,20.19,35.41,20.6,93.82,17.31,1013.74,Rainy
2024-10-01,Bengaluru,19.98,13.97,24.76,0.87,67.27,12.69,1005.2,Clear
2022-07-29,Mumbai,41.91,34.08,46.55,8.0,54.41,9.71,1013.77,Hot
2024-06-28,Mumbai,38.87,31.59,44.54,1.02,45.5,12.13,1000.91,Hot
2022-07-13,Pune,39.02,34.22,44.2,9.75,65.78,9.41,1013.81,Hot
2022-11-28,Chennai,27.57,20.44,33.78,0.11,66.22,8.38,1015.13,Clear
2024-02-10,Pune,24.85,18.51,31.43,6.8,81.38,11.91,1020.41,Cloudy
2024-01-17,Pune,24.14,19.81,31.19,2.82,62.05,16.0,1007.01,Clear
2022-11-02,Delhi,20.2,11.23,27.21,6.7,74.76,15.09,1011.96,Clear
2024-10-08,Hyderabad,29.5,21.15,35.2,0.17,61.27,9.2,1008.47,Clear
2022-04-15,Mumbai,33.86,27.68,38.84,2.13,58.64,14.49,1004.15,Clear
2024-08-16,Mumbai,35.55,30.45,40.35,7.52,69.92,5.39,1010.81,Hot
2023-11-29,Pune,20.02,13.62,24.76,1.87,74.45,12.87,1012.33,Clear
2024-09-19,Pune,22.6,16.41,27.67,6.32,80.77,14.87,1017.78,Cloudy
2023-05-26,Delhi,35.21,29.84,42.42,3.74,64.61,5.03,1015.55,Hot
2022-11-28,Mumbai,24.57,15.91,30.75,2.08,78.68,14.73,1012.77,Clear
2024-07-20,Chennai,36.01,27.53,41.54,22.45,80.17,5.63,1012.22,Rainy
2023-07-03,Hyderabad,39.62,33.34,45.14,14.98,68.1,15.61,1011.91,Rainy
2022-11-13,Hyderabad,20.18,11.48,27.5,0.85,75.24,17.92,1015.48,Clear
2022-09-25,Delhi,20.95,15.08,27.51,10.04,86.1,4.67,1007.49,Rainy
2023-11-10,Pune,19.31,12.68,24.28,2.38,84.94,12.81,1013.46,Cloudy
2022-08-29,Hyderabad,29.35,21.65,34.23,11.61,70.3,11.84,1019.21,Rainy
2024-02-07,Hyderabad,26.4,21.19,32.86,0.95,62.63,7.79,1013.91,Clear
2022-08-30,Hyderabad,35.99,30.7,43.85,6.09,66.59,10.26,1013.88,Hot
2024-10-17,Bengaluru,22.74,16.7,27.09,0.56,65.73,15.02,1004.14,Clear
2023-01-22,Chennai,20.01,11.26,26.06,2.16,80.98,12.18,1012.73,Cloudy
2022-07-15,Bengaluru,35.35,31.05,43.24,9.09,63.6,14.63,1007.45,Hot
2022-04-27,Hyderabad,26.84,21.4,34.77,1.05,59.51,8.63,1012.56,Clear
2023-12-07,Delhi,24.26,15.55,30.74,0.37,73.57,10.86,1006.68,Clear
2024-12-11,Chennai,28.08,20.74,32.82,0.75,55.59,11.05,1011.24,Clear
2023-09-07,Pune,28.66,20.38,36.3,1.95,59.64,7.41,1017.61,Clear
2023-10-07,Hyderabad,22.6,13.66,28.14,3.07,74.32,15.73,1008.73,Clear
2022-10-14,Delhi,19.17,12.91,25.22,1.25,76.13,17.33,1015.53,Clear
2022-10-31,Hyderabad,23.94,17.73,31.05,0.29,62.8,10.93,1011.6,Clear
2022-09-28,Pune,27.95,19.58,35.5,4.86,65.52,14.26,1013.36,Clear
2022-06-23,Mumbai,38.58,33.94,45.88,9.09,50.78,8.44,1008.48,Hot
2024-05-08,Mumbai,42.11,36.71,49.04,0.57,36.52,15.52,1004.83,Hot
2023-03-31,Hyderabad,28.61,23.67,32.74,1.91,52.38,18.19,1011.47,Clear
2023-02-24,Chennai,26.22,21.0,31.33,3.01,59.51,16.77,1028.47,Clear
2022-02-03,Bengaluru,18.49,10.56,23.72,1.52,82.72,11.77,1014.8,Cloudy
2022-08-14,Bengaluru,31.11,24.92,35.86,8.84,66.12,11.04,1014.88,Clear
2022-09-22,Chennai,27.62,19.49,34.28,33.75,98.0,15.99,1017.39,Rainy
2023-11-19,Chennai,25.34,16.87,31.17,3.46,70.11,21.36,1011.48,Clear
2024-05-06,Pune,37.5,33.46,42.98,0.36,62.22,7.41,1010.76,Hot
2022-01-24,Bengaluru,15.97,11.51,22.45,0.22,87.75,15.75,1009.71,Cold
2023-08-06,Bengaluru,32.73,25.93,37.64,1.91,49.66,13.32,1005.47,Clear
2023-03-31,Bengaluru,26.09,20.96,32.29,2.77,68.34,16.49,1013.34,Clear
2024-02-02,Bengaluru,25.96,17.7,32.21,3.86,78.69,15.1,1009.66,Clear
2024-07-29,Pune,33.9,26.77,38.54,21.74,84.34,6.95,1005.44,Rainy
2023-04-16,Chennai,35.63,28.68,42.98,2.85,46.16,6.67,1011.29,Hot
2023-02-19,Chennai,27.85,20.98,33.06,0.69,59.88,9.53,1011.92,Clear
2023-03-21,Hyderabad,32.92,26.41,40.79,1.34,47.81,11.75,1010.32,Clear
2022-01-19,Mumbai,20.33,14.39,28.07,0.83,67.05,15.25,1005.85,Clear
2023-08-07,Hyderabad,30.28,22.69,35.78,6.2,58.2,12.19,1020.17,Clear
2022-01-01,Mumbai,24.56,16.9,30.96,1.12,69.28,16.04,1009.1,Clear
2024-12-14,Pune,18.34,9.51,22.43,1.57,82.14,14.63,1012.59,Cloudy
2022-09-18,Pune,28.27,20.79,32.48,16.16,87.38,11.14,1001.88,Rainy
2023-05-30,Hyderabad,36.3,29.55,40.76,0.68,49.51,11.68,1012.96,Hot
2023-07-09,Bengaluru,33.66,27.75,38.2,1.09,54.61,15.3,1013.55,Clear
2023-09-27,Delhi,24.65,16.19,31.23,0.47,66.55,11.53,1008.03,Clear
2023-06-12,Bengaluru,40.75,31.93,46.64,9.59,55.9,12.79,1005.93,Hot
2023-02-01,Mumbai,23.15,17.14,30.69,5.59,74.26,14.38,1006.48,Clear
2023-07-20,Hyderabad,31.67,23.45,38.82,4.1,59.56,9.34,1010.17,Clear
2024-07-09,Delhi,35.49,28.59,43.26,3.65,55.94,10.03,1007.58,Hot
2023-08-23,Hyderabad,30.93,24.91,38.74,27.1,90.95,17.98,1014.7,Rainy
2024-04-04,Hyderabad,30.35,25.25,35.76,5.28,72.92,10.2,1013.14,Clear
2023-12-18,Pune,16.63,12.21,21.79,5.3,79.19,9.1,1005.61,Cold
2024-08-07,Bengaluru,25.06,18.52,30.3,12.73,90.16,5.07,1002.64,Rainy
2023-01-27,Hyderabad,26.66,22.51,31.72,1.44,77.01,15.66,1004.03,Clear
2024-03-27,Mumbai,29.07,24.71,36.89,0.12,58.12,15.09,1012.17,Clear
2023-04-22,Pune,35.38,28.86,42.11,1.17,47.75,15.12,1006.97,Hot
2022-06-24,Hyderabad,38.07,33.81,43.13,12.95,74.91,17.03,1008.87,Rainy
2023-12-06,Pune,20.49,11.85,27.68,1.82,72.04,9.42,1013.37,Clear
2022-03-30,Delhi,25.91,17.65,31.43,0.49,62.36,,1019.22,Clear
2022-08-26,Delhi,33.91,28.08,41.36,3.02,51.64,7.51,1010.26,Clear
2024-04-06,Hyderabad,28.27,24.25,32.63,0.83,56.45,17.85,1012.26,Clear
2022-10-08,Hyderabad,27.52,22.19,35.29,9.43,83.12,14.72,1011.89,Cloudy
2023-08-19,Hyderabad,32.6,27.42,37.54,,80.04,14.64,1007.14,Rainy
2023-11-14,Bengaluru,21.37,13.04,26.66,1.95,66.35,16.79,1009.65,Clear
2024-08-20,Chennai,28.37,22.96,35.29,21.5,98.0,5.96,1014.53,Rainy
2024-12-16,Bengaluru,11.99,7.73,19.1,1.83,77.95,14.45,1011.06,Cold
2024-01-05,Pune,24.93,19.31,30.93,0.74,71.6,8.24,1001.54,Clear
2023-12-17,Bengaluru,15.79,9.49,20.35,0.04,77.15,13.01,1007.6,Cold
2024-12-14,Hyderabad,21.18,13.9,28.4,2.13,71.57,13.9,1006.94,Clear
2022-08-08,Hyderabad,26.78,20.88,30.89,1.51,76.83,2.28,1016.07,Clear
2022-12-05,Hyderabad,23.22,15.99,29.43,0.76,68.73,9.31,1007.35,Clear
2023-07-09,Mumbai,36.2,28.74,42.84,11.69,66.81,11.83,1012.33,Rainy
2022-03-05,Pune,25.69,18.9,33.1,1.68,52.7,15.18,1010.52,Clear
2022-04-28,Pune,28.61,24.49,34.21,0.55,59.13,11.54,1004.59,Clear
2023-05-14,Bengaluru,33.86,24.95,38.41,2.01,43.76,12.93,1011.54,Clear
2022-08-18,Pune,28.72,24.45,33.97,14.14,72.79,8.17,1016.32,Rainy
2023-11-17,Bengaluru,15.72,7.79,19.84,1.22,84.29,15.89,1012.47,Cold
2024-01-29,Bengaluru,20.36,15.24,26.48,0.6,70.9,13.26,1007.03,Clear
2023-12-02,Mumbai,21.33,14.9,27.49,0.39,74.2,10.11,1014.66,Clear
2023-05-24,Delhi,32.65,26.53,39.87,2.86,54.84,15.23,1006.95,Clear
2022-11-29,Hyderabad,19.5,11.39,26.13,3.91,76.23,11.04,1006.24,Clear
2024-01-22,Pune,21.97,13.24,27.54,0.03,62.31,10.69,1014.91,Clear
2023-03-27,Hyderabad,29.67,23.63,37.37,0.44,55.4,10.46,1008.92,Clear
2023-08-28,Delhi,29.13,23.72,34.84,9.46,81.14,7.64,1015.26,Cloudy
2022-12-26,Pune,23.89,19.41,29.16,0.43,72.16,8.23,1007.81,Clear
2022-02-06,Chennai,30.35,23.0,37.24,0.89,61.52,5.72,1015.92,Clear
2024-05-31,Hyderabad,40.69,33.23,45.38,3.05,50.2,11.32,1015.06,Hot
2022-07-05,Bengaluru,36.1,31.57,43.7,27.92,91.56,12.44,1002.31,Rainy
2024-05-16,Mumbai,33.81,28.77,39.32,3.63,48.98,9.21,1012.62,Clear
2023-10-12,Hyderabad,23.86,14.88,31.82,0.49,61.23,13.27,1015.78,Clear
2023-07-03,Pune,37.5,30.15,44.08,21.19,64.4,11.64,1017.56,Rainy
2024-11-10,Pune,24.02,15.93,30.62,,63.84,13.04,1012.09,Clear
2022-03-05,Hyderabad,27.09,18.93,32.41,0.02,63.62,24.01,1007.12,Clear
2023-05-25,Chennai,38.06,32.23,44.64,4.21,41.11,10.65,1010.75,Hot
2023-01-30,Pune,17.13,9.13,25.02,1.71,78.01,6.64,1007.74,Cold
2022-05-02,Chennai,36.57,31.34,41.52,0.05,38.23,12.68,1007.76,Hot
2023-12-31,Mumbai,20.74,15.74,24.89,0.19,77.24,14.75,1008.94,Clear
2024-12-10,Bengaluru,19.82,13.12,25.17,0.34,71.1,10.51,1010.92,Clear
2024-02-19,Mumbai,19.48,11.23,25.4,1.13,58.62,16.41,1019.21,Clear
2023-03-05,Delhi,26.49,20.58,33.73,1.24,64.51,10.93,1011.0,Clear
2024-04-20,Pune,28.41,20.5,35.15,0.41,63.55,11.79,1007.64,Clear
2023-05-29,Bengaluru,37.59,31.8,41.91,0.88,47.96,17.99,1015.36,Hot
2022-02-15,Bengaluru,24.98,19.01,29.53,3.77,70.13,15.94,1006.33,Clear
2022-01-15,Pune,23.42,17.93,27.56,0.43,75.97,5.92,1000.96,Clear
2024-08-25,Hyderabad,37.59,32.22,41.83,9.23,61.58,10.94,1004.24,Hot
2023-02-16,Chennai,23.36,16.51,27.82,1.64,69.8,16.5,1014.72,Clear
2024-03-17,Delhi,29.93,24.76,37.26,1.03,65.56,16.03,1015.45,Clear
2022-07-22,Delhi,31.16,25.83,36.59,45.97,98.0,10.46,1012.84,Heavy Rain
2022-03-31,Pune,27.94,22.81,33.5,4.46,71.42,12.18,1012.34,Clear
2024-06-30,Pune,34.09,28.03,41.85,14.41,77.26,18.56,1014.45,Rainy
2022-07-13,Mumbai,43.1,34.38,48.06,4.27,45.73,11.34,1005.3,Hot
2023-02-24,Pune,20.31,14.83,24.92,0.92,70.29,12.34,1014.53,Clear
2022-10-28,Chennai,26.16,21.99,34.13,1.38,69.44,9.2,1010.34,Clear
2023-08-02,Mumbai,32.77,25.34,38.02,23.32,76.28,8.34,1017.23,Rainy
2024-10-24,Pune,29.69,22.83,36.68,0.08,53.83,19.0,1004.21,Clear
2022-11-30,Pune,20.34,12.8,25.24,0.5,82.57,12.98,1016.75,Cloudy
2024-02-11,Mumbai,26.06,19.34,31.2,2.11,71.86,11.93,1007.12,Clear
2023-01-31,Delhi,23.16,15.13,29.29,0.57,74.74,14.63,1012.48,Clear
2022-07-23,Delhi,34.78,25.86,42.53,14.83,82.86,9.59,1009.99,Rainy
2024-11-26,Chennai,31.32,23.09,35.45,1.74,57.02,10.32,1015.27,Clear
2024-01-21,Pune,22.0,17.27,26.92,0.03,70.53,8.31,1012.47,Clear
2022-05-12,Mumbai,36.81,32.49,43.14,0.15,43.07,15.98,1010.62,Hot
2022-06-28,Mumbai,39.59,33.08,45.18,8.62,49.1,12.23,1014.65,Hot
2023-02-11,Chennai,31.56,24.0,38.58,1.91,69.56,12.02,1014.95,Clear
2023-12-17,Pune,22.78,14.22,29.7,2.19,76.6,15.53,1011.2,Clear
2024-12-08,Chennai,23.02,16.04,30.86,1.07,78.47,21.32,1011.17,Clear
2023-01-24,Delhi,22.95,16.75,29.63,0.5,74.33,19.19,1009.68,Clear
2024-08-16,Bengaluru,33.53,26.53,40.46,27.34,98.0,4.91,1017.88,Rainy
2024-04-23,Hyderabad,30.65,26.14,35.81,1.49,58.68,10.57,1005.44,Clear
2023-04-06,Delhi,33.58,29.06,38.7,1.15,60.49,17.76,1004.79,Clear
2024-10-03,Bengaluru,20.42,13.77,25.35,1.56,67.4,13.69,1008.27,Clear
2024-09-04,Pune,26.07,21.25,30.36,16.46,88.82,11.98,1020.28,Rainy
2023-10-21,Mumbai,24.67,17.13,29.43,0.46,64.28,9.93,1018.63,Clear
2024-03-11,Pune,27.54,19.03,31.63,0.66,61.03,14.68,1021.18,Clear
2023-04-01,Hyderabad,38.7,33.04,45.66,1.06,40.28,11.37,1018.16,Hot
2023-02-19,Delhi,23.62,17.58,30.09,1.49,70.56,12.06,1020.73,Clear
2022-01-30,Delhi,18.45,12.18,24.17,3.1,89.79,11.62,1015.22,Cloudy
2024-09-14,Chennai,31.55,22.95,39.41,21.82,86.34,14.78,1010.71,Rainy
2022-07-07,Delhi,34.44,26.88,41.63,14.4,77.0,13.52,1014.84,Rainy
2022-12-18,Pune,22.75,16.39,30.26,0.76,67.71,10.01,1012.27,Clear
2022-12-09,Mumbai,25.06,18.99,30.78,6.94,82.92,16.22,1012.0,Cloudy
2022-03-26,Bengaluru,21.91,16.31,29.2,1.44,78.15,14.92,1019.54,Clear
2024-08-05,Bengaluru,26.39,19.59,32.2,12.63,83.09,10.12,1003.75,Rainy
2022-11-23,Chennai,28.28,21.75,34.72,1.44,61.85,10.09,1011.83,Clear
2022-12-02,Delhi,17.33,11.83,21.87,0.44,76.06,16.04,1010.15,Cold
2023-12-29,Mumbai,21.15,16.19,28.22,2.95,69.81,10.47,1002.12,Clear
2024-03-12,Hyderabad,30.57,24.95,35.35,3.01,57.5,12.82,1007.4,Clear
2024-09-03,Mumbai,30.71,22.21,38.42,21.9,87.71,11.3,1020.57,Rainy
2023-07-12,Chennai,40.86,36.38,46.66,6.28,61.15,9.67,1008.58,Hot
2024-12-11,Hyderabad,19.64,13.83,23.66,1.82,74.86,6.65,1012.97,Clear
2024-04-12,Pune,35.47,29.22,43.03,2.6,40.52,17.81,1013.28,Hot
2024-05-17,Chennai,35.1,29.91,41.03,0.73,55.43,9.52,1009.87,Hot
2024-09-27,Bengaluru,26.05,21.77,31.66,15.87,85.23,12.43,1009.01,Rainy
2024-08-07,Chennai,30.96,24.36,37.85,9.94,85.57,17.54,1008.71,Cloudy
2024-05-07,Chennai,33.59,29.43,40.86,1.75,68.31,10.82,1014.47,Clear
2022-07-23,Pune,35.42,29.07,40.44,11.4,84.18,11.09,1010.85,Rainy
2022-07-17,Hyderabad,37.61,32.95,42.02,4.12,60.04,10.33,1013.35,Hot
2023-07-30,Chennai,39.21,31.16,44.33,5.78,58.83,7.62,1011.02,Hot
2023-10-23,Mumbai,27.1,18.63,34.78,1.44,57.72,14.35,1019.07,Clear
2023-11-26,Pune,21.03,14.77,26.35,0.65,75.51,16.09,1014.53,Clear
2024-03-17,Bengaluru,29.4,21.92,36.78,2.69,48.94,15.85,1011.66,Clear
2022-02-04,Hyderabad,17.56,12.18,24.73,4.79,80.86,9.13,1004.48,Cold
2023-05-09,Mumbai,37.56,29.96,43.61,0.43,62.87,14.13,1016.2,Hot
2023-04-23,Bengaluru,30.22,22.13,36.41,4.62,63.59,16.6,1010.93,Clear
2022-08-31,Hyderabad,34.63,29.01,38.95,15.57,65.46,7.84,1013.53,Rainy
2024-06-30,Chennai,44.91,39.98,49.96,2.73,47.42,10.31,1009.41,Hot
2023-10-09,Chennai,24.67,18.87,30.74,1.09,66.81,13.04,1006.44,Clear
2023-08-15,Chennai,43.85,35.29,48.83,51.37,98.0,11.19,1008.41,Heavy Rain
2022-04-15,Chennai,40.2,31.49,47.32,2.0,43.09,18.28,1013.8,Hot
2024-12-21,Mumbai,23.98,19.92,30.33,1.1,76.26,16.65,1014.18,Clear
2024-01-15,Chennai,23.22,14.43,27.6,0.19,68.19,6.45,1015.78,Clear
2023-02-24,Bengaluru,16.06,8.39,22.53,0.98,76.05,15.57,1016.33,Cold
2023-11-26,Mumbai,22.7,18.3,30.22,1.32,73.66,12.91,1008.06,Clear
2022-07-02,Pune,33.53,25.17,40.5,8.04,53.58,9.61,1016.1,Clear
2024-10-03,Delhi,20.54,12.95,25.75,0.06,72.09,8.82,1010.14,Clear
2022-09-17,Hyderabad,31.03,26.93,39.02,1.51,61.37,7.95,1015.61,Clear
2023-06-10,Pune,37.36,28.48,43.32,34.32,98.0,11.09,1003.35,Rainy
2023-01-05,Delhi,21.86,14.88,29.29,1.58,56.99,13.06,1008.03,Clear
2022-08-02,Hyderabad,29.94,23.51,37.66,8.08,81.74,7.65,1010.75,Cloudy
2022-03-11,Hyderabad,27.14,21.39,34.06,1.5,55.94,15.64,1008.96,Clear
2022-03-09,Mumbai,29.98,25.54,36.12,4.66,61.44,18.33,1010.06,Clear
2023-09-28,Pune,25.53,20.52,30.15,10.28,84.17,12.17,1012.83,Rainy
2022-12-25,Bengaluru,14.67,9.4,18.96,0.57,84.33,15.23,1004.35,Cold
2022-03-19,Delhi,28.06,23.54,35.39,2.31,73.84,16.75,1016.28,Clear
2022-06-05,Chennai,36.44,31.65,43.29,32.68,98.0,9.96,1007.85,Rainy
2023-05-18,Bengaluru,36.18,29.86,40.59,0.69,64.75,16.11,1012.47,Hot
2023-08-26,Chennai,31.12,23.18,37.11,12.32,61.05,10.48,1020.7,Rainy
2024-03-31,Mumbai,31.6,26.09,38.25,0.53,50.55,13.54,1004.33,Clear
2022-05-11,Pune,36.65,32.11,41.66,1.79,54.22,8.3,1020.84,Hot
2023-08-05,Pune,35.51,31.39,41.49,2.6,57.0,6.86,1006.16,Hot
2022-01-29,Chennai,25.35,20.1,31.48,0.21,69.17,10.08,1008.74,Clear
2023-11-07,Delhi,12.99,5.43,18.47,0.05,86.23,11.19,1024.11,Cold
2022-06-09,Bengaluru,35.72,28.77,41.63,8.41,72.32,6.87,1011.57,Hot
2024-06-10,Hyderabad,33.05,25.56,39.66,24.71,94.49,4.78,1011.11,Rainy
2022-06-25,Delhi,37.5,29.16,44.93,17.05,69.36,2.91,1004.06,Rainy
2022-02-28,Chennai,28.99,23.96,34.32,4.33,74.73,12.59,1015.78,Clear
2024-12-29,Bengaluru,21.89,17.11,26.2,0.57,70.82,8.99,1007.67,Clear
2022-11-17,Delhi,21.58,15.95,27.85,0.91,70.06,9.46,1016.44,Clear
2024-10-30,Hyderabad,31.14,27.08,37.76,1.5,61.4,18.77,1016.84,Clear
2023-06-16,Delhi,37.44,29.66,44.34,0.73,52.38,7.78,1013.69,Hot
2023-01-30,Chennai,24.82,18.27,30.94,2.75,68.33,9.61,1006.06,Clear
2022-05-11,Chennai,33.93,26.74,40.48,3.87,64.14,11.41,1012.11,Clear
2023-04-26,Hyderabad,30.2,24.48,37.46,3.96,53.62,4.92,1014.52,Clear
2022-02-17,Pune,22.66,18.33,30.43,0.42,59.03,18.86,1017.7,Clear
2023-02-02,Mumbai,28.77,23.82,33.51,0.45,46.82,13.41,1009.15,Clear
2023-08-20,Chennai,37.78,31.4,42.81,18.46,73.34,5.89,1011.04,Rainy
2023-01-15,Bengaluru,23.78,16.26,29.91,3.06,77.99,10.9,1008.38,Clear
2024-02-26,Mumbai,29.73,24.3,35.57,3.88,62.61,12.87,1008.25,Clear
2022-06-18,Chennai,41.48,33.94,49.43,54.54,98.0,9.09,1011.07,Heavy Rain
2022-01-11,Hyderabad,25.66,21.27,32.65,0.15,64.99,15.01,1012.85,Clear
2022-10-30,Pune,20.25,12.05,25.69,1.79,74.48,11.43,1016.62,Clear
2023-07-18,Pune,34.34,29.45,41.07,5.58,59.79,16.71,1012.34,Clear
2024-08-11,Bengaluru,29.72,23.04,36.88,6.61,55.29,9.88,1017.22,Clear
2023-01-30,Hyderabad,23.55,16.86,28.96,1.08,58.23,15.73,1007.93,Clear
2024-07-31,Delhi,36.22,28.08,40.62,22.67,88.13,9.21,1010.54,Rainy
2022-04-21,Bengaluru,25.78,21.59,32.14,0.91,79.3,10.06,1018.69,Clear
2022-01-29,Delhi,21.02,13.17,28.67,6.44,84.51,7.3,1011.25,Cloudy
2024-09-06,Mumbai,29.53,22.36,34.53,11.08,69.82,16.49,1008.69,Rainy
2022-05-20,Delhi,34.28,27.67,38.93,1.67,64.78,14.42,1018.97,Clear
2022-07-22,Pune,30.77,25.32,37.84,5.94,72.2,11.87,1010.91,Clear
2023-08-28,Bengaluru,30.26,24.51,37.04,14.58,69.56,14.64,1010.44,Rainy
2024-11-14,Bengaluru,16.2,7.8,20.5,7.13,81.36,4.02,1016.28,Cold
2024-07-27,Hyderabad,32.6,26.19,37.67,26.46,94.99,12.77,1008.88,Rainy
2022-03-24,Mumbai,32.61,25.14,38.78,4.26,52.57,9.95,1012.85,Clear
2023-06-21,Bengaluru,34.09,28.28,39.27,3.19,59.61,13.06,1006.26,Clear
2022-08-06,Chennai,32.37,27.65,39.71,49.32,98.0,14.22,1011.89,Heavy Rain
2024-02-04,Hyderabad,23.6,15.67,30.08,0.77,67.13,7.17,1016.11,Clear
2022-01-27,Hyderabad,20.54,15.0,27.22,0.12,86.0,7.94,1018.99,Cloudy
2024-03-11,Hyderabad,26.34,18.5,32.95,0.51,59.19,11.8,1006.77,Clear
2024-03-06,Chennai,27.31,21.35,34.65,5.72,76.28,13.36,1011.3,Clear
2023-12-13,Delhi,20.35,13.71,26.56,1.7,69.9,11.05,1012.78,Clear
2023-02-28,Mumbai,24.03,17.82,29.37,2.48,53.59,17.31,1013.57,Clear
2022-08-14,Chennai,36.1,31.4,41.37,15.67,79.57,6.49,1021.5,Rainy
2024-03-19,Pune,27.03,20.88,31.63,3.57,63.36,12.73,1013.42,Clear
2023-05-14,Chennai,37.21,32.78,43.77,3.52,53.77,8.84,1011.5,Hot
2023-03-11,Pune,25.93,21.52,32.17,1.25,64.01,10.04,1011.5,Clear
2022-10-11,Hyderabad,21.3,14.91,28.26,0.05,76.44,11.23,1004.94,Clear
2023-04-15,Pune,36.08,28.71,40.92,0.15,42.43,9.64,1019.74,Hot
2022-04-13,Chennai,35.05,27.43,40.88,2.84,54.49,10.46,1011.98,Hot
2023-07-12,Delhi,29.8,20.89,37.2,1.32,62.01,14.11,1020.18,Clear
2024-04-19,Mumbai,41.91,36.12,47.82,1.77,47.6,13.07,1010.06,Hot
2023-05-16,Mumbai,35.82,30.72,39.82,0.18,52.4,14.72,1012.75,Hot
2023-10-31,Bengaluru,20.18,12.73,25.43,1.87,86.72,8.54,1010.5,Cloudy
2022-05-22,Mumbai,42.27,33.9,49.87,0.09,35.22,17.91,1018.9,Hot
2023-12-18,Chennai,25.97,20.27,33.12,2.54,49.39,15.09,1007.47,Clear
2023-02-18,Delhi,22.55,14.07,27.52,0.62,68.47,11.72,1018.13,Clear
2024-11-06,Hyderabad,18.42,11.49,23.01,0.21,82.46,5.56,1019.51,Cloudy
2022-10-09,Pune,25.52,21.47,32.27,0.85,62.77,17.35,1015.83,Clear
2024-08-24,Chennai,34.51,26.29,40.35,3.13,60.98,17.11,1012.25,Clear
2024-09-18,Chennai,20.85,13.64,25.88,12.1,92.72,7.64,1010.13,Rainy
2022-03-16,Delhi,22.7,15.67,27.35,0.53,76.21,3.67,1018.77,Clear
2022-02-04,Bengaluru,21.16,16.89,25.5,0.38,75.53,10.42,1007.72,Clear
2023-06-19,Hyderabad,32.9,26.11,39.96,6.24,57.42,7.42,1013.99,Clear
2022-02-12,Pune,23.7,17.66,30.52,1.37,72.75,16.84,1003.1,Clear
2022-03-07,Delhi,27.15,22.19,33.68,0.57,50.85,14.92,1017.32,Clear
2022-09-28,Chennai,36.05,30.53,41.98,6.85,45.26,8.14,1005.64,Hot
2024-04-24,Mumbai,29.63,21.72,36.77,4.5,63.19,7.24,1015.39,Clear
2023-11-23,Pune,28.07,21.94,35.97,0.1,63.28,13.96,1023.92,Clear
2024-08-24,Bengaluru,31.38,26.52,37.13,5.59,57.82,10.95,1012.24,Clear
2023-07-05,Mumbai,36.53,30.6,41.66,12.33,74.69,10.03,1017.27,Rainy
2024-04-14,Hyderabad,30.35,22.48,35.37,0.17,54.1,11.86,1010.79,Clear
2023-04-05,Mumbai,32.18,24.08,39.48,1.2,64.02,9.76,1018.35,Clear
2024-07-12,Pune,35.51,28.14,39.79,11.61,68.2,14.83,1008.93,Rainy
2023-11-24,Bengaluru,19.32,15.21,27.25,0.31,67.22,14.37,1019.94,Clear
2024-08-06,Mumbai,33.92,27.13,40.56,31.78,98.0,5.79,1015.33,Rainy
2023-08-23,Bengaluru,32.77,28.74,39.97,38.18,98.0,13.69,1007.71,Heavy Rain
2024-04-05,Hyderabad,30.53,23.68,35.26,6.66,71.96,15.0,1008.51,Clear
2023-06-17,Mumbai,36.18,30.66,42.31,15.27,63.08,13.39,1019.29,Rainy
2024-12-06,Delhi,13.09,6.38,17.66,2.44,89.0,14.22,1008.6,Cold
2024-12-07,Bengaluru,15.2,9.82,21.24,2.04,82.83,9.61,1011.69,Cold
2024-01-04,Pune,18.93,12.89,25.0,0.69,77.56,5.95,1005.48,Clear
2024-10-02,Chennai,24.4,17.24,30.11,4.6,76.06,19.21,1005.15,Clear
2022-12-02,Chennai,22.28,17.01,29.21,2.62,62.53,10.69,1013.65,Clear
2024-05-08,Hyderabad,35.64,29.88,42.81,2.07,38.96,15.83,1012.13,Hot
2024-03-01,Bengaluru,30.5,22.49,37.51,0.49,58.42,10.48,1014.81,Clear
2023-05-22,Pune,33.21,25.66,41.14,0.59,65.19,13.37,1008.76,Clear
2022-02-16,Delhi,23.58,16.77,30.38,1.54,67.47,5.96,1017.28,Clear
2023-10-02,Mumbai,27.94,21.26,33.51,1.33,39.66,8.73,1018.04,Clear
2024-06-12,Chennai,42.85,36.59,48.63,36.61,98.0,10.61,1014.37,Heavy Rain
2024-08-25,Mumbai,33.36,26.27,38.98,1.28,54.47,14.26,1009.04,Clear
2022-03-29,Chennai,33.48,29.13,39.95,0.47,45.76,8.86,1016.42,Clear
2022-05-04,Mumbai,32.85,25.68,39.01,2.65,59.06,10.39,1014.69,Clear
2023-08-11,Pune,31.98,26.33,37.45,10.89,69.24,11.72,1010.21,Rainy
2022-02-26,Delhi,20.81,15.44,26.86,2.37,73.56,18.31,1007.81,Clear
2022-10-13,Chennai,26.87,20.1,34.03,1.97,59.81,8.13,1010.3,Clear
2023-02-15,Chennai,24.33,19.05,32.2,1.86,74.79,13.71,1011.92,Clear
2023-12-27,Bengaluru,20.5,13.5,27.85,0.14,81.98,13.61,1018.43,Cloudy
2022-06-05,Mumbai,34.71,28.73,41.49,2.89,43.9,10.79,1005.53,Clear
2022-04-14,Delhi,33.26,24.96,37.47,3.95,54.17,10.82,1015.07,Clear
2022-07-31,Hyderabad,29.64,20.79,33.86,9.71,69.9,7.73,1019.94,Clear
2022-03-19,Hyderabad,28.66,24.35,32.66,4.84,72.77,16.45,1004.32,Clear
2024-12-25,Mumbai,18.46,12.04,26.37,0.89,82.34,11.19,1012.87,Cloudy
2024-10-23,Bengaluru,20.17,15.1,24.49,1.24,63.69,2.0,1012.51,Clear
2022-05-08,Delhi,34.44,28.23,39.04,1.07,62.09,8.09,1017.14,Clear
2024-01-19,Delhi,17.9,10.43,23.35,1.55,73.76,16.99,1010.76,Cold
2022-04-03,Chennai,36.07,28.59,41.3,1.01,53.66,6.0,1018.66,Hot
2022-10-16,Mumbai,22.28,18.28,27.48,0.14,73.98,14.71,1000.63,Clear
2024-07-19,Mumbai,35.44,29.42,39.99,35.03,98.0,7.7,1008.09,Heavy Rain
2023-12-19,Delhi,15.12,7.36,22.36,0.86,80.37,10.83,1018.15,Cold
2024-07-22,Bengaluru,37.5,32.32,44.43,4.76,50.3,14.84,1014.55,Hot
2023-12-29,Hyderabad,18.11,11.92,23.71,4.4,91.93,13.29,1005.73,Cloudy
2023-11-24,Delhi,20.97,13.69,26.3,0.92,88.94,11.96,1009.95,Cloudy
2024-03-04,Bengaluru,26.35,20.84,32.81,1.55,50.61,6.68,1005.93,Clear
2023-08-25,Bengaluru,26.88,19.16,33.52,7.04,70.19,10.8,1009.81,Clear
2024-11-21,Delhi,16.2,11.44,23.74,1.44,70.79,5.47,1016.92,Cold
2023-05-20,Chennai,41.91,37.68,47.93,0.66,40.85,15.86,1007.21,Hot
2024-03-19,Delhi,27.34,20.3,34.28,1.2,65.33,8.5,1010.11,Clear
2023-05-13,Hyderabad,37.61,32.61,43.29,2.07,52.86,16.86,1012.48,Hot
2024-01-30,Bengaluru,19.57,12.63,27.18,0.39,68.63,17.86,1004.19,Clear
2024-10-26,Chennai,24.14,18.0,29.6,2.35,73.14,10.86,1005.99,Clear
2024-07-31,Mumbai,41.31,34.16,47.52,21.47,77.86,20.98,998.37,Rainy
2022-06-12,Delhi,35.73,31.58,43.48,12.78,64.75,9.91,1018.47,Rainy
2024-08-03,Hyderabad,31.55,26.76,37.88,23.47,98.0,5.94,1011.47,Rainy
2022-07-26,Chennai,38.65,30.11,43.37,7.25,43.39,9.55,1008.28,Hot
2023-10-30,Chennai,30.04,22.93,37.65,0.15,54.46,19.36,1010.06,Clear
2023-08-26,Pune,31.71,24.85,39.57,10.1,69.29,12.53,1010.45,Rainy
2023-12-29,Chennai,22.08,15.73,29.8,1.27,76.4,8.24,1016.98,Clear
2022-06-12,Hyderabad,38.0,30.63,43.22,6.12,43.78,7.73,1005.53,Hot
2024-12-22,Chennai,22.03,16.1,29.04,1.32,72.56,19.28,1011.29,Clear
2022-02-22,Hyderabad,20.08,13.96,25.27,1.87,71.08,15.13,1014.63,Clear
2022-09-15,Hyderabad,27.85,21.13,33.09,8.42,71.55,13.08,1008.94,Clear
2023-06-09,Chennai,37.22,28.72,41.32,44.27,98.0,16.7,1009.89,Heavy Rain
2024-09-12,Mumbai,24.79,16.55,30.81,7.04,78.77,9.03,1014.57,Clear
2023-12-27,Pune,20.23,12.28,26.49,0.64,84.44,12.22,1007.35,Cloudy
2023-04-17,Bengaluru,31.93,24.86,37.15,5.09,71.03,19.18,1005.68,Clear
2023-06-19,Bengaluru,33.11,24.65,39.45,5.62,70.9,15.72,1016.69,Clear
2024-03-29,Chennai,31.62,27.5,36.45,2.56,70.62,19.19,1020.37,Clear
2024-09-08,Mumbai,29.87,24.47,34.46,10.84,75.52,4.21,1006.41,Rainy
2023-12-25,Hyderabad,21.27,17.23,28.69,3.07,72.93,15.03,1016.92,Clear
2023-08-22,Hyderabad,32.17,26.05,36.21,12.66,88.08,15.74,1012.5,Rainy
2023-06-04,Chennai,36.16,31.48,41.32,33.49,98.0,4.17,1009.08,Rainy
2024-12-18,Chennai,21.88,14.34,28.35,4.1,82.79,10.51,1012.2,Cloudy
2022-10-01,Chennai,27.94,19.23,33.16,3.43,83.33,15.34,1007.0,Cloudy
2022-08-29,Chennai,32.43,24.62,38.6,0.66,58.22,5.44,1012.41,Clear
2023-01-13,Pune,22.22,15.64,27.73,0.81,74.15,12.95,1006.63,Clear
2023-09-05,Hyderabad,,27.23,36.68,3.13,60.38,11.37,1009.37,Clear
2022-05-13,Chennai,37.85,30.86,42.15,1.86,41.48,19.61,1017.06,Hot
2022-02-11,Chennai,27.8,23.39,35.45,3.26,73.8,12.22,1005.7,Clear
2024-02-05,Bengaluru,15.42,10.98,20.36,1.42,87.2,14.86,1011.97,Cold
2023-10-10,Chennai,26.18,20.12,31.69,1.9,61.15,2.0,1011.94,Clear
2022-12-28,Pune,19.02,14.74,26.93,1.23,86.13,17.83,1014.6,Cloudy
2022-09-27,Bengaluru,28.56,21.37,34.83,14.38,90.98,11.94,1017.58,Rainy
2022-10-27,Pune,22.12,15.27,28.35,1.04,70.91,12.71,1006.65,Clear
2022-09-22,Mumbai,27.82,21.89,33.87,9.4,83.21,10.65,1014.07,Cloudy
2022-09-18,Bengaluru,21.09,12.51,27.73,6.94,74.15,10.04,1016.48,Clear
2022-09-17,Bengaluru,28.3,19.39,32.78,7.86,67.69,14.22,1006.11,Clear
2023-07-11,Delhi,32.96,25.92,39.87,2.24,55.61,6.9,1012.76,Clear
2024-03-28,Chennai,26.26,17.29,30.38,0.31,72.98,10.5,1014.3,Clear
2023-05-16,Delhi,32.17,25.99,40.02,0.32,65.49,7.23,1014.9,Clear
2023-06-21,Chennai,39.8,31.76,46.04,3.72,40.15,7.68,1013.77,Hot
2022-05-25,Chennai,42.33,34.56,49.37,3.74,49.44,14.18,1022.43,Hot
2024-07-18,Mumbai,33.07,26.24,38.96,35.72,98.0,14.86,1013.52,Heavy Rain
2022-09-08,Hyderabad,22.04,13.74,29.22,6.54,96.9,15.87,1011.35,Cloudy
2023-09-13,Bengaluru,26.59,21.02,31.04,9.28,82.42,8.17,1004.18,Cloudy
2022-07-28,Delhi,33.47,28.07,40.17,15.93,78.4,9.78,1015.65,Rainy
2024-12-18,Pune,26.18,18.59,33.48,0.56,56.04,16.0,1011.38,Clear
2023-10-07,Chennai,24.9,18.79,30.23,2.51,74.5,12.65,1015.9,Clear
2022-09-04,Mumbai,28.16,20.72,32.61,5.65,53.27,11.16,1007.06,Clear
2023-05-14,Pune,32.34,27.16,38.1,1.05,53.42,7.98,1013.65,Clear
2023-10-25,Pune,21.04,16.79,28.84,4.0,79.25,11.85,1016.62,Clear
2024-07-28,Chennai,41.55,33.15,45.8,5.91,45.66,11.69,1005.54,Hot
2023-11-18,Hyderabad,26.51,21.12,30.83,1.07,65.28,10.81,1012.55,Clear
2024-07-12,Mumbai,35.12,29.7,39.82,3.86,53.5,5.49,1012.93,Hot
2022-04-25,Hyderabad,26.44,19.72,32.32,3.89,63.34,10.5,1016.52,Clear
2023-04-24,Hyderabad,35.25,30.42,40.79,0.48,57.1,12.43,1016.2,Hot
2022-09-26,Mumbai,32.18,24.47,36.75,16.98,84.59,16.73,1014.92,Rainy
2023-11-01,Mumbai,22.07,15.52,28.25,0.57,68.69,11.54,1014.83,Clear
2023-09-14,Bengaluru,25.99,18.0,33.72,38.78,98.0,13.14,1016.07,Heavy Rain
2024-12-25,Bengaluru,15.74,7.78,21.03,2.48,72.33,8.51,1015.65,Cold
2024-03-25,Pune,26.61,20.23,31.68,1.06,64.71,12.71,1011.4,Clear
2022-07-21,Chennai,38.08,30.92,44.44,31.17,82.51,9.04,1012.49,Rainy
2022-07-11,Hyderabad,32.61,23.96,36.9,2.74,52.44,12.7,1011.72,Clear
2022-02-26,Pune,23.05,17.63,30.32,1.5,67.13,16.19,1006.66,Clear
2023-07-28,Chennai,43.53,34.97,50.17,15.41,55.07,7.15,1013.94,Rainy
2024-10-23,Hyderabad,21.2,13.87,27.02,0.9,71.61,11.59,1017.05,Clear
2024-05-21,Chennai,34.97,30.81,40.15,1.16,45.59,15.03,1008.67,Clear
2023-07-13,Hyderabad,31.68,22.71,36.27,1.63,63.65,12.83,1016.59,Clear
2023-05-20,Delhi,25.91,18.13,31.03,0.3,58.08,7.74,1008.53,Clear
2023-02-04,Delhi,22.41,17.91,27.61,0.68,78.2,16.91,1001.36,Clear
2022-04-04,Chennai,32.92,27.06,37.91,4.55,64.39,9.61,1020.29,Clear
2023-11-17,Pune,18.79,14.63,23.21,7.42,93.86,16.74,1013.28,Cloudy
2022-08-10,Delhi,28.99,24.94,36.21,22.0,95.98,13.01,1013.22,Rainy
2024-04-01,Delhi,36.44,28.38,43.8,0.14,51.33,12.59,1017.58,Hot
2022-10-04,Chennai,26.91,18.95,33.33,0.19,59.24,15.4,1011.07,Clear
2022-04-26,Delhi,27.58,23.43,34.01,0.41,62.8,9.82,1011.08,Clear
2024-11-03,Bengaluru,23.83,19.66,31.11,5.33,68.77,9.83,1014.28,Clear
2023-02-07,Bengaluru,19.09,13.21,25.58,1.38,60.43,11.59,1007.59,Clear
2023-11-19,Mumbai,20.26,16.13,25.15,0.59,77.26,10.91,1011.93,Clear
2024-03-30,Pune,32.0,23.49,39.32,1.83,64.83,12.63,1010.02,Clear
2023-12-28,Chennai,21.34,16.35,26.94,1.27,67.75,13.95,1012.16,Clear
2023-09-05,Mumbai,32.56,23.73,40.22,3.71,56.47,13.28,1009.47,Clear
2022-11-10,Hyderabad,15.2,10.47,20.56,1.2,76.61,13.98,1006.91,Cold
2024-05-29,Delhi,35.46,29.72,41.7,1.67,56.39,17.18,1020.4,Hot
2022-05-13,Hyderabad,31.0,24.69,37.77,0.84,53.64,13.77,1010.16,Clear
2024-10-05,Delhi,22.41,18.37,28.54,1.67,63.32,9.8,1016.63,Clear
2022-03-17,Delhi,20.31,14.68,25.38,0.97,69.23,15.91,1011.46,Clear
2024-04-29,Chennai,42.19,37.61,46.52,0.55,42.69,13.24,1012.86,Hot
2022-12-08,Delhi,15.12,8.35,20.03,3.27,91.14,15.57,1010.81,Cold
2022-02-09,Mumbai,25.38,17.15,29.47,0.73,61.17,10.58,1016.76,Clear
2024-03-13,Pune,31.5,26.16,39.03,0.73,56.99,14.7,1005.98,Clear
2023-07-08,Pune,38.74,34.17,43.9,5.95,57.82,12.35,1014.17,Hot
2024-05-13,Bengaluru,38.84,33.17,44.9,0.51,42.69,5.93,1001.7,Hot
2022-09-16,Mumbai,23.88,19.11,30.1,32.43,98.0,4.8,1009.29,Rainy
2024-01-03,Delhi,23.23,18.17,27.98,0.89,68.28,17.16,1018.64,Clear
2022-08-31,Delhi,32.11,28.09,36.55,5.8,65.79,14.24,1012.73,Clear
2024-04-27,Mumbai,33.79,25.6,39.59,1.34,58.65,7.65,1011.24,Clear
2023-09-23,Delhi,28.13,24.0,32.17,19.09,91.47,8.06,1014.28,Rainy
2023-03-22,Hyderabad,,19.17,34.12,4.7,72.51,15.92,1016.17,Clear
2022-02-21,Bengaluru,20.68,11.82,27.86,1.12,80.5,10.95,1016.59,Cloudy
2022-08-26,Bengaluru,26.25,19.97,33.71,2.91,66.59,9.63,1012.74,Clear
2022-04-20,Chennai,37.46,29.55,42.61,0.98,55.44,12.5,1021.61,Hot
2024-07-01,Hyderabad,39.27,33.6,47.19,37.39,94.8,13.11,1009.78,Heavy Rain
2024-08-30,Bengaluru,29.64,22.41,33.83,6.36,66.07,5.8,1013.65,Clear
2022-05-18,Pune,34.23,26.16,39.67,1.24,54.73,15.55,1004.74,Clear
2022-02-01,Pune,16.91,10.67,23.16,0.61,77.76,20.48,1005.38,Cold
2022-04-04,Delhi,34.76,26.68,40.01,5.03,52.21,9.42,1017.13,Clear
2024-05-21,Pune,34.06,29.36,41.58,0.42,57.14,16.94,1006.03,Clear
2023-07-13,Mumbai,36.12,27.83,41.34,1.7,48.11,9.12,1011.24,Hot
2024-06-23,Mumbai,43.35,37.32,50.07,13.05,52.28,10.47,1013.9,Rainy
2023-02-27,Delhi,23.17,16.31,30.97,0.03,55.55,8.16,1019.16,Clear
2024-08-09,Delhi,28.67,21.59,33.41,10.12,80.45,8.73,1006.51,Rainy
2023-01-16,Bengaluru,22.64,18.11,29.37,0.8,64.58,14.05,1013.08,Clear
2023-04-30,Mumbai,33.46,25.55,40.53,1.93,54.54,13.67,1013.91,Clear
2022-01-20,Delhi,19.26,12.52,26.11,1.69,70.29,19.69,1013.69,Clear
2022-08-13,Pune,32.75,27.65,37.01,5.67,66.67,14.37,1014.85,Clear
2024-06-14,Chennai,37.65,28.77,43.61,18.32,60.74,9.05,1016.24,Rainy
2022-12-30,Delhi,16.02,10.97,22.25,0.53,68.3,15.46,1018.65,Cold
2022-01-08,Mumbai,24.07,18.41,28.32,3.19,79.45,8.41,1016.17,Clear
2023-01-05,Bengaluru,20.92,16.33,26.11,3.64,87.15,19.23,1009.04,Cloudy
2022-05-04,Delhi,34.3,27.17,38.88,6.31,54.94,11.04,1013.37,Clear
2022-04-14,Chennai,36.12,29.87,41.51,3.98,65.58,17.01,1005.22,Hot
2023-03-03,Hyderabad,29.1,22.01,34.8,1.62,59.27,12.87,1020.79,Clear
2022-12-24,Hyderabad,20.1,11.25,27.86,0.16,75.04,13.46,1015.4,Clear
2022-11-04,Chennai,19.38,10.57,24.9,0.56,70.72,12.44,1004.64,Clear
2022-12-21,Pune,17.08,12.43,24.86,0.52,77.63,18.82,1007.05,Cold
2022-04-16,Pune,31.1,25.28,38.91,1.69,56.79,17.17,1014.11,Clear
2022-08-23,Delhi,28.53,21.51,36.43,10.68,80.5,11.25,1009.94,Rainy
2023-04-02,Delhi,28.89,20.66,36.57,4.73,74.61,8.37,1013.05,Clear
2023-12-20,Pune,17.83,10.74,22.8,2.56,80.18,14.39,1016.76,Cold
2024-10-07,Hyderabad,24.91,20.04,32.45,3.27,69.41,8.1,1009.74,Clear
2023-06-19,Delhi,32.7,28.08,39.89,7.53,54.56,16.53,1003.83,Clear
2024-02-13,Mumbai,23.97,19.81,31.84,0.04,68.41,12.43,1010.41,Clear
2022-03-24,Delhi,25.43,17.01,32.19,2.61,64.45,11.33,1010.13,Clear
2024-10-08,Mumbai,19.85,15.32,24.43,0.84,78.24,11.84,1015.97,Clear
2022-02-27,Hyderabad,27.08,18.73,34.08,1.32,62.89,7.24,1016.91,Clear
2024-09-03,Delhi,24.83,15.9,32.17,6.17,64.62,14.71,1013.56,Clear
2024-12-03,Mumbai,28.3,21.02,34.29,1.43,59.54,17.97,1009.59,Clear
2024-06-14,Pune,40.15,32.47,48.02,16.49,79.08,14.9,1012.05,Rainy
2022-07-01,Pune,40.88,33.81,47.07,5.16,43.19,13.4,1017.25,Hot
2023-11-19,Pune,25.1,17.7,32.32,0.22,73.48,12.63,1012.34,Clear
2022-01-20,Chennai,23.91,19.23,31.19,3.68,78.28,12.93,1019.6,Clear
2023-03-23,Mumbai,29.99,22.55,35.0,0.64,64.32,12.96,1013.73,Clear
2024-05-30,Mumbai,34.78,26.66,39.29,1.17,51.32,16.45,1015.43,Clear
2024-04-26,Hyderabad,32.98,28.74,39.81,,58.71,11.31,1014.81,Clear
2023-08-07,Chennai,36.86,32.28,43.49,6.23,47.01,13.75,1013.66,Hot
2023-06-20,Delhi,36.09,30.55,42.69,15.13,63.75,11.09,1008.85,Rainy
2024-05-06,Delhi,35.94,29.47,41.87,4.44,53.69,12.27,1012.47,Hot
2024-06-19,Hyderabad,37.66,30.25,41.7,13.33,52.27,12.9,1021.63,Rainy
2024-02-21,Mumbai,23.47,18.6,31.42,5.91,80.35,9.61,1003.63,Cloudy
2023-04-05,Delhi,31.63,24.99,39.14,2.3,50.75,9.41,1003.66,Clear
2024-07-19,Chennai,37.31,29.92,44.92,3.41,44.79,13.22,1020.19,Hot
2023-10-16,Pune,19.65,14.84,25.28,3.35,68.67,18.11,1017.98,Clear
2024-10-27,Pune,21.99,14.46,28.97,5.64,69.5,19.33,1004.6,Clear
2022-03-10,Delhi,21.6,15.91,27.79,2.56,81.7,16.93,1012.52,Cloudy
2023-08-23,Delhi,35.04,26.78,39.98,12.48,66.74,16.3,1008.64,Rainy
2022-08-20,Delhi,33.83,25.95,38.32,23.59,94.22,8.83,1015.89,Rainy
2024-08-19,Chennai,31.96,26.65,38.54,15.69,69.4,8.07,1017.05,Rainy
2022-07-20,Chennai,40.96,36.43,45.41,4.18,40.28,20.11,1013.96,Hot
2024-06-02,Mumbai,41.47,36.48,46.74,14.11,48.92,13.5,1009.96,Rainy
2024-02-06,Bengaluru,25.08,19.0,32.74,0.12,70.87,12.38,1010.7,Clear
2024-12-27,Mumbai,21.63,14.1,26.4,1.85,68.41,9.06,1004.77,Clear
2023-01-19,Hyderabad,22.58,15.43,30.31,1.54,70.99,6.13,1012.95,Clear
2022-05-28,Hyderabad,37.29,32.53,43.24,2.5,59.07,13.24,1007.98,Hot
2023-06-16,Mumbai,32.37,24.08,39.04,17.84,80.11,12.2,1015.84,Rainy
2022-05-09,Chennai,38.44,30.13,42.84,1.26,38.46,11.81,1021.49,Hot
2022-09-04,Delhi,31.03,23.47,37.68,6.96,63.67,10.0,1008.51,Clear
2022-04-22,Chennai,33.91,29.69,41.04,2.41,50.12,17.02,1007.5,Clear
2023-04-06,Hyderabad,28.27,21.2,34.7,4.02,67.78,19.31,1006.43,Clear
2023-02-21,Delhi,25.85,19.57,31.91,2.42,67.55,13.0,1003.15,Clear
2024-10-15,Hyderabad,26.65,19.9,33.37,0.88,73.46,12.41,1006.72,Clear
2022-04-09,Delhi,30.18,23.73,34.22,1.55,54.98,13.93,1007.13,Clear
2023-09-24,Pune,29.78,23.87,33.79,1.17,65.37,15.37,1013.53,Clear
2023-09-03,Mumbai,31.23,24.07,38.12,9.7,80.35,6.3,1013.39,Cloudy
2023-03-10,Bengaluru,26.58,22.26,31.8,0.09,59.15,14.48,1007.38,Clear
2023-07-25,Mumbai,38.79,32.93,43.16,5.27,46.95,7.01,1002.56,Hot
2024-06-02,Pune,39.49,34.41,45.51,10.39,59.83,13.36,1009.36,Rainy
2022-08-10,Pune,30.73,24.39,36.43,7.43,71.21,9.39,1006.91,Clear
2022-12-10,Mumbai,18.11,12.05,25.59,2.23,94.21,8.3,1013.28,Cloudy
2023-08-11,Mumbai,33.55,26.5,40.89,6.89,64.88,15.36,1005.21,Clear
2024-08-30,Chennai,34.22,29.31,39.34,5.79,58.91,14.25,1002.41,Clear
2023-04-08,Bengaluru,30.87,24.35,38.56,3.83,60.44,13.18,1015.87,Clear
2023-09-29,Mumbai,27.52,19.25,34.95,17.79,85.31,9.86,1013.47,Rainy
2023-03-11,Mumbai,26.16,20.68,32.81,1.58,76.99,19.8,1008.13,Clear
2024-03-18,Pune,31.41,22.71,35.71,1.26,55.95,17.68,1012.94,Clear
2024-10-20,Delhi,21.81,16.71,27.07,1.95,62.48,6.75,1015.33,Clear
2022-04-08,Mumbai,32.37,24.02,38.31,1.94,54.51,17.38,1022.78,Clear
2023-07-05,Bengaluru,32.19,27.9,37.1,27.21,89.79,10.44,1015.33,Rainy
2022-07-18,Chennai,40.89,35.35,48.82,9.8,64.16,13.97,1003.94,Hot
2024-03-07,Bengaluru,25.93,21.29,30.18,2.96,68.57,8.55,1011.83,Clear
2024-03-14,Chennai,32.64,26.85,37.19,1.19,50.74,16.09,1018.38,Clear
2024-08-31,Pune,31.98,24.51,36.25,20.06,76.05,6.66,1009.23,Rainy
2023-03-18,Pune,24.32,18.9,29.99,1.91,85.96,,1021.59,Cloudy
2022-10-28,Bengaluru,24.75,19.72,29.22,1.1,56.76,7.86,1006.01,Clear
2022-07-29,Hyderabad,32.19,26.16,36.94,19.79,75.61,17.26,1016.36,Rainy
2022-12-13,Hyderabad,24.17,18.62,31.3,2.75,78.88,13.19,1015.25,Clear
2022-12-27,Bengaluru,17.62,10.48,23.9,1.12,74.74,15.56,1006.45,Cold
2024-05-05,Hyderabad,39.34,30.49,44.78,1.39,56.04,15.31,1005.93,Hot
2023-12-31,Bengaluru,17.02,11.62,22.87,3.88,87.5,9.38,1009.98,Cold
2023-02-26,Pune,20.61,15.96,26.43,0.44,63.09,13.2,1011.78,Clear
2024-08-23,Mumbai,40.26,31.79,45.84,8.22,66.87,6.08,1012.7,Hot
2023-01-21,Chennai,20.65,14.21,27.82,1.81,80.62,15.58,1007.61,Cloudy
2023-06-13,Mumbai,38.18,32.47,44.77,15.54,75.59,9.8,1003.77,Rainy
2022-06-26,Mumbai,39.8,34.28,44.12,3.89,46.16,12.11,1011.95,Hot
2023-01-17,Bengaluru,24.18,18.63,30.93,3.07,68.64,16.15,999.52,Clear
2022-10-06,Delhi,17.67,10.56,23.31,2.08,73.78,13.56,1014.48,Cold
2023-08-05,Hyderabad,32.75,26.33,39.63,11.02,78.39,9.9,1012.32,Rainy
2024-09-21,Pune,31.02,25.13,36.68,18.49,68.16,13.33,1015.3,Rainy
2024-03-20,Delhi,22.9,18.26,29.25,1.31,62.47,16.37,1010.51,Clear
2022-06-12,Chennai,35.97,28.33,43.7,21.33,73.12,9.12,1014.19,Rainy
2022-05-18,Bengaluru,30.06,21.79,34.77,3.07,71.74,18.44,1017.0,Clear
2023-07-27,Mumbai,32.85,26.4,38.14,4.38,50.54,3.51,1013.45,Clear
2022-07-14,Chennai,35.37,31.29,40.39,3.07,51.81,11.12,1010.12,Hot
2023-10-20,Bengaluru,16.07,7.22,23.27,1.43,83.91,9.71,1005.42,Cold
2023-08-16,Mumbai,31.3,26.67,37.92,4.13,68.76,13.06,1011.37,Clear
2024-12-21,Hyderabad,19.48,12.03,26.09,0.89,71.19,14.93,1019.17,Clear
2024-05-20,Delhi,35.5,31.43,43.15,2.27,50.34,18.35,1010.08,Hot
2024-05-19,Bengaluru,34.18,26.63,38.8,5.02,55.16,11.83,1002.17,Clear
2022-07-02,Delhi,33.32,28.44,40.1,14.7,68.68,15.91,1002.74,Rainy
2024-05-22,Delhi,37.19,31.67,43.25,1.77,50.04,11.3,1021.06,Hot
2023-12-08,Chennai,22.86,17.34,27.62,2.51,72.84,9.12,1013.56,Clear
2023-01-10,Hyderabad,19.84,15.33,24.67,2.53,71.15,8.96,1002.0,Clear
2023-05-07,Bengaluru,35.06,27.74,41.56,0.23,56.48,9.49,1012.84,Hot
2024-01-16,Hyderabad,17.04,10.04,24.95,0.72,,14.15,1007.81,Cold
2022-08-14,Hyderabad,36.67,30.77,43.5,2.75,48.57,6.67,1010.59,Hot
2022-01-17,Delhi,20.51,13.69,24.79,1.06,73.58,11.25,1014.08,Clear
2024-08-23,Bengaluru,27.53,23.24,31.84,5.9,69.81,8.31,1016.05,Clear
2022-10-28,Delhi,23.47,18.92,28.42,1.17,75.4,13.37,1006.36,Clear
2022-11-20,Hyderabad,19.31,10.94,23.47,1.71,78.82,13.3,1007.94,Clear
2023-01-19,Mumbai,20.14,15.04,25.01,0.86,77.35,,1018.14,Clear
2024-05-02,Mumbai,33.82,28.65,39.75,6.95,67.94,3.69,1010.82,Clear
2024-02-24,Pune,26.22,21.62,30.87,4.67,66.53,16.35,1006.1,Clear
2023-01-06,Mumbai,25.37,18.4,30.79,0.47,64.11,7.48,1015.11,Clear
2024-04-19,Chennai,33.21,25.42,41.05,3.44,66.1,4.73,1013.63,Clear
2022-09-19,Hyderabad,24.2,19.23,30.58,10.49,91.52,5.21,1010.99,Rainy
2022-08-30,Chennai,40.85,33.75,48.01,15.77,65.15,11.41,1013.24,Rainy
2022-07-23,Chennai,36.9,32.83,42.17,5.65,55.91,12.88,1014.53,Hot
2023-01-18,Bengaluru,15.55,7.49,23.36,0.93,66.36,11.94,1016.84,Cold
2024-12-15,Chennai,22.28,18.26,28.81,0.12,68.86,13.29,1006.46,Clear
2022-12-31,Bengaluru,18.45,14.31,25.17,3.02,90.84,12.04,1017.62,Cloudy
2022-01-10,Pune,18.18,11.8,26.15,1.07,86.21,11.4,1011.8,Cloudy
2024-08-30,Pune,28.28,22.18,35.83,17.41,96.37,11.41,1017.09,Rainy
2022-06-19,Delhi,32.21,26.03,38.82,10.41,59.74,14.08,1006.2,Rainy
2024-06-30,Hyderabad,35.94,30.97,42.89,26.33,81.8,12.87,1005.04,Rainy
2022-08-29,Pune,29.81,22.22,34.68,21.09,93.64,9.68,1019.44,Rainy
2024-12-29,Pune,12.6,5.89,17.7,3.98,98.0,12.7,1018.31,Cold
2023-07-23,Chennai,34.64,26.91,40.02,4.67,57.65,15.49,1015.98,Clear
2023-04-05,Chennai,40.74,35.16,44.82,0.75,39.59,9.04,1015.76,Hot
2023-03-26,Bengaluru,29.7,20.84,36.89,0.17,67.7,14.56,1006.03,Clear
2023-11-26,Bengaluru,15.06,10.17,20.28,3.4,97.99,18.49,1015.97,Cold
2022-02-24,Delhi,25.57,20.56,32.33,3.64,67.18,14.62,1011.99,Clear
2022-05-20,Hyderabad,37.95,31.75,43.53,0.27,40.71,24.7,1014.52,Hot
2022-06-19,Hyderabad,37.42,30.85,41.84,16.8,75.66,12.78,1018.67,Rainy
2024-07-02,Chennai,39.1,31.25,46.44,1.44,50.13,10.22,1017.76,Hot
2022-03-17,Pune,26.09,21.43,33.37,4.65,59.96,15.25,1010.92,Clear
2024-12-18,Delhi,18.16,11.44,25.6,1.74,84.88,16.93,1015.53,Cloudy
2023-06-28,Bengaluru,36.16,27.89,41.59,12.41,67.39,6.1,1009.88,Rainy
2024-09-12,Bengaluru,23.77,19.43,30.56,20.61,98.0,8.56,1010.96,Rainy
2024-06-24,Pune,45.42,39.92,52.09,10.37,43.22,12.77,1001.03,Rainy
2022-11-23,Pune,20.74,15.07,27.86,1.04,80.79,13.33,1013.0,Cloudy
2023-05-10,Delhi,25.3,17.4,32.15,0.52,64.47,14.76,1009.67,Clear
2023-03-09,Chennai,30.18,23.84,35.78,3.14,64.2,3.43,1015.87,Clear
2022-10-30,Bengaluru,19.9,13.01,26.09,0.44,78.01,13.34,1011.51,Clear
2023-12-26,Bengaluru,11.91,7.74,19.85,2.04,95.37,12.33,1008.06,Cold
2024-12-16,Hyderabad,20.82,12.59,26.6,0.66,73.7,17.54,1011.26,Clear
2022-12-25,Chennai,20.14,11.61,27.79,4.57,76.53,6.24,1016.24,Clear
2022-11-13,Bengaluru,21.14,15.46,28.35,2.26,79.61,8.2,1016.24,Clear
2023-01-04,Pune,20.89,16.52,25.03,0.1,64.14,10.86,1020.13,Clear
2024-05-24,Mumbai,40.81,36.27,45.08,2.31,62.54,2.0,1013.7,Hot
2022-04-16,Delhi,29.79,23.18,35.96,0.35,54.74,12.59,999.34,Clear
2023-03-28,Delhi,29.68,23.77,34.76,2.27,67.03,13.91,1012.17,Clear
2024-01-30,Hyderabad,19.06,11.31,23.75,0.95,88.95,18.37,1017.27,Cloudy
2022-08-15,Chennai,37.8,32.25,42.98,6.4,47.34,15.45,1018.78,Hot
2022-06-05,Pune,37.84,29.24,43.97,18.94,83.94,13.78,1012.16,Rainy
2024-01-03,Bengaluru,26.88,19.54,33.05,4.7,64.75,8.0,1012.53,Clear
2024-04-20,Mumbai,30.71,26.0,37.21,1.71,59.99,9.6,1012.7,Clear
2024-01-21,Chennai,27.73,22.98,33.54,1.23,79.08,14.96,1014.23,Clear
2023-08-05,Mumbai,28.59,20.14,34.87,14.85,97.84,11.81,1004.09,Rainy
2022-07-24,Mumbai,38.97,32.39,44.74,8.18,50.11,11.67,1011.39,Hot
2023-05-28,Bengaluru,29.44,25.42,36.21,0.53,57.68,14.13,1014.53,Clear
2023-06-30,Pune,37.63,31.3,41.98,10.31,57.66,12.48,1017.95,Rainy
2024-07-07,Pune,38.64,33.61,42.9,12.7,62.34,15.7,1017.74,Rainy
2024-11-27,Delhi,18.35,13.99,26.19,0.5,70.16,16.8,1006.53,Clear
2023-12-16,Bengaluru,14.77,8.74,18.89,3.98,70.94,11.41,1005.31,Cold
2023-08-31,Chennai,30.68,22.39,36.06,24.61,84.21,11.86,1015.08,Rainy
2024-06-24,Mumbai,38.87,30.46,44.81,19.71,61.78,10.43,1004.16,Rainy
2023-09-24,Mumbai,30.24,25.99,34.84,11.33,87.24,15.91,1012.19,Rainy
2024-12-19,Chennai,23.63,19.02,30.82,1.5,72.27,11.14,1011.75,Clear
2024-07-11,Bengaluru,36.13,30.3,41.51,20.19,95.51,7.58,1013.14,Rainy
2024-05-28,Pune,30.93,23.81,36.69,2.29,59.42,11.15,1010.56,Clear
2022-06-12,Mumbai,38.19,31.03,46.0,26.31,87.37,9.19,1008.69,Rainy
2022-12-11,Hyderabad,18.71,11.3,26.23,1.21,69.05,11.01,1016.16,Clear
2022-04-05,Hyderabad,36.17,30.02,40.88,0.65,42.27,11.93,1017.94,Hot
2023-03-17,Chennai,35.57,27.46,42.23,2.44,53.34,5.72,1011.42,
2023-01-27,Chennai,25.82,19.65,32.62,3.2,84.23,14.95,1018.35,Cloudy
2023-09-10,Mumbai,,28.82,39.48,27.99,86.99,9.32,1007.62,Rainy
2024-05-25,Mumbai,35.88,30.21,43.79,1.2,56.74,5.04,1011.01,Hot
2022-12-02,Pune,19.62,14.27,25.27,1.64,83.24,12.71,1009.35,Cloudy
2024-02-21,Delhi,23.0,15.19,29.1,2.39,67.3,10.97,1005.06,Clear
2022-06-20,Hyderabad,34.18,29.33,41.63,9.56,65.39,5.59,1011.54,Clear
2023-07-02,Mumbai,35.84,28.0,41.55,8.68,62.1,17.24,1010.88,Hot
2023-04-14,Hyderabad,31.37,24.68,37.87,0.16,53.96,23.31,1010.31,Clear
2023-05-26,Chennai,39.59,30.6,46.66,1.51,25.0,10.48,1006.97,Hot
2022-03-10,Chennai,37.12,32.5,43.35,0.17,38.21,13.71,1010.88,Hot
2022-11-23,Bengaluru,20.72,14.77,26.66,4.22,80.76,12.55,1015.27,Cloudy
2024-03-01,Hyderabad,29.04,23.65,34.41,0.22,59.47,10.18,1005.92,Clear
2024-03-08,Bengaluru,25.1,20.21,30.57,0.27,74.65,22.65,1014.32,Clear
2022-05-28,Bengaluru,36.14,27.29,40.66,0.98,50.92,17.79,1020.73,Hot
2024-01-26,Pune,28.4,22.0,36.13,0.75,63.67,11.19,1012.92,Clear
2024-06-03,Bengaluru,37.82,32.61,44.52,9.35,71.99,5.56,1013.87,Hot
2024-09-20,Hyderabad,30.24,24.76,36.37,4.22,57.4,8.81,1008.01,Clear
2023-10-27,Delhi,28.77,22.5,33.72,1.32,53.94,12.75,1003.49,Clear
2024-02-05,Pune,20.54,13.27,26.77,0.42,62.95,15.31,1008.81,Clear
2023-04-13,Delhi,26.6,18.08,33.07,1.02,65.75,10.39,1012.44,Clear
2022-04-07,Bengaluru,31.49,27.09,37.67,0.41,56.61,12.94,1007.69,Clear
2023-07-27,Chennai,38.81,34.63,43.37,17.99,62.75,16.99,1009.5,Rainy
2023-10-03,Mumbai,25.9,17.74,31.51,1.16,50.75,14.92,1008.75,Clear
2024-11-21,Bengaluru,17.29,10.8,25.26,0.06,69.76,17.6,1019.42,Cold
2024-10-06,Mumbai,28.93,24.46,36.89,1.17,67.96,10.39,1004.57,Clear
2022-03-20,Bengaluru,29.06,21.12,33.75,3.03,58.9,13.13,1014.73,Clear
2024-08-26,Chennai,35.65,27.16,42.34,29.77,98.0,16.69,1008.53,Rainy
2023-09-30,Mumbai,25.51,17.56,30.44,27.49,98.0,8.13,1013.31,Rainy
2022-02-13,Bengaluru,20.14,11.46,25.14,3.05,72.29,11.96,1011.98,Clear
2024-10-02,Hyderabad,23.07,18.23,31.06,1.04,79.07,22.84,1015.86,Clear
2023-01-01,Bengaluru,21.88,13.41,28.64,0.41,63.39,7.94,1013.56,Clear
2023-05-01,Chennai,36.66,28.09,41.37,0.06,53.04,13.27,1006.37,Hot
2022-04-27,Delhi,27.91,21.29,34.55,0.25,55.46,7.48,1006.95,Clear
2022-07-12,Hyderabad,33.79,25.66,39.2,16.42,65.11,19.15,1012.71,Rainy
2024-08-11,Delhi,35.11,27.91,39.56,21.6,86.12,8.05,1007.49,Rainy
2024-11-09,Bengaluru,15.41,8.49,19.48,1.0,64.1,9.73,1017.42,Cold
2024-09-27,Pune,26.16,18.11,33.15,15.61,84.41,22.11,1010.21,Rainy
2024-06-26,Pune,31.02,24.69,37.28,12.49,84.28,16.06,1000.92,Rainy
2024-05-10,Pune,32.41,27.2,38.48,1.02,63.66,12.65,1016.31,Clear
2023-09-08,Bengaluru,24.24,20.23,30.84,22.07,98.0,14.18,1013.01,Rainy
2022-10-04,Pune,23.66,15.42,30.13,0.45,79.47,9.42,1009.61,Clear
2023-09-06,Chennai,,21.94,33.73,2.49,67.38,12.55,1012.56,Clear
2024-07-10,Mumbai,39.85,33.72,47.41,3.63,61.7,13.03,1011.94,Hot
2023-07-01,Chennai,39.13,30.84,46.61,12.21,68.68,6.8,1017.85,Rainy
2023-07-01,Mumbai,32.32,25.23,36.48,10.41,61.42,11.58,1010.55,Rainy
2022-12-20,Pune,21.54,14.67,29.47,3.08,70.19,13.72,1006.59,Clear
2023-09-05,Delhi,27.96,21.58,31.98,4.41,58.25,8.83,1009.22,Clear
2023-02-23,Delhi,22.26,17.49,26.48,0.17,68.82,11.9,1011.29,Clear
2024-03-15,Pune,24.87,16.67,32.02,1.6,71.32,11.85,1013.63,Clear
2024-03-14,Hyderabad,28.69,22.73,32.7,3.04,66.46,16.41,1009.67,Clear
2023-07-20,Delhi,37.7,33.57,42.06,35.57,96.44,9.53,1001.26,Heavy Rain
2024-07-21,Pune,34.29,28.84,41.85,9.5,65.62,15.26,1009.02,Clear
2024-08-30,Hyderabad,29.13,23.9,35.35,10.98,66.17,15.92,1010.01,Rainy
2022-04-20,Delhi,27.47,23.39,34.83,2.01,63.39,3.29,1013.97,Clear
2024-02-29,Pune,26.89,19.03,34.78,0.15,60.95,8.04,1007.42,Clear
2024-06-21,Chennai,39.65,31.49,45.03,2.72,46.2,8.58,1009.3,Hot
2023-07-01,Pune,35.79,28.24,41.9,8.73,63.67,9.35,1014.26,Hot
2024-08-30,Mumbai,29.59,25.02,36.29,24.06,98.0,13.75,1014.01,Rainy
2024-05-12,Chennai,35.66,27.67,42.71,0.85,55.98,8.93,1014.83,Hot
2024-09-28,Pune,30.4,23.27,34.48,6.14,56.24,11.84,1013.8,Clear
2023-07-02,Chennai,41.62,36.07,48.69,9.26,47.15,10.89,1018.34,Hot
2022-12-14,Chennai,22.92,17.98,27.37,0.2,66.67,5.02,1019.73,Clear
2023-11-09,Chennai,25.44,18.69,30.07,6.88,74.92,17.27,1010.1,Clear
2024-12-16,Chennai,26.73,21.96,34.37,4.22,64.43,13.98,1021.55,Clear
2024-04-16,Mumbai,33.94,27.87,40.09,2.75,47.89,11.13,1007.3,Clear
2022-07-03,Bengaluru,36.2,27.72,43.36,7.37,65.87,13.28,1006.93,Hot
2023-08-25,Mumbai,32.88,25.08,38.88,3.68,63.43,15.43,1020.39,Clear
2024-12-24,Pune,20.84,14.88,28.72,2.98,73.2,7.19,1005.32,Clear
2023-10-17,Bengaluru,24.36,18.6,31.87,3.26,76.54,11.29,1013.37,Clear
2023-02-04,Chennai,27.4,21.88,32.93,0.03,56.13,14.9,1010.06,Clear
2024-12-11,Pune,25.07,17.84,29.81,0.64,60.82,9.77,1017.71,Clear
2022-06-29,Chennai,44.73,37.84,49.94,22.1,71.1,12.54,1007.43,Rainy
2023-05-02,Pune,32.93,26.51,37.74,0.87,48.51,5.07,1001.35,Clear
2022-05-08,Chennai,34.89,30.36,40.73,0.14,48.65,7.8,1017.04,Clear
2023-02-03,Mumbai,20.54,14.07,25.74,1.71,65.8,11.05,1012.61,Clear
2024-07-03,Pune,30.54,24.13,36.55,20.62,79.9,15.41,1010.41,Rainy
2024-12-06,Mumbai,19.81,13.25,25.09,0.44,72.93,19.56,1013.19,Clear
2023-11-11,Pune,23.39,15.76,29.59,4.92,66.28,5.08,1008.12,Clear
2024-05-11,Chennai,37.93,30.12,43.18,1.83,47.34,14.28,1018.03,Hot
2022-07-07,Pune,36.48,30.11,43.07,8.59,56.74,7.46,1011.8,Hot
2022-01-04,Chennai,25.18,17.33,31.85,2.45,63.57,11.91,1020.74,Clear
2024-01-24,Hyderabad,18.37,10.98,22.74,2.56,80.55,12.19,1013.45,Cloudy
2024-02-26,Chennai,33.35,27.15,38.76,1.04,62.48,7.39,1016.47,Clear
2024-01-11,Pune,19.06,12.84,25.7,2.78,84.83,17.69,1013.28,Cloudy
2022-04-05,Chennai,36.16,31.18,43.72,4.21,55.11,14.0,1016.16,Hot
2024-10-16,Mumbai,26.35,21.4,32.12,1.65,75.58,9.36,1004.14,Clear
2023-09-01,Bengaluru,23.18,15.3,28.13,8.51,66.42,7.19,1010.83,Clear
2024-08-28,Mumbai,36.18,28.33,41.65,9.49,64.41,8.01,1007.34,Hot
2022-08-19,Pune,33.88,28.79,38.91,10.75,79.1,15.79,1016.67,Rainy
2024-01-11,Bengaluru,19.98,12.94,26.84,0.53,79.47,7.07,1005.69,Clear
2023-04-21,Mumbai,29.58,23.01,34.73,1.3,58.49,14.56,1012.62,Clear
2023-09-11,Delhi,30.68,26.55,37.06,3.18,55.15,13.65,1016.04,Clear
2023-07-08,Hyderabad,31.45,27.28,35.56,23.5,85.6,7.38,1015.68,Rainy
2023-07-10,Pune,36.25,30.9,41.66,8.5,66.15,4.38,1003.43,Hot
2023-10-05,Chennai,25.66,19.98,31.98,2.03,65.33,12.2,1005.15,Clear
2022-05-29,Chennai,39.34,33.17,46.01,2.73,49.52,18.64,1010.84,Hot
2022-12-03,Delhi,18.17,10.55,24.45,4.44,88.39,16.57,1019.36,Cloudy
2022-04-21,Pune,33.42,26.36,40.57,0.33,58.22,16.29,1014.49,Clear
2023-05-07,Chennai,40.8,35.04,44.81,0.54,52.38,9.96,1008.13,Hot
2022-07-02,Mumbai,43.79,37.66,48.32,10.54,59.55,7.32,1002.99,Rainy
2022-10-05,Pune,25.55,21.24,30.5,5.13,68.24,12.08,1003.97,Clear
2024-01-10,Mumbai,19.92,15.13,24.04,0.48,67.85,12.54,1015.64,Clear
2024-12-05,Hyderabad,24.3,17.02,31.54,1.25,68.2,15.69,1019.27,Clear
2023-11-07,Hyderabad,22.94,18.17,27.01,0.3,70.36,4.86,1007.36,Clear
2024-12-03,Bengaluru,18.13,9.64,24.6,0.07,86.66,15.27,1015.8,Cloudy
2022-12-16,Chennai,18.3,12.17,22.69,0.96,82.68,8.86,1009.64,Cloudy
2024-05-17,Mumbai,35.79,27.1,41.29,0.21,45.19,10.52,1011.24,Hot
2024-02-22,Delhi,25.63,18.36,30.47,0.92,67.0,13.91,1016.54,Clear
2022-02-14,Pune,26.34,21.33,34.17,2.46,68.34,13.92,1009.84,Clear
2024-09-24,Mumbai,27.23,19.46,31.67,5.99,70.23,12.8,1003.42,Clear
2022-08-30,Pune,35.34,26.38,40.72,19.86,76.17,9.99,1014.63,Rainy
2023-06-26,Mumbai,40.99,33.83,46.81,33.3,90.18,14.07,1010.89,Rainy
2022-01-04,Pune,27.36,20.64,31.57,2.33,80.39,12.32,992.82,Cloudy
2022-02-06,Pune,29.31,22.62,35.96,3.94,52.16,13.82,1007.57,Clear
2024-07-07,Chennai,36.48,31.33,43.2,7.23,64.31,9.7,1004.48,Hot
2023-05-06,Chennai,41.66,37.45,46.53,2.17,46.88,6.68,1011.18,Hot
2022-03-08,Delhi,28.36,19.36,35.71,0.18,62.01,9.4,1009.74,Clear
2024-07-24,Hyderabad,36.44,30.83,43.86,8.58,68.04,11.65,1011.5,Hot
2022-04-13,Bengaluru,27.1,20.74,31.48,1.98,67.91,14.64,1017.2,Clear
2022-12-10,Hyderabad,19.94,15.12,27.44,0.23,61.62,8.67,1015.51,Clear
2024-02-10,Delhi,20.25,11.49,26.76,3.96,74.48,12.7,1005.53,Clear
2022-03-01,Mumbai,34.51,28.52,41.0,1.41,52.75,15.19,1010.59,Clear
2024-12-03,Delhi,20.92,15.92,28.18,0.13,75.48,6.81,1009.69,Clear
2022-01-15,Delhi,15.55,10.43,20.59,0.75,81.09,11.18,1015.58,Cold
2024-04-22,Pune,31.56,24.27,35.8,2.62,68.39,12.57,1011.37,Clear
2024-09-03,Bengaluru,28.59,21.89,33.09,13.96,82.2,8.61,1012.78,Rainy
2023-07-21,Hyderabad,35.64,28.28,43.2,14.3,68.8,16.38,1015.14,Rainy
2024-11-07,Chennai,28.21,20.13,33.05,2.41,59.4,20.28,1019.85,Clear
2023-01-27,Delhi,18.95,10.74,24.47,1.56,78.85,7.85,1015.75,Clear
2023-09-14,Delhi,24.62,15.96,29.53,25.2,97.58,11.17,1015.83,Rainy
2023-12-23,Hyderabad,19.21,13.24,26.43,0.4,84.69,7.53,1009.85,Cloudy
2022-08-16,Chennai,34.54,26.58,41.96,14.56,64.42,15.12,1006.16,Rainy
2024-04-10,Bengaluru,34.42,30.16,38.72,1.51,53.34,10.36,1007.37,Clear
2024-12-14,Mumbai,24.74,18.39,30.29,3.69,70.33,21.02,1010.99,Clear
2022-10-21,Chennai,25.52,18.55,32.94,3.49,68.83,9.11,1011.81,Clear
2024-05-09,Chennai,43.37,38.83,49.47,0.26,31.46,10.89,1019.1,Hot
2022-05-14,Chennai,39.81,34.88,46.15,0.88,50.73,11.04,1019.9,Hot
2023-05-27,Bengaluru,31.86,25.5,36.93,2.04,46.53,11.39,1013.43,Clear
2022-10-26,Bengaluru,16.77,10.72,20.91,1.31,80.46,8.55,1009.96,Cold
2022-11-05,Hyderabad,20.62,12.39,27.22,1.6,65.62,15.47,1005.54,Clear
2024-10-04,Bengaluru,16.73,8.46,22.55,0.69,72.76,11.56,1004.34,Cold
2022-05-06,Chennai,36.9,29.14,44.72,0.58,43.58,8.07,1014.06,Hot
2023-03-15,Delhi,22.01,16.23,29.58,1.76,59.88,17.02,1016.51,Clear
2024-06-08,Hyderabad,33.71,29.68,39.31,13.39,73.42,17.16,1008.91,Rainy
2024-01-15,Hyderabad,22.19,17.09,26.47,1.07,65.44,11.6,1006.14,Clear
2024-06-18,Delhi,36.19,31.75,42.03,10.0,65.28,14.35,1003.99,Rainy
2024-07-29,Mumbai,33.71,29.22,38.8,25.04,89.45,13.6,1015.93,Rainy
2024-12-16,Mumbai,20.41,14.8,25.04,0.41,68.74,13.87,1012.4,Clear
2022-07-07,Mumbai,43.4,36.1,50.98,7.0,43.42,12.67,1006.04,Hot
2023-12-01,Pune,22.57,15.26,29.88,1.86,85.04,11.27,1020.39,Cloudy
2022-06-04,Hyderabad,37.72,33.7,45.28,5.5,40.76,9.32,1007.18,Hot
2024-09-16,Pune,25.33,18.09,32.08,18.67,98.0,15.56,1001.73,Rainy
2022-02-27,Delhi,23.75,14.89,29.9,0.73,71.38,7.43,1020.76,Clear
2022-09-18,Delhi,29.37,22.84,35.3,16.3,89.95,9.53,1016.57,Rainy
2024-09-02,Chennai,30.7,26.26,35.41,11.37,66.25,10.6,1004.07,Rainy
2024-07-16,Pune,30.64,25.31,37.28,5.4,66.34,5.21,1017.21,Clear
2022-06-23,Hyderabad,34.82,27.04,40.83,18.67,72.87,4.9,1012.91,Rainy
2023-02-01,Pune,24.94,17.27,30.11,2.38,63.74,15.9,1004.12,Clear
2023-06-10,Bengaluru,33.61,27.8,40.47,10.51,74.32,10.66,1010.87,Rainy
2023-07-14,Chennai,40.37,32.06,45.67,10.39,54.9,17.72,1002.92,Rainy
2022-08-15,Mumbai,35.05,29.48,40.94,10.23,74.42,17.19,1011.89,Rainy
2024-10-10,Mumbai,26.63,19.96,32.14,0.75,69.67,13.06,1018.57,Clear
2024-04-13,Pune,29.45,25.19,35.75,0.64,66.46,5.72,1007.33,Clear
2022-09-03,Hyderabad,24.59,16.44,32.51,7.8,80.94,4.32,1009.05,Cloudy
2022-11-05,Pune,17.55,9.99,22.82,6.17,88.18,13.64,1014.68,Cold
2024-12-19,Pune,16.38,8.07,22.44,0.13,77.93,16.57,1009.1,Cold
2023-11-29,Mumbai,22.03,16.77,29.71,3.26,91.41,16.64,1009.47,Cloudy
2022-01-29,Pune,16.7,10.07,22.92,1.48,75.55,6.99,1013.98,Cold
2023-08-31,Bengaluru,32.18,27.19,39.63,8.7,60.88,10.63,1014.67,Clear
2023-11-14,Pune,26.64,18.5,33.8,1.9,64.96,13.93,1013.03,Clear
2024-11-04,Bengaluru,23.43,15.66,30.05,0.91,64.35,8.05,1008.71,Clear
2023-03-19,Delhi,24.19,15.84,30.69,0.47,73.47,10.46,1014.27,Clear
2022-07-21,Bengaluru,38.64,33.41,43.25,23.29,78.72,14.08,1012.39,Rainy
2024-11-03,Mumbai,22.38,17.33,28.39,1.52,72.03,5.31,1025.55,Clear
2022-03-06,Delhi,29.78,21.25,35.4,0.52,53.39,20.56,1012.07,Clear
2022-01-08,Hyderabad,18.61,12.78,23.24,1.49,89.29,13.73,1011.56,Cloudy
2024-11-13,Chennai,18.66,10.56,24.64,0.87,74.31,12.88,1017.6,Clear
2022-11-10,Mumbai,24.39,16.76,30.64,2.72,53.25,11.7,1014.27,Clear
2023-04-03,Delhi,32.95,24.19,37.32,1.52,51.0,9.36,1012.02,Clear
2022-03-31,Delhi,31.74,26.67,37.63,1.03,58.07,10.17,1012.78,Clear
2022-11-22,Hyderabad,18.6,14.0,24.88,2.87,82.58,14.83,1013.94,Cloudy
2022-12-22,Delhi,19.02,13.14,24.56,1.43,56.31,14.26,1008.3,Clear
2024-11-29,Pune,20.86,16.27,26.53,0.71,82.12,14.92,1014.38,Cloudy
2024-08-03,Delhi,25.9,21.36,30.46,8.56,81.49,13.57,1011.52,Cloudy
2024-12-28,Hyderabad,21.68,14.43,29.3,1.58,79.72,8.71,1018.43,Clear
2023-11-11,Bengaluru,14.26,7.97,20.62,7.34,90.16,10.64,1014.15,Cold
2022-11-29,Pune,16.49,8.21,21.16,0.83,67.35,14.61,1011.05,Cold
2022-10-05,Hyderabad,27.89,20.45,33.45,0.87,54.01,12.46,1010.31,Clear
2022-11-25,Delhi,21.87,16.33,27.41,4.09,63.93,15.85,1014.86,Clear
2024-05-28,Chennai,44.02,37.07,51.93,1.69,38.85,13.26,1001.42,Hot
2023-04-22,Hyderabad,31.63,26.36,36.4,0.54,55.31,6.9,1009.34,Clear
2023-03-25,Mumbai,32.12,28.01,37.38,0.99,61.17,16.04,1018.12,Clear
2024-05-02,Bengaluru,29.44,20.69,33.82,0.55,63.59,12.52,1017.28,Clear
2022-07-08,Pune,37.73,32.25,41.78,34.43,89.98,10.65,1019.33,Rainy
2023-03-16,Bengaluru,30.93,23.79,35.31,1.95,62.77,12.3,1012.15,Clear
2022-12-28,Mumbai,23.93,17.05,28.2,3.69,66.45,7.93,1010.78,Clear
2023-09-27,Chennai,31.32,23.74,37.55,6.17,73.85,9.54,1016.06,Clear
2024-05-13,Hyderabad,30.1,22.53,37.27,1.1,56.97,6.64,1011.6,Clear
2022-09-26,Delhi,26.59,21.47,34.33,9.97,78.69,8.97,1011.97,Clear
2022-01-23,Mumbai,26.88,18.63,33.51,0.43,63.84,8.44,1007.92,Clear
2024-08-28,Pune,36.38,30.93,44.08,29.94,94.63,15.38,1010.24,Rainy
2023-07-12,Pune,27.64,18.75,34.35,8.66,73.54,10.99,1020.09,Clear
2023-12-04,Mumbai,22.54,18.11,28.34,2.86,72.79,17.83,1010.5,Clear
2024-09-09,Hyderabad,26.48,20.86,32.71,13.29,90.13,17.72,1013.19,Rainy
2023-07-06,Delhi,39.97,34.49,45.22,7.55,55.44,11.85,1013.32,Hot
2022-10-08,Pune,23.22,14.52,29.99,0.42,65.32,11.5,1011.26,Clear
2024-07-09,Chennai,36.99,30.38,42.75,14.22,67.12,9.01,1008.14,Rainy
2022-10-04,Delhi,22.2,16.59,30.08,0.73,71.86,11.86,1011.58,Clear
2023-04-12,Bengaluru,28.42,21.99,36.18,0.2,66.93,6.64,1000.92,Clear
2022-05-14,Delhi,32.96,26.85,39.31,2.73,48.61,3.99,1017.07,Clear
2023-04-06,Mumbai,34.64,27.48,41.78,5.58,49.51,14.02,1017.51,Clear
2024-03-05,Bengaluru,24.36,19.97,29.08,3.17,63.0,12.65,1006.99,Clear
2023-01-26,Pune,19.3,14.34,26.94,1.01,66.83,18.25,1016.44,Clear
2023-01-26,Bengaluru,18.1,12.31,22.24,0.8,70.59,13.82,1014.0,Clear
2022-10-10,Mumbai,26.98,21.92,33.61,1.77,62.77,13.46,1016.85,Clear
2022-09-07,Bengaluru,24.89,19.91,29.62,15.16,89.61,16.41,1015.34,Rainy
2023-12-14,Chennai,22.04,15.69,27.23,0.63,65.96,11.89,1022.21,Clear
2023-01-25,Delhi,21.29,16.35,29.2,0.36,77.02,16.83,1012.6,Clear
2022-09-30,Pune,26.28,19.75,33.77,13.03,87.31,11.55,1002.43,Rainy
2022-01-21,Hyderabad,23.06,19.0,31.01,4.7,74.62,15.67,1000.6,Clear
2023-08-21,Mumbai,35.56,28.18,40.38,5.44,54.92,15.4,1014.09,Hot
2022-06-07,Chennai,37.63,30.35,42.76,6.23,56.01,15.7,1017.69,Hot
2024-12-12,Chennai,27.76,22.32,31.77,0.52,55.41,18.3,1011.56,Clear
2024-01-07,Chennai,23.97,19.28,30.24,1.5,75.93,18.61,1016.43,Clear
2024-09-19,Bengaluru,29.3,20.45,36.9,30.09,98.0,13.87,1004.47,Rainy
2022-06-30,Bengaluru,33.97,26.77,39.69,34.78,92.75,15.01,1006.42,Rainy
2024-06-25,Bengaluru,29.58,21.68,34.12,21.54,79.44,24.74,1013.05,Rainy
2024-03-09,Delhi,33.4,27.74,40.54,1.74,52.22,6.02,1006.31,Clear
2023-01-16,Chennai,28.25,21.25,35.56,2.09,64.66,10.46,1012.03,Clear
2022-12-19,Delhi,17.38,9.52,22.4,0.75,69.19,13.19,1016.69,Cold
2023-05-18,Hyderabad,35.45,28.28,42.35,0.75,58.08,6.19,1010.51,Hot
2023-03-08,Hyderabad,27.72,21.13,31.89,1.24,56.55,10.98,1012.34,Clear
2024-02-18,Bengaluru,24.4,18.78,30.33,2.22,68.77,14.06,1009.04,Clear
2023-12-02,Bengaluru,20.03,13.22,26.87,5.5,86.26,11.25,1018.22,Cloudy
2024-06-17,Chennai,38.97,30.9,44.3,9.49,59.2,11.2,1016.02,Hot
2023-11-17,Mumbai,20.0,15.36,26.37,8.07,82.26,11.84,1004.98,Cloudy
2022-12-24,Chennai,21.5,16.61,25.96,1.19,68.98,11.25,1005.12,Clear
2024-11-17,Delhi,24.96,16.26,32.03,5.18,71.99,14.2,1014.98,Clear
2023-12-11,Hyderabad,20.19,11.47,24.23,1.06,78.81,13.57,1011.0,Clear
2024-03-06,Bengaluru,27.67,23.42,34.97,0.53,59.56,15.06,1017.47,Clear
2023-10-08,Delhi,26.6,19.26,34.35,0.35,66.2,16.3,1012.61,Clear
2023-02-14,Bengaluru,21.45,15.69,27.67,2.28,66.56,8.99,1015.1,Clear
2024-01-23,Bengaluru,17.08,11.62,22.88,0.44,68.87,16.47,1008.77,Cold
2022-02-08,Delhi,22.7,14.14,29.87,0.56,67.73,14.21,1011.5,Clear
2023-02-21,Hyderabad,27.78,20.73,33.61,2.9,74.18,10.99,1011.78,Clear
2022-05-09,Delhi,28.5,20.92,36.05,1.11,68.89,15.01,1011.74,Clear
2023-06-06,Mumbai,35.5,26.91,41.2,14.57,70.38,3.22,1011.19,Rainy
2023-06-07,Mumbai,38.43,30.62,45.68,21.15,84.64,11.12,1017.97,Rainy
2024-01-27,Hyderabad,25.98,20.14,32.51,2.71,70.33,7.12,1007.96,Clear
2024-07-05,Hyderabad,33.3,25.79,37.41,11.33,80.55,9.33,1003.49,Rainy
2024-07-19,Hyderabad,37.21,31.04,42.62,5.12,48.92,15.87,1005.31,Hot
2023-08-02,Hyderabad,30.22,23.0,37.9,23.37,94.6,10.86,1014.08,Rainy
2024-02-20,Mumbai,26.66,22.05,30.97,0.44,74.09,5.18,1011.29,Clear
2024-08-04,Chennai,34.5,28.82,40.42,9.03,54.46,12.39,1009.45,Clear
2022-03-04,Hyderabad,33.98,25.25,41.57,0.49,46.17,10.25,1012.73,Clear
2023-10-14,Mumbai,26.39,21.62,31.6,1.11,55.02,9.16,999.13,Clear
2023-06-04,Hyderabad,36.6,28.78,41.36,11.48,58.7,13.01,1018.44,Rainy
2022-01-05,Delhi,17.88,9.4,24.12,1.36,89.62,15.32,1012.77,Cold
2023-01-05,Mumbai,23.2,16.76,28.81,2.25,59.48,14.16,1012.76,Clear
2023-01-13,Mumbai,28.0,20.66,35.1,0.8,67.35,10.88,1016.23,Clear
2022-01-25,Delhi,22.64,17.28,30.61,0.69,65.43,14.13,1018.08,Clear
2023-04-01,Chennai,35.34,27.02,42.43,4.32,53.08,15.1,1021.42,Hot
2023-06-02,Pune,38.42,33.06,42.55,6.76,59.34,9.09,1015.19,Hot
2023-03-10,Chennai,28.53,20.47,35.57,0.3,57.64,7.67,1010.96,Clear
2022-12-11,Bengaluru,22.9,17.67,26.97,0.55,64.15,11.67,1012.15,Clear
2024-08-20,Mumbai,33.65,27.21,40.46,24.48,89.01,16.75,1002.54,Rainy
2023-03-28,Chennai,30.39,21.86,37.32,3.72,63.99,9.0,1018.2,Clear
2023-12-10,Chennai,25.51,16.59,30.02,0.41,73.17,12.24,1008.29,Clear
2023-09-20,Hyderabad,26.84,18.76,32.75,11.7,77.03,10.59,1006.31,Rainy
2022-12-26,Mumbai,24.28,19.34,28.63,0.37,76.69,13.4,1004.18,Clear
2023-07-06,Bengaluru,32.9,28.54,38.43,2.23,57.44,11.49,1012.95,Clear
2024-05-25,Chennai,37.15,29.25,41.72,2.51,35.44,18.18,1008.39,Hot
2022-05-31,Pune,31.74,23.45,38.45,2.2,45.81,15.57,1018.1,Clear
2022-07-14,Hyderabad,34.1,28.81,39.61,15.1,80.84,19.65,1006.87,Rainy
2023-02-11,Bengaluru,21.73,14.44,29.23,0.48,78.14,10.45,1005.56,Clear
2022-03-26,Chennai,27.05,18.29,33.86,0.76,70.39,13.62,1007.76,Clear
2023-01-11,Delhi,18.78,12.82,26.63,0.75,77.63,11.5,1008.81,Clear
2022-05-16,Bengaluru,33.67,26.22,39.95,2.23,55.03,12.75,1007.47,Clear
2024-07-30,Pune,34.86,27.2,40.31,7.36,54.05,11.43,1020.85,Clear
2024-02-12,Mumbai,25.86,20.04,32.42,0.23,52.45,9.95,1016.83,Clear
2023-08-03,Chennai,32.46,28.09,39.28,13.21,61.18,11.42,1012.04,Rainy
2022-10-02,Bengaluru,20.74,14.52,27.22,0.79,76.5,9.02,1022.09,Clear
2024-02-03,Chennai,23.93,18.96,31.62,0.83,70.54,11.34,1010.44,Clear
2023-06-29,Chennai,38.15,32.99,42.96,10.35,64.73,8.91,1015.98,Rainy
2023-08-02,Pune,30.7,26.06,37.91,1.71,58.95,15.74,1015.5,Clear
2023-01-01,Mumbai,23.55,14.9,28.92,1.51,77.27,14.2,1015.46,Clear
2023-08-09,Hyderabad,29.52,22.35,35.39,10.97,71.6,13.54,1010.73,Rainy
2024-08-18,Bengaluru,28.24,19.62,36.09,8.8,74.75,12.39,1012.21,Clear
2022-05-28,Mumbai,36.71,30.06,44.46,1.25,48.39,7.86,1011.05,Hot
2022-11-03,Chennai,28.57,22.91,35.31,3.66,76.95,9.32,1011.49,Clear
2024-06-15,Delhi,35.62,30.53,40.48,13.09,69.78,10.05,1014.72,Rainy
2024-03-20,Hyderabad,27.47,20.87,33.16,0.48,60.44,18.13,1020.56,Clear
2023-02-12,Mumbai,24.46,18.42,29.1,1.54,68.49,10.63,1012.85,Clear
2023-09-01,Chennai,29.07,22.58,33.89,11.35,72.43,6.96,1008.28,Rainy
2022-06-18,Bengaluru,32.13,23.58,37.29,7.22,71.1,9.54,1014.51,Clear
2024-06-13,Bengaluru,34.42,26.53,40.29,24.82,85.82,14.25,1012.66,Rainy
2022-10-16,Bengaluru,21.56,13.89,26.96,2.09,77.02,10.02,1007.63,Clear
2024-12-15,Delhi,17.52,13.19,21.79,0.6,81.96,7.7,1006.46,Cold
2024-10-28,Mumbai,28.82,22.5,35.67,2.67,59.79,14.17,1010.83,Clear
2024-10-08,Bengaluru,18.03,12.45,24.1,10.03,81.7,8.64,1000.6,Rainy
2024-05-05,Mumbai,40.28,31.53,47.2,4.02,62.79,6.46,1012.15,Hot
2023-10-01,Bengaluru,25.35,19.57,32.42,1.22,73.37,13.62,1013.63,Clear
2022-03-20,Mumbai,30.98,25.06,37.15,1.02,51.36,13.15,1012.83,Clear
2022-02-25,Delhi,21.75,13.81,25.77,0.83,59.77,12.98,1010.75,Clear
2023-10-17,Chennai,26.12,17.37,30.83,0.48,62.97,13.61,1012.54,Clear
2023-06-23,Chennai,38.87,33.34,45.18,9.19,64.9,15.39,1003.65,Hot
2023-08-06,Chennai,38.29,29.65,45.17,3.43,50.12,8.91,1021.06,Hot
2022-05-09,Hyderabad,38.69,34.18,45.21,1.15,51.17,12.38,1020.3,Hot
2024-02-28,Mumbai,23.55,16.87,29.3,1.8,76.75,13.1,1005.05,Clear
2022-03-29,Delhi,30.96,23.58,37.2,3.05,47.15,5.15,1009.67,Clear
2024-03-18,Bengaluru,27.58,18.78,34.66,1.2,75.66,4.57,1013.19,Clear
2023-09-02,Bengaluru,25.38,16.9,29.65,9.6,76.15,10.94,1016.24,Clear
2024-01-06,Chennai,21.85,15.24,27.1,2.76,70.59,16.91,1011.34,Clear
2024-12-24,Hyderabad,23.22,15.96,28.92,1.89,76.42,17.18,1011.55,Clear
2022-12-10,Bengaluru,20.34,12.22,25.34,0.8,67.44,5.42,1005.35,Clear
2023-02-18,Chennai,26.24,20.69,33.7,0.85,74.58,12.55,1009.73,Clear
2023-03-01,Mumbai,28.18,23.43,33.25,2.05,75.19,8.54,1019.84,Clear
2023-01-28,Mumbai,25.68,16.94,33.22,0.76,58.39,8.08,1016.96,Clear
2023-06-10,Hyderabad,38.75,34.04,44.76,6.33,58.05,10.54,1008.42,Hot
2024-01-18,Chennai,27.43,20.86,33.11,1.02,63.4,6.43,1013.76,Clear
2024-07-01,Bengaluru,32.81,26.4,37.57,7.89,66.72,14.28,1006.6,Clear
2023-04-26,Delhi,34.78,29.17,40.74,2.6,53.27,13.27,1013.91,Clear
2023-07-04,Chennai,39.53,33.83,43.62,26.93,97.15,6.57,1010.13,Rainy
2022-02-20,Hyderabad,20.15,13.11,26.69,0.85,78.33,9.1,1012.84,Clear
2022-07-25,Bengaluru,35.26,29.1,43.23,15.91,83.66,16.4,1024.94,Rainy
2022-12-30,Pune,22.95,13.97,27.01,0.18,62.15,14.9,1007.18,Clear
2022-12-28,Hyderabad,17.88,10.53,23.18,3.37,76.54,14.13,1011.81,
2024-12-01,Bengaluru,15.96,8.53,20.35,2.94,62.48,13.13,1018.45,Cold
2023-07-02,Bengaluru,32.91,26.93,37.76,7.25,69.8,5.7,1015.08,Clear
2023-12-12,Hyderabad,18.17,11.97,24.09,1.15,68.96,9.36,1005.44,Clear
2024-03-13,Chennai,29.11,23.43,33.89,0.89,53.78,9.83,1012.01,Clear
2022-06-13,Delhi,35.79,27.55,42.14,8.45,75.71,14.7,1010.63,Hot
2022-09-08,Delhi,35.47,29.79,41.99,24.38,86.92,7.41,1014.09,Rainy
2024-01-05,Hyderabad,16.34,7.39,21.93,0.6,74.17,8.91,1012.77,Cold
2023-04-10,Mumbai,34.47,25.67,38.66,3.32,70.5,14.39,1009.56,Clear
2022-06-13,Mumbai,33.79,25.59,41.39,35.7,98.0,9.2,1016.01,Heavy Rain
2022-04-17,Delhi,33.12,25.58,37.3,1.68,55.23,13.13,1012.24,Clear
2023-02-26,Chennai,24.64,17.28,29.78,1.07,72.94,16.55,1012.5,Clear
2024-04-26,Chennai,38.35,31.61,45.06,3.32,45.57,9.39,1011.04,Hot
2024-12-03,Chennai,26.92,20.18,31.63,0.11,69.37,9.54,1007.49,Clear
2024-07-02,Pune,38.09,30.91,42.66,8.9,56.15,6.88,1012.92,Hot
2024-06-11,Delhi,34.64,25.95,40.34,3.18,55.61,14.3,1014.49,Clear
2024-06-19,Mumbai,37.56,31.3,43.26,9.56,52.35,11.82,1010.03,Hot
2024-02-06,Hyderabad,22.07,16.15,26.87,0.65,74.28,13.21,1014.33,Clear
2022-04-12,Delhi,30.04,21.95,36.69,0.25,52.86,6.72,1016.93,Clear
2023-03-05,Bengaluru,26.93,18.01,34.23,1.11,49.41,17.04,1011.75,Clear
2024-12-18,Hyderabad,17.5,13.22,23.86,0.95,87.27,2.0,1016.64,Cold
2023-10-31,Pune,19.37,15.22,24.95,3.66,73.94,12.87,1010.31,Clear
2023-03-30,Pune,30.26,23.17,37.41,2.73,63.13,15.65,1012.93,Clear
2024-04-17,Delhi,29.53,22.31,34.76,7.13,61.7,16.89,1011.75,Clear
2023-08-06,Hyderabad,26.58,21.0,33.72,13.56,81.16,8.18,1005.53,Rainy
2024-08-06,Pune,33.55,28.74,41.13,26.18,93.92,9.35,1006.3,Rainy
2024-02-07,Mumbai,28.57,23.76,35.82,1.94,61.03,13.54,1010.57,Clear
2023-02-17,Pune,23.69,15.54,30.61,4.06,70.92,14.48,998.35,Clear
2024-07-25,Chennai,39.56,31.66,43.78,8.67,51.21,12.21,1007.12,Hot
2024-07-20,Bengaluru,35.15,28.88,41.8,8.63,50.81,12.08,1014.72,Hot
2024-12-27,Hyderabad,19.29,15.22,25.05,2.07,79.12,16.53,1011.52,Clear
2024-10-05,Bengaluru,27.37,22.94,33.75,2.03,65.51,18.59,1002.96,Clear
2022-01-05,Bengaluru,19.42,10.48,23.83,0.83,82.35,6.69,1003.61,Cloudy
2024-03-30,Mumbai,26.7,22.3,33.11,2.15,60.6,21.35,1007.7,Clear
2022-11-04,Pune,24.61,17.03,30.94,0.23,62.44,8.19,1013.81,Clear
2022-10-14,Pune,19.22,15.06,26.51,2.36,72.62,15.66,1018.11,Clear
2024-11-18,Pune,22.92,18.14,29.76,3.67,74.52,10.06,1016.02,Clear
2023-06-27,Pune,35.96,31.0,42.17,40.32,98.0,10.27,1010.15,Heavy Rain
2024-05-18,Chennai,38.41,33.88,44.94,2.19,46.05,13.86,1009.27,Hot
2023-02-04,Mumbai,22.97,14.46,28.35,2.89,81.13,13.06,1018.36,Cloudy
2024-06-01,Mumbai,39.75,32.97,44.47,16.98,83.35,10.12,1012.79,Rainy
2022-10-05,Bengaluru,25.27,17.93,31.29,0.77,68.74,14.43,1007.39,Clear
2023-02-12,Chennai,27.96,23.49,32.47,1.07,61.0,11.32,1003.2,Clear
2022-03-25,Pune,26.73,18.42,34.15,1.39,62.56,16.77,1010.49,Clear
2024-08-14,Bengaluru,33.3,24.84,38.91,8.89,65.25,8.2,1017.35,Clear
2022-04-04,Hyderabad,32.74,25.4,38.65,3.95,73.54,7.87,1004.59,Clear
2024-10-31,Pune,21.2,16.85,26.34,0.23,78.69,9.94,1016.5,Clear
2023-04-02,Mumbai,36.7,27.99,41.19,2.25,45.13,13.74,999.34,Hot
2024-05-04,Pune,42.1,33.26,49.9,1.19,41.93,8.73,1012.7,Hot
2023-11-21,Mumbai,27.37,22.21,34.75,0.77,58.7,9.7,1014.68,Clear
2024-03-29,Hyderabad,26.31,22.31,31.42,4.42,81.12,5.8,1004.53,Cloudy
2024-05-07,Pune,32.76,27.12,38.53,2.02,48.0,11.3,1021.66,Clear
2023-06-03,Delhi,36.83,31.2,40.91,9.09,57.27,13.38,1008.12,Hot
2023-05-11,Hyderabad,31.01,22.83,36.09,1.27,65.61,5.03,1013.76,Clear
2022-08-24,Chennai,35.19,30.08,42.49,10.55,70.76,22.44,1021.65,Rainy
2024-02-28,Pune,23.77,17.81,30.66,3.11,71.2,10.3,1004.11,Clear
2023-07-23,Hyderabad,41.52,36.5,48.23,57.93,98.0,15.55,1026.23,Heavy Rain
2022-10-30,Delhi,24.83,18.28,29.76,0.27,63.35,16.17,1010.76,Clear
2024-04-24,Delhi,28.87,22.73,36.23,4.97,67.93,16.9,1022.97,Clear
2022-11-12,Bengaluru,20.13,12.25,27.14,3.58,72.2,21.0,1022.22,Clear
2024-04-25,Mumbai,31.21,26.63,36.31,0.27,62.26,11.61,1013.53,Clear
2023-06-27,Mumbai,37.93,29.37,44.37,6.48,49.93,7.08,1012.96,Hot
2023-03-13,Bengaluru,26.06,21.44,31.6,1.27,64.84,16.46,1009.05,Clear
2024-06-18,Bengaluru,35.12,30.53,40.77,11.71,83.31,13.1,1009.96,Rainy
2023-01-27,Bengaluru,18.27,11.09,25.48,1.02,81.91,14.15,1012.89,Cloudy
2024-10-06,Chennai,28.23,20.75,34.83,1.32,57.51,6.54,1010.71,Clear
2024-04-01,Hyderabad,30.9,23.44,36.8,2.13,55.87,9.45,1013.49,Clear
2022-05-04,Hyderabad,37.04,30.22,42.66,0.19,39.76,12.54,1019.82,Hot
2024-02-12,Delhi,22.02,16.94,29.26,1.77,68.76,17.24,1017.07,Clear
2022-12-04,Delhi,23.46,16.04,28.99,0.89,74.24,5.34,1018.71,Clear
2024-11-14,Mumbai,23.53,18.61,28.71,0.77,70.0,15.91,1016.65,Clear
2024-05-14,Pune,32.64,26.62,39.15,1.72,66.8,11.3,1007.96,Clear
2022-12-05,Delhi,18.15,10.81,23.38,4.07,91.84,5.73,1016.57,Cloudy
2023-04-02,Hyderabad,28.31,22.58,35.5,0.43,60.46,14.08,1011.57,Clear
2022-08-26,Mumbai,31.22,26.75,38.86,13.96,81.18,22.75,1002.95,Rainy
2022-02-07,Pune,22.13,18.07,27.09,0.29,74.87,13.35,1015.38,Clear
2024-12-03,Hyderabad,20.31,11.87,27.6,1.79,85.01,10.73,1016.13,Cloudy
2024-08-29,Bengaluru,27.89,20.17,34.72,13.67,76.43,11.54,1006.41,Rainy
2024-09-22,Hyderabad,21.58,17.58,26.34,7.38,76.16,17.74,1014.59,Clear
2023-07-11,Hyderabad,36.19,29.39,43.37,20.72,81.44,9.52,1008.4,Rainy
2024-02-26,Delhi,28.52,20.3,35.38,2.58,52.65,12.11,1006.7,Clear
2024-04-08,Hyderabad,30.29,25.73,37.57,1.33,69.3,11.62,1019.76,Clear
2022-05-12,Hyderabad,34.21,28.93,40.91,3.39,44.77,14.78,997.42,Clear
2023-09-24,Bengaluru,26.85,19.16,33.15,10.15,91.79,12.35,1017.13,Rainy
2024-08-04,Delhi,33.81,24.85,39.21,8.23,67.08,9.68,1009.8,Clear
2023-07-25,Chennai,37.8,29.8,44.49,24.77,86.69,6.89,1002.42,Rainy
2024-02-25,Bengaluru,16.76,11.16,23.58,0.29,89.38,14.31,1012.74,Cold
2022-06-28,Chennai,40.83,34.77,45.04,32.45,98.0,7.82,1019.26,Rainy
2024-11-03,Delhi,24.07,20.02,29.37,2.39,64.86,11.35,1020.46,Clear
2024-01-01,Pune,21.28,15.72,26.18,0.46,75.51,14.12,1004.67,Clear
2023-08-17,Mumbai,36.9,30.61,41.21,23.18,85.62,16.69,1010.64,Rainy
2023-06-18,Delhi,35.61,29.53,40.86,7.18,55.6,7.65,1013.07,Hot
2024-04-29,Bengaluru,27.27,20.32,32.54,1.32,57.81,11.55,1013.83,Clear
2023-07-15,Mumbai,42.37,33.45,46.57,8.83,45.39,15.93,1011.51,Hot
2024-02-12,Hyderabad,29.71,24.32,37.39,3.04,64.7,9.54,1012.27,Clear
2022-09-01,Mumbai,30.96,24.39,36.13,28.46,93.29,11.22,1007.57,Rainy
2022-06-16,Hyderabad,29.54,23.48,34.8,7.57,72.83,10.81,1014.35,Clear
2023-02-10,Mumbai,24.09,19.67,29.96,3.9,71.76,16.8,1009.68,Clear
2022-12-13,Pune,22.45,15.44,28.27,0.74,65.87,11.99,1011.27,Clear
2022-09-19,Mumbai,26.31,20.34,30.47,16.76,77.49,12.96,1013.33,Rainy
2023-06-16,Chennai,38.48,31.8,46.34,25.36,79.7,13.45,1009.15,Rainy
2023-08-17,Pune,31.63,26.74,36.27,21.27,89.51,13.55,1022.93,Rainy
2023-09-22,Pune,30.82,22.27,38.66,13.89,75.76,13.17,1013.64,Rainy
2022-11-01,Delhi,19.96,11.27,27.62,1.92,87.31,7.35,1007.4,Cloudy
2022-01-28,Hyderabad,22.95,14.99,29.51,2.77,81.37,6.87,1013.0,Cloudy
2022-12-07,Mumbai,23.42,18.52,30.2,0.39,68.74,18.98,1010.59,Clear
2022-06-13,Chennai,35.02,29.33,41.88,10.13,64.86,19.98,1010.91,Rainy
2023-05-21,Pune,37.43,31.09,44.87,0.18,43.99,13.04,1015.96,Hot
2023-03-14,Bengaluru,24.8,18.48,31.67,1.13,66.19,11.52,1004.18,Clear
2024-11-25,Chennai,28.67,22.14,36.2,2.42,66.08,4.76,1016.06,Clear
2023-08-17,Delhi,28.89,20.21,34.46,17.46,73.84,9.65,1010.47,Rainy
2023-03-04,Pune,28.09,23.89,34.54,0.95,71.21,13.85,1018.28,Clear
2023-06-01,Hyderabad,37.55,29.47,43.44,3.4,53.2,6.59,1015.63,Hot
2023-01-02,Chennai,26.26,20.43,32.68,0.51,61.36,18.93,1006.23,Clear
2023-09-23,Chennai,28.08,23.16,34.17,39.98,98.0,7.3,1013.4,Heavy Rain
2023-11-02,Pune,19.31,11.4,25.97,2.15,91.28,11.08,1019.9,Cloudy
2024-01-20,Bengaluru,24.56,18.41,32.06,1.13,68.4,14.48,1014.09,Clear
2024-09-03,Hyderabad,31.65,26.15,39.38,15.63,80.73,12.11,1017.3,Rainy
2024-02-28,Chennai,26.36,18.56,31.82,1.65,42.42,8.89,1013.55,Clear
2023-11-18,Chennai,25.85,20.97,30.33,5.82,73.55,15.74,1006.92,Clear
2022-12-30,Mumbai,23.89,19.69,31.24,3.44,85.97,13.0,1017.23,Cloudy
2024-11-17,Chennai,26.8,18.05,31.68,0.63,71.94,7.14,1011.85,Clear
2023-03-25,Chennai,33.2,28.27,38.86,1.11,62.61,10.57,1011.21,Clear
2024-10-10,Chennai,29.44,23.13,34.96,2.29,70.98,16.96,1012.89,Clear
2023-09-02,Chennai,32.44,26.32,37.48,10.72,78.44,12.84,1014.85,Rainy
2023-01-06,Delhi,26.22,21.81,31.73,2.88,70.91,18.89,1014.89,Clear
2022-07-25,Hyderabad,33.59,27.1,39.6,5.45,40.9,11.23,1010.11,Clear
2023-07-19,Chennai,37.35,31.06,43.38,20.89,81.23,11.4,1014.3,Rainy
2024-06-10,Delhi,33.71,29.0,38.84,21.95,81.59,8.27,1017.97,Rainy
2023-08-17,Chennai,37.03,32.76,41.16,7.15,55.82,4.88,1012.0,Hot
2024-10-03,Pune,24.69,16.71,28.73,3.22,76.68,14.99,1016.5,Clear
2023-09-25,Mumbai,29.18,20.52,35.84,1.25,75.39,12.84,1009.56,Clear
2022-10-29,Delhi,27.25,18.46,34.82,3.74,66.04,7.7,1009.94,Clear
2023-04-19,Delhi,29.37,22.73,36.75,1.38,65.01,8.22,1016.52,Clear
2023-01-16,Hyderabad,15.24,9.69,19.95,0.99,78.01,9.73,1019.35,Cold
2024-05-23,Hyderabad,37.97,33.84,44.74,6.22,56.33,14.24,1013.91,Hot
2022-10-07,Hyderabad,24.75,16.53,32.07,0.1,58.41,4.0,1002.84,Clear
2022-05-23,Delhi,40.93,35.04,45.83,3.61,53.29,13.85,1013.89,Hot
2023-10-22,Hyderabad,24.87,17.36,30.07,0.99,72.45,15.58,1009.95,Clear
2022-11-28,Bengaluru,18.77,11.44,23.44,1.83,73.76,8.29,1024.83,Clear
2023-08-19,Bengaluru,29.25,24.74,34.58,30.08,98.0,15.96,1013.11,Rainy
2022-03-15,Hyderabad,30.31,25.96,37.35,4.78,58.67,13.44,1013.42,Clear
2024-07-12,Bengaluru,34.99,27.67,40.78,7.78,61.5,9.28,1009.19,Clear
2023-02-03,Pune,20.6,16.29,28.55,0.18,63.71,17.88,1005.37,Clear
2022-07-29,Delhi,36.59,30.32,41.38,10.27,74.15,11.35,1013.76,Rainy
2023-08-10,Bengaluru,28.3,21.77,35.36,31.34,98.0,14.95,1015.87,Rainy
2022-05-17,Pune,39.17,32.76,44.77,5.28,48.34,10.89,1008.25,Hot
2023-04-15,Delhi,31.44,23.68,35.46,1.36,43.72,15.57,1009.4,Clear
2023-09-18,Delhi,28.12,22.87,36.05,25.08,92.69,9.2,1014.4,Rainy
2023-06-26,Chennai,42.6,34.34,47.95,32.22,90.0,18.04,1013.43,Rainy
2024-04-24,Hyderabad,37.07,32.74,43.52,1.51,66.56,14.57,1006.75,Hot
2024-05-15,Bengaluru,35.96,30.91,42.21,0.6,42.74,8.88,1014.0,Hot
2023-06-02,Hyderabad,34.71,29.57,41.9,20.58,80.38,10.54,1010.14,Rainy
2024-05-19,Delhi,39.77,33.55,45.87,1.4,49.47,13.49,1014.2,Hot
2022-06-01,Chennai,41.88,34.4,48.82,8.2,58.06,8.58,1014.83,Hot
2024-11-18,Chennai,26.6,20.66,32.19,2.18,58.27,7.24,1009.63,Clear
2023-10-02,Pune,27.94,20.05,34.2,3.15,65.97,13.57,1007.68,Clear
2023-09-24,Delhi,27.51,18.75,34.14,9.65,98.0,10.75,1009.39,Cloudy
2023-09-26,Hyderabad,31.1,26.87,36.62,17.74,75.59,12.61,1012.41,Rainy
2022-04-30,Hyderabad,31.49,22.95,36.11,2.24,64.8,19.05,1010.54,Clear
2022-10-11,Delhi,23.18,14.22,27.92,0.48,71.81,12.33,1011.35,Clear
2023-01-08,Delhi,25.2,18.14,29.63,0.5,66.21,16.19,1012.74,Clear
2022-03-11,Chennai,27.49,21.32,33.31,4.74,62.79,15.98,1018.49,Clear
2023-12-08,Hyderabad,18.7,10.01,25.91,0.57,67.43,21.44,1019.81,Clear
2023-12-09,Mumbai,18.72,14.64,24.21,2.35,63.39,9.44,1015.3,Clear
2024-05-04,Delhi,30.24,22.1,35.01,0.03,63.85,15.37,1013.29,Clear
2022-05-23,Chennai,38.47,31.47,42.93,1.08,48.11,11.89,1013.19,Hot
2023-10-02,Hyderabad,23.93,19.08,29.62,2.38,68.82,15.6,1011.87,Clear
2022-03-14,Mumbai,27.71,21.17,32.68,0.06,50.35,15.19,1006.3,Clear
2023-11-21,Chennai,23.44,16.81,30.5,0.07,64.64,6.64,1009.01,Clear
2022-04-05,Pune,31.77,25.64,36.52,1.43,41.89,10.51,1016.91,Clear
2023-02-14,Delhi,24.52,20.41,28.56,1.59,58.69,15.81,1009.04,Clear
2022-01-30,Pune,20.72,14.5,27.74,0.45,78.36,11.76,1016.84,Clear
2022-05-26,Pune,40.2,34.15,44.97,5.89,44.49,14.69,1010.77,Hot
2023-03-01,Chennai,31.76,24.44,38.28,0.93,57.64,11.31,1020.63,Clear
2024-11-19,Hyderabad,18.27,12.71,22.58,2.17,70.97,9.03,1007.82,Clear
2022-03-05,Bengaluru,24.56,19.54,30.38,2.57,58.81,20.26,1015.32,Clear
2023-12-22,Bengaluru,18.11,13.45,23.26,1.27,77.68,8.44,1011.03,Clear
2023-04-27,Pune,29.73,24.93,33.76,0.31,56.77,15.49,1015.04,Clear
2023-09-11,Bengaluru,28.07,19.07,33.64,14.44,82.52,6.6,1008.9,Rainy
2023-03-18,Bengaluru,27.52,19.95,34.08,2.21,61.62,19.95,1026.81,Clear
2024-12-06,Bengaluru,26.81,21.62,31.27,1.1,63.15,12.6,1017.51,Clear
2022-09-05,Pune,33.66,25.99,39.72,2.68,61.39,17.91,1013.23,Clear
2023-02-10,Pune,18.82,14.43,23.85,0.95,71.38,15.16,1002.24,Clear
2023-03-17,Mumbai,27.47,21.57,33.9,0.17,57.37,9.49,1010.56,Clear
2022-01-05,Pune,24.78,19.92,29.9,0.82,63.43,10.11,1008.44,Clear
2023-03-22,Delhi,26.57,20.71,34.5,1.52,58.37,8.41,1015.15,Clear
2022-09-05,Hyderabad,32.8,25.06,40.04,26.22,,9.72,1016.44,Rainy
2023-10-12,Mumbai,19.47,14.92,26.97,0.69,74.67,6.89,1023.69,Clear
2023-03-27,Pune,23.82,15.93,29.79,0.91,73.64,11.64,1016.95,Clear
2023-09-12,Hyderabad,31.99,27.58,36.07,30.57,94.16,15.4,1017.94,Rainy
2023-10-01,Hyderabad,23.45,14.66,29.02,3.02,86.62,10.67,1012.62,Cloudy
2023-10-23,Delhi,21.58,16.22,26.77,2.11,71.14,8.07,1009.12,Clear
2022-08-04,Bengaluru,29.17,24.35,34.43,31.89,98.0,10.17,1010.14,Rainy
2022-12-21,Hyderabad,18.58,12.23,26.26,0.87,59.77,16.37,1016.08,Clear
2023-09-23,Mumbai,31.76,23.91,37.7,16.68,83.71,13.64,1013.78,Rainy
2022-06-03,Pune,34.54,27.96,40.82,6.83,55.35,16.3,1013.13,Clear
2024-06-07,Hyderabad,39.7,35.44,45.86,19.49,54.93,5.58,1015.71,Rainy
2023-04-28,Mumbai,35.01,29.73,39.89,1.01,51.5,16.6,1006.34,Hot
2023-05-04,Pune,39.44,32.93,46.52,4.16,45.71,8.32,1003.3,Hot
2023-01-02,Pune,18.27,13.65,25.49,0.33,69.1,9.87,1004.43,Clear
2024-04-28,Delhi,27.13,21.15,32.79,4.31,76.75,17.9,1011.99,Clear
2023-11-09,Hyderabad,23.46,18.52,30.05,1.91,70.25,11.62,1012.24,Clear
2024-12-17,Delhi,13.98,5.47,21.05,1.38,83.96,14.05,1008.69,Cold
2023-01-31,Bengaluru,19.4,13.27,23.42,2.47,75.62,22.84,1015.26,Clear
2024-05-07,Bengaluru,32.31,25.32,38.5,1.11,55.74,21.6,1016.05,Clear
2022-09-04,Hyderabad,28.14,22.47,34.9,49.58,98.0,12.49,1009.15,Heavy Rain
2024-10-30,Delhi,26.34,18.16,32.7,1.95,69.54,6.42,1003.58,Clear
2024-12-08,Mumbai,22.95,15.55,30.93,3.51,68.38,20.84,1013.63,Clear
2023-03-16,Delhi,26.2,17.93,32.6,1.05,52.45,8.94,1010.59,Clear
2023-07-19,Pune,37.53,31.05,42.72,30.71,89.51,11.7,1010.36,Rainy
2022-08-22,Delhi,33.25,25.31,37.54,9.36,74.55,9.43,1020.49,Clear
2022-03-17,Chennai,26.93,21.35,31.17,3.69,71.95,14.88,1012.27,Clear
2024-06-24,Delhi,36.64,28.19,44.62,10.95,63.32,11.14,1007.86,Rainy
2023-11-20,Bengaluru,17.79,10.6,25.05,0.07,71.6,12.72,1023.64,Cold
2023-02-23,Chennai,21.22,12.89,27.71,2.44,61.84,12.13,1009.25,Clear
2024-02-23,Chennai,30.27,25.19,37.7,0.16,60.89,16.76,1017.77,Clear
2022-10-18,Hyderabad,20.99,13.88,25.17,0.76,85.59,10.6,1014.1,Cloudy
2024-04-15,Hyderabad,35.83,26.95,40.66,0.32,46.22,3.78,1006.97,Hot
2022-11-09,Pune,21.3,12.64,27.35,0.83,58.62,,1023.4,Clear
2024-01-20,Pune,20.48,11.5,26.88,0.72,73.28,14.96,1015.18,Clear
2023-12-04,Pune,19.85,13.1,24.22,0.49,76.16,4.2,1018.35,Clear
2023-11-01,Bengaluru,21.13,15.77,25.14,2.36,66.35,17.15,1014.15,Clear
2023-01-15,Pune,19.8,13.01,24.54,1.81,83.76,12.2,1013.05,Cloudy
2022-02-05,Mumbai,23.22,16.76,29.11,1.22,55.53,6.8,1019.72,Clear
2023-03-21,Mumbai,28.92,24.29,36.77,1.97,79.97,9.43,1007.73,Clear
2022-06-17,Delhi,36.96,28.73,42.09,11.17,74.03,5.84,1006.03,Rainy
2023-01-02,Bengaluru,22.04,16.87,28.14,0.32,74.75,11.81,1011.44,Clear
2024-09-14,Delhi,27.51,23.1,31.55,40.3,98.0,15.08,1009.71,Heavy Rain
2022-07-10,Pune,30.83,22.43,34.99,27.04,98.0,10.58,1024.3,Rainy
2023-09-24,Hyderabad,25.75,21.54,33.2,14.35,84.48,12.18,1015.49,Rainy
2022-03-03,Hyderabad,32.59,25.3,37.85,3.07,58.64,18.28,1018.41,Clear
2022-05-09,Bengaluru,31.03,26.0,35.83,1.71,61.83,6.83,1016.3,Clear
2024-11-07,Pune,25.22,19.36,32.44,3.76,71.25,11.29,1010.59,Clear
2023-03-21,Delhi,27.14,20.25,34.11,0.37,66.4,5.09,1010.42,Clear
2023-12-30,Bengaluru,20.89,13.62,27.36,0.53,70.37,9.2,998.64,Clear
2024-06-16,Chennai,33.49,29.19,40.89,30.77,80.28,11.29,1010.19,Rainy
2023-08-09,Pune,29.83,24.85,34.35,6.72,62.53,15.04,1015.36,Clear
2023-02-07,Hyderabad,23.82,18.49,28.58,6.8,85.42,12.9,1009.79,Cloudy
2023-08-20,Pune,32.11,26.21,36.29,6.31,65.34,6.27,1021.65,Clear
2023-12-09,Hyderabad,23.72,15.02,30.93,2.54,68.85,16.46,1006.35,Clear
2024-05-10,Hyderabad,40.63,33.97,45.17,1.02,45.15,11.47,1008.98,Hot
2022-12-14,Bengaluru,14.2,9.61,19.37,3.33,89.65,14.46,1017.18,Cold
2023-01-08,Mumbai,22.45,18.1,27.3,0.51,57.48,11.08,1003.49,Clear
2023-11-03,Hyderabad,22.12,16.15,28.83,1.75,73.92,16.36,1003.4,Clear
2022-05-21,Mumbai,33.25,24.31,37.41,0.14,41.9,20.01,1011.47,Clear
2022-02-05,Hyderabad,24.15,16.46,29.58,1.52,72.5,10.56,1009.05,Clear
2023-10-27,Chennai,23.61,17.03,29.93,0.05,56.15,16.0,1017.17,Clear
2024-10-29,Hyderabad,22.45,13.53,28.59,1.52,69.35,12.74,1015.11,Clear
2023-12-16,Mumbai,20.45,11.48,26.08,1.63,61.56,14.15,1018.13,Clear
2024-09-23,Delhi,20.83,15.15,27.38,13.03,93.94,17.84,1010.86,Rainy
2022-12-03,Chennai,26.29,20.88,31.86,5.27,80.71,12.68,1013.84,Cloudy
2022-02-17,Hyderabad,25.38,19.57,32.03,0.62,61.21,5.28,1012.99,Clear
2022-01-13,Chennai,20.87,16.83,26.36,2.13,69.09,7.81,1017.19,Clear
2023-02-11,Mumbai,24.77,18.47,29.98,3.67,73.21,19.83,1011.87,Clear
2022-01-21,Mumbai,20.47,11.98,28.02,2.37,83.86,13.17,1008.43,Cloudy
2024-10-01,Mumbai,28.48,20.46,36.08,0.13,58.12,8.9,1008.99,Clear
2022-08-08,Delhi,28.91,23.58,33.43,9.15,78.28,6.65,1012.51,Clear
2022-12-20,Delhi,21.61,12.84,26.07,0.0,67.98,10.91,1009.05,Clear
2022-07-18,Delhi,35.39,27.55,39.76,14.96,82.12,8.39,1003.41,Rainy
2024-06-26,Hyderabad,35.41,29.61,41.67,14.05,70.45,12.03,1024.23,Rainy
2022-02-12,Mumbai,26.78,18.27,32.81,0.7,70.01,13.3,1011.35,Clear
2023-10-01,Delhi,24.83,18.24,30.72,1.54,63.51,13.65,998.51,Clear
2022-03-25,Bengaluru,28.01,20.24,32.42,2.18,59.95,13.27,1012.42,Clear
2024-04-10,Delhi,30.97,24.39,37.64,2.6,66.67,12.45,1006.95,Clear
2022-03-18,Bengaluru,28.4,23.54,35.79,1.26,55.7,5.75,1015.65,Clear
2022-01-16,Hyderabad,20.92,13.7,25.14,3.64,84.33,6.2,1018.98,Cloudy
2022-01-12,Mumbai,25.82,17.8,30.56,1.82,76.1,12.7,1010.45,Clear
2022-03-23,Pune,27.49,19.61,32.64,3.75,58.75,10.02,1007.6,Clear
2024-05-01,Pune,38.96,32.34,43.01,0.61,39.77,14.06,1006.98,Hot
2022-11-06,Delhi,17.12,8.54,21.94,0.57,86.79,17.34,1006.41,Cold
2023-11-03,Delhi,17.48,8.67,22.09,1.0,85.25,8.0,1005.79,Cold
2023-08-01,Bengaluru,33.04,26.25,37.9,21.44,60.92,13.54,1007.07,Rainy
2024-10-23,Mumbai,26.27,19.73,30.36,3.12,63.91,4.94,1009.97,Clear
2023-07-15,Bengaluru,33.48,27.72,40.73,18.91,80.41,15.94,1020.78,Rainy
2024-03-08,Delhi,28.71,21.76,35.23,0.16,53.24,9.29,1001.75,Clear
2024-08-19,Mumbai,31.67,26.98,37.26,25.63,97.28,6.64,1008.29,Rainy
2023-11-29,Delhi,18.82,12.79,26.5,3.88,77.21,12.72,1008.18,Clear
2024-04-03,Delhi,34.19,29.76,38.32,1.14,,4.88,1008.04,Clear
2022-02-20,Bengaluru,19.71,12.59,25.76,1.2,84.35,5.39,1010.84,Cloudy
2024-06-15,Chennai,38.09,32.44,44.77,19.16,73.77,7.92,1011.03,Rainy
2024-01-06,Mumbai,22.52,14.42,27.96,1.27,78.92,16.14,1012.21,Clear
2022-01-17,Hyderabad,23.9,15.3,31.15,5.07,82.03,4.45,1010.59,Cloudy
2022-12-11,Pune,18.94,11.52,23.85,0.33,81.39,12.57,1007.87,Cloudy
2023-11-15,Delhi,21.98,15.07,29.32,0.45,65.44,16.31,1018.08,Clear
2023-11-30,Bengaluru,19.21,12.64,25.94,1.46,76.01,13.86,1014.64,Clear
2024-07-05,Mumbai,35.3,28.53,41.53,5.45,,11.97,1006.37,Hot
2022-01-19,Chennai,22.75,16.78,27.58,1.59,78.17,10.39,1013.57,Clear
2024-03-12,Bengaluru,27.95,21.9,35.89,3.64,71.9,15.05,1006.6,Clear
2023-09-04,Chennai,31.63,23.94,37.76,3.99,62.99,11.45,1021.86,Clear
2022-07-12,Chennai,39.0,34.4,44.6,11.12,61.15,11.71,1008.25,Rainy
2023-08-04,Delhi,29.88,24.91,36.93,57.13,98.0,10.84,1021.66,Heavy Rain
2023-06-13,Pune,37.57,28.93,43.16,29.74,89.71,16.45,1014.32,Rainy
2024-04-17,Hyderabad,35.85,30.75,43.07,0.65,50.69,5.96,1005.77,Hot
2024-04-01,Mumbai,32.64,24.9,37.69,2.06,48.0,18.12,1008.11,Clear
2022-09-29,Pune,31.09,24.22,38.34,14.51,79.12,2.23,1011.98,Rainy
2023-03-01,Bengaluru,23.77,18.05,28.77,3.46,85.64,2.46,1009.75,Cloudy
2023-03-19,Chennai,34.41,29.68,41.49,3.12,58.94,18.36,1015.46,Clear
2024-04-30,Mumbai,36.15,31.6,43.33,0.95,46.26,12.56,1011.77,Hot
2024-09-27,Mumbai,27.54,23.01,32.49,17.23,82.8,11.87,1006.1,Rainy
2024-08-05,Chennai,31.74,25.37,37.11,1.92,62.7,10.74,1013.91,Clear
2024-04-06,Bengaluru,26.76,19.34,32.1,1.98,63.08,3.77,1017.4,Clear
2023-06-26,Pune,37.44,30.37,44.34,20.93,81.84,11.11,1008.98,Rainy
2023-07-26,Pune,35.18,30.5,39.91,28.6,98.0,9.21,1005.25,Rainy
2024-09-08,Delhi,26.07,20.32,31.05,6.09,65.95,15.43,1020.98,Clear
2023-09-16,Hyderabad,29.06,20.22,36.78,6.71,71.19,11.94,1009.67,Clear
2022-09-09,Pune,28.83,20.2,36.07,17.57,73.21,14.55,1008.64,Rainy
2022-01-21,Chennai,22.55,17.39,29.88,0.75,55.31,8.0,1010.04,Clear
2024-11-04,Delhi,23.61,15.53,28.76,1.24,71.36,13.12,1001.2,Clear
2022-08-28,Hyderabad,29.5,25.24,34.38,26.09,98.0,18.88,1012.74,Rainy
2023-11-05,Hyderabad,21.01,14.71,28.43,0.75,78.88,2.0,1018.04,Clear
2024-11-06,Delhi,22.28,17.78,27.82,1.43,77.01,8.75,1010.05,Clear
2024-10-04,Hyderabad,21.06,16.8,26.91,1.15,74.16,4.73,1017.2,Clear
2023-12-05,Mumbai,23.53,17.48,31.13,1.78,74.51,8.14,1009.31,Clear
2024-06-08,Chennai,40.04,34.71,48.02,5.18,40.02,12.7,1006.05,Hot
2022-01-04,Bengaluru,22.27,17.11,28.47,0.26,68.95,14.09,1015.1,Clear
2023-01-21,Bengaluru,21.01,15.66,28.52,0.61,75.83,8.71,1010.26,Clear
2022-08-05,Delhi,26.68,21.04,33.77,24.02,98.0,13.35,1012.97,Rainy
2022-08-20,Pune,33.11,26.68,37.65,22.82,78.25,19.85,1013.66,Rainy
2023-10-23,Chennai,30.12,25.46,36.7,0.44,58.77,6.81,1014.43,Clear
2024-10-16,Hyderabad,23.31,14.68,30.49,0.22,71.78,11.25,1009.99,Clear
2022-02-26,Hyderabad,17.69,10.2,24.06,4.86,73.4,6.63,1013.93,Cold
2022-01-26,Chennai,29.48,22.73,36.46,1.1,55.59,5.8,1019.99,Clear
2024-09-13,Mumbai,26.12,20.37,32.95,5.72,65.5,12.51,1009.49,Clear
2023-05-15,Chennai,37.34,29.16,43.35,9.38,47.13,20.35,1013.81,Hot
2022-07-06,Chennai,40.46,32.18,47.23,11.61,67.1,11.96,1016.63,Rainy
2024-12-09,Hyderabad,21.4,14.42,28.28,2.1,59.64,8.33,1016.28,Clear
2024-02-01,Bengaluru,22.53,17.6,28.7,1.39,70.7,13.16,1004.64,Clear
2022-07-17,Bengaluru,35.52,28.26,40.0,15.66,61.29,7.57,1014.44,Rainy
2022-10-10,Delhi,17.81,13.33,25.37,0.72,66.27,13.54,1010.7,Cold
2023-08-09,Bengaluru,27.08,22.72,34.4,14.71,74.72,12.3,1011.15,Rainy
2022-04-13,Pune,25.73,16.99,32.14,0.58,63.76,13.39,1007.06,Clear
2024-06-12,Bengaluru,32.06,25.13,37.85,17.84,80.27,7.62,1013.98,Rainy
2023-02-27,Pune,26.38,18.16,34.19,0.86,70.56,13.62,1011.65,Clear
2023-12-05,Pune,23.02,18.33,30.27,2.58,74.14,3.85,1006.72,Clear
2024-10-11,Mumbai,25.95,19.94,30.36,0.12,55.85,9.1,1007.52,Clear
2022-05-09,Mumbai,42.47,36.48,47.56,3.0,41.85,6.99,1019.22,Hot
2022-09-26,Pune,29.67,24.64,36.69,40.39,98.0,23.66,1005.61,Heavy Rain
2023-11-10,Hyderabad,21.02,12.02,28.49,0.78,79.09,13.36,1016.37,Clear
2022-03-28,Hyderabad,24.32,18.77,30.58,0.88,61.29,10.87,1014.78,Clear
2024-06-10,Mumbai,36.82,31.82,43.17,8.43,59.63,5.68,1009.04,Hot
2023-08-25,Delhi,26.74,20.59,32.75,3.88,56.92,7.9,1013.52,Clear
2022-02-23,Chennai,27.03,18.77,31.05,0.62,64.09,21.9,1020.69,Clear
2022-01-20,Hyderabad,22.48,16.42,29.67,1.91,78.55,15.74,1010.69,Clear
2024-03-16,Chennai,27.83,21.81,35.42,0.25,67.18,13.11,1021.04,Clear
2022-06-20,Chennai,41.94,33.51,46.44,5.43,37.39,14.91,1005.46,Hot
2024-11-23,Delhi,23.66,18.57,28.56,0.42,66.59,12.59,1007.83,Clear
2022-04-23,Pune,32.59,26.6,37.07,9.83,56.44,9.06,1011.03,Clear
2023-08-04,Bengaluru,24.67,15.71,29.88,9.93,83.79,17.92,1010.95,Cloudy
2023-03-13,Chennai,28.92,24.65,33.9,3.15,67.66,9.66,1012.14,Clear
2024-02-17,Bengaluru,21.23,12.72,25.44,5.19,89.14,11.08,1020.62,Cloudy
2022-06-06,Chennai,38.99,33.27,44.98,2.07,31.13,14.83,1012.04,Hot
2022-05-24,Pune,36.37,27.38,41.87,1.51,44.58,18.71,1009.82,Hot
2022-04-08,Delhi,30.95,22.03,38.34,0.8,58.82,7.22,1015.12,Clear
2023-07-03,Delhi,33.34,25.09,39.16,8.79,62.09,13.95,1009.42,Clear
2022-10-03,Mumbai,30.11,23.51,34.68,0.52,64.34,9.22,1009.95,Clear
2022-07-21,Hyderabad,35.19,30.13,42.36,10.1,71.76,11.78,1014.9,Rainy
2024-11-01,Mumbai,24.72,19.03,29.42,0.58,65.08,17.75,1012.83,Clear
2022-05-14,Pune,33.12,28.29,37.26,3.71,56.87,13.34,1011.14,Clear
2024-10-05,Mumbai,25.26,18.61,30.84,3.22,58.34,9.82,1013.1,Clear
2023-06-25,Bengaluru,43.04,35.03,48.11,17.06,58.78,12.96,1015.43,Rainy
2022-12-07,Delhi,23.69,14.83,31.2,2.09,61.56,8.77,1012.9,Clear
2024-10-02,Bengaluru,16.13,7.96,22.15,0.72,79.27,6.9,999.25,Cold
2024-11-24,Mumbai,21.42,15.07,28.7,0.18,67.24,8.0,1009.42,Clear
2023-05-15,Hyderabad,32.86,25.97,38.57,0.38,50.17,15.08,1000.03,Clear
2022-10-09,Mumbai,26.05,19.76,30.89,0.16,53.75,10.19,1019.26,Clear
2024-11-09,Mumbai,21.16,15.13,28.55,1.85,74.29,22.43,1012.97,Clear
2022-08-09,Pune,32.01,24.53,37.24,14.54,79.07,9.71,1016.55,Rainy
2024-08-26,Mumbai,38.67,32.89,44.29,24.8,65.78,7.52,1011.96,Rainy
2022-07-09,Delhi,32.57,24.16,38.01,31.63,98.0,9.72,1007.38,Rainy
2024-05-21,Hyderabad,32.33,25.6,38.83,1.57,51.64,9.74,1008.46,Clear
2024-04-23,Pune,37.47,30.95,44.38,0.38,40.61,6.44,1011.49,Hot
2022-12-07,Hyderabad,22.83,13.99,28.71,1.47,72.47,12.04,1016.25,Clear
2022-06-28,Pune,32.93,24.16,40.1,37.6,98.0,4.62,1008.08,Heavy Rain
2023-09-12,Mumbai,33.44,29.4,39.13,34.15,98.0,13.43,1018.31,Rainy
2022-10-25,Chennai,29.93,25.68,35.25,0.24,42.07,11.92,1022.19,Clear
2023-10-09,Pune,26.37,20.66,32.64,0.45,53.4,8.81,1002.94,Clear
2022-10-22,Pune,25.27,19.21,31.88,0.49,63.77,12.34,1012.22,Clear
2024-09-07,Hyderabad,23.6,15.1,28.89,12.01,94.46,9.52,1015.53,Rainy
2023-04-29,Pune,32.82,27.01,39.77,0.84,57.43,12.97,1012.34,Clear
2023-07-14,Pune,33.95,29.82,38.89,6.24,66.33,9.55,1004.75,Clear
2022-10-08,Bengaluru,25.27,17.51,32.89,0.09,57.96,4.28,1017.73,Clear
2022-06-10,Delhi,32.1,26.3,36.83,20.83,87.6,9.82,1014.47,Rainy
2022-01-21,Delhi,18.2,9.24,25.15,1.3,74.56,16.47,1016.82,Clear
2024-12-21,Chennai,25.39,16.58,29.96,0.76,68.87,13.83,1004.58,Clear
2024-09-13,Delhi,26.44,20.69,33.68,8.03,74.65,12.19,1009.12,Clear
2024-09-27,Delhi,25.91,19.39,30.41,31.92,98.0,12.81,1015.16,Rainy
2022-07-31,Pune,38.47,34.21,44.9,2.89,45.93,16.19,1015.87,Hot
2023-07-30,Mumbai,35.9,27.14,40.2,7.26,51.69,7.78,1012.63,Hot
2022-06-18,Delhi,35.13,28.97,41.64,12.98,71.69,12.04,1015.91,Rainy
2022-07-04,Pune,34.77,26.76,41.93,5.78,54.61,3.79,1013.8,Clear
2024-09-02,Hyderabad,28.55,24.46,34.0,22.78,91.66,6.84,1018.99,Rainy
2024-12-06,Hyderabad,17.54,12.91,25.01,0.83,82.56,12.41,1016.21,Cold
2024-06-16,Pune,35.5,29.04,39.84,10.82,63.23,10.26,1009.83,Rainy
2023-03-24,Delhi,28.19,21.22,32.72,4.29,52.96,14.6,1016.29,Clear
2022-09-27,Mumbai,31.35,24.28,35.7,5.71,63.88,9.3,1011.28,Clear
2023-09-22,Mumbai,30.38,24.83,35.85,7.92,66.02,16.97,1011.38,Clear
2024-09-21,Chennai,35.19,26.21,42.67,17.2,76.22,14.29,1016.13,Rainy
2024-06-08,Delhi,34.16,28.41,41.91,0.56,55.38,14.46,1011.79,Clear
2022-06-28,Bengaluru,33.84,25.83,38.66,19.01,79.04,8.58,1007.57,Rainy
2022-09-29,Chennai,23.65,19.19,28.02,7.47,75.89,11.86,1011.45,Clear
2022-01-13,Hyderabad,18.07,12.68,23.12,1.66,63.69,4.38,1011.94,Clear
2024-01-06,Bengaluru,17.05,10.11,22.03,0.28,85.22,4.64,1024.23,Cold
2024-02-11,Chennai,29.61,24.0,34.44,0.91,58.16,13.72,1016.21,Clear
2024-08-08,Pune,33.31,29.18,38.21,5.88,61.95,15.43,1012.97,Clear
2024-12-04,Bengaluru,17.64,11.13,23.85,0.03,77.97,12.76,1010.15,Cold
2024-02-27,Hyderabad,29.6,23.1,35.77,0.41,58.9,12.65,1004.84,Clear
2024-10-14,Pune,25.02,20.05,31.77,1.62,64.8,17.93,1016.69,Clear
2022-01-28,Mumbai,24.15,16.66,30.96,2.25,75.99,9.58,1013.52,Clear
2024-08-02,Pune,35.59,29.12,43.56,19.15,74.02,6.41,1016.02,Rainy
2023-10-03,Bengaluru,23.96,16.98,31.51,2.19,73.46,16.52,1020.07,Clear
2023-04-24,Chennai,33.36,28.06,40.6,0.9,54.81,4.71,1010.19,Clear
2024-10-21,Delhi,18.9,10.89,23.18,0.82,76.09,8.56,1006.6,Clear
2023-06-11,Bengaluru,30.02,25.8,34.18,42.19,98.0,16.8,1008.37,Heavy Rain
2022-05-10,Mumbai,36.68,27.84,41.42,3.57,57.78,14.89,1014.3,Hot
2023-05-10,Hyderabad,34.82,30.48,40.46,1.62,43.04,14.01,1007.43,Clear
2024-09-27,Chennai,33.53,26.51,41.01,23.24,89.81,14.32,1009.53,Rainy
2022-08-04,Hyderabad,33.0,25.32,40.27,2.23,59.03,13.91,1009.63,Clear
2022-01-14,Mumbai,18.83,14.23,24.18,0.8,76.96,3.91,1007.28,Clear
2023-01-18,Chennai,24.51,19.93,29.41,1.14,80.15,18.44,1012.43,Cloudy
2022-04-03,Hyderabad,31.5,27.05,38.4,1.38,73.43,16.31,1007.75,Clear
2023-03-06,Pune,28.88,22.97,35.95,1.44,59.76,14.6,1009.73,Clear
2022-06-23,Delhi,32.17,27.51,40.12,21.86,74.69,12.52,1013.07,Rainy
2022-09-22,Hyderabad,27.7,21.09,32.93,6.6,67.96,18.86,1013.07,Clear
2024-05-10,Delhi,35.9,28.42,42.49,3.69,63.75,11.83,1008.97,Hot
2023-12-19,Bengaluru,14.86,6.28,20.31,0.16,85.57,14.61,1013.22,Cold
2022-05-29,Delhi,36.16,28.15,43.87,1.5,50.13,11.47,1012.42,Hot
2023-01-10,Mumbai,21.7,16.65,28.94,1.57,78.47,10.48,1002.41,Clear
2024-11-09,Chennai,19.37,10.46,24.12,0.63,78.02,13.91,1011.94,Clear
2022-07-02,Chennai,42.75,36.84,47.43,14.52,48.24,5.03,1008.04,Rainy
2024-07-28,Mumbai,35.26,28.34,41.03,11.47,66.4,16.45,1016.7,Rainy
2024-04-18,Chennai,29.88,21.28,37.46,2.02,63.44,9.15,1008.24,Clear
2022-07-09,Hyderabad,34.24,28.69,39.59,17.2,74.01,17.98,1009.2,Rainy
2024-11-17,Pune,20.2,14.1,27.54,2.07,75.87,17.44,1010.69,Clear
2022-10-31,Bengaluru,20.38,13.42,26.73,1.46,69.32,10.14,1007.28,Clear
2023-05-19,Chennai,42.56,38.09,47.77,1.39,43.15,12.82,1020.89,Hot
2023-03-23,Chennai,33.78,29.54,38.64,1.02,56.59,17.75,1012.41,Clear
2022-12-02,Bengaluru,18.36,10.59,23.68,0.62,75.53,15.11,1016.79,Clear
2023-06-14,Mumbai,42.52,36.15,49.93,21.2,67.94,14.15,1014.14,Rainy
2023-03-03,Bengaluru,33.01,28.02,40.72,0.33,57.0,9.45,1009.55,Clear
2022-06-23,Pune,34.03,25.85,38.73,13.48,81.7,4.56,1008.58,Rainy
2024-09-20,Bengaluru,30.67,24.77,37.5,10.75,86.7,13.54,1013.43,Rainy
2022-10-26,Pune,28.5,23.01,34.38,1.21,61.03,10.24,1014.9,Clear
2023-12-23,Bengaluru,22.77,17.74,29.56,0.57,67.77,7.91,1011.89,Clear
2022-01-07,Hyderabad,29.84,21.61,35.09,1.0,65.79,12.15,1016.68,Clear
2023-12-03,Pune,21.83,16.05,29.64,0.76,76.4,7.79,1007.11,Clear
2024-02-27,Delhi,19.3,12.92,27.29,0.21,76.81,7.28,1010.1,Clear
2022-12-12,Pune,18.82,12.38,25.81,1.06,69.27,11.92,1009.38,Clear
2023-06-24,Hyderabad,36.43,31.5,44.12,8.55,52.19,5.88,1008.79,Hot
2024-10-01,Chennai,24.93,17.56,31.49,1.93,63.46,7.79,1011.4,Clear
2023-06-08,Bengaluru,35.07,29.88,41.36,6.36,58.05,12.41,1010.02,Hot
2022-06-27,Pune,39.53,31.74,46.53,3.3,46.28,17.29,1012.88,Hot
2022-11-16,Hyderabad,20.26,15.29,25.77,0.22,82.16,7.05,1011.07,Cloudy
2023-09-09,Pune,28.57,21.02,32.8,27.77,98.0,9.08,1015.6,Rainy
2024-08-13,Mumbai,31.29,23.12,37.11,29.38,93.75,14.75,1009.82,Rainy
2024-01-26,Hyderabad,,13.49,26.97,0.95,65.97,9.49,1014.44,Clear
2024-05-29,Hyderabad,31.46,23.62,37.78,0.54,49.57,12.76,1010.22,Clear
2022-12-12,Chennai,21.24,12.79,27.72,6.25,84.35,7.98,1012.98,Cloudy
2023-07-29,Chennai,39.2,31.88,45.22,,58.09,11.75,1013.65,Hot
2023-02-08,Mumbai,25.56,21.3,32.33,0.12,62.7,13.94,1004.26,Clear
2024-09-02,Pune,27.53,19.66,32.31,26.04,98.0,9.6,1015.71,Rainy
2024-02-29,Chennai,29.59,24.41,34.03,1.26,72.19,12.94,1012.8,Clear
2024-05-31,Pune,35.07,30.36,41.84,0.09,54.82,14.64,1017.36,Hot
2022-06-08,Mumbai,40.18,32.35,47.43,9.53,59.27,8.98,1010.6,Hot
2023-08-24,Bengaluru,25.36,20.68,31.69,9.24,85.21,8.38,1009.35,Cloudy
2024-06-21,Mumbai,39.38,34.7,46.93,23.94,78.76,16.14,1014.96,Rainy
2022-12-19,Mumbai,19.8,11.96,26.13,1.42,80.19,14.5,1006.28,Cloudy
2022-06-06,Hyderabad,35.41,27.86,39.68,3.39,40.99,16.14,1024.11,Hot
2024-04-22,Bengaluru,29.03,24.37,36.75,1.72,61.29,15.27,1018.19,Clear
2024-01-25,Mumbai,22.97,17.58,28.27,1.19,71.03,8.24,1014.38,Clear
2024-02-19,Delhi,24.44,16.84,29.77,0.12,59.06,16.74,1012.63,Clear
2024-12-28,Chennai,20.46,12.07,25.04,3.46,64.96,12.6,1010.53,Clear
2023-12-30,Delhi,13.1,9.01,20.64,0.62,87.81,16.59,1006.51,Cold
2022-11-08,Mumbai,25.48,20.97,31.54,1.53,74.15,15.98,1016.08,Clear
2022-09-18,Hyderabad,31.99,25.65,38.39,19.7,92.12,8.04,1004.92,Rainy
2023-10-24,Mumbai,27.34,19.74,31.69,0.72,59.05,7.97,1011.74,Clear
2024-06-12,Pune,37.35,31.78,44.33,32.16,98.0,14.36,1011.45,Rainy
2023-01-13,Bengaluru,20.18,11.51,26.54,3.25,79.09,6.2,1018.9,Clear
2022-11-03,Mumbai,24.38,18.72,31.16,1.95,62.19,13.69,1012.55,Clear
2022-05-24,Delhi,36.27,31.28,40.29,0.79,43.25,5.01,1017.85,Hot
2022-06-14,Delhi,38.92,34.3,46.68,21.34,64.0,14.47,1018.74,Rainy
2023-02-19,Bengaluru,21.53,17.03,28.02,0.23,80.84,16.25,1004.55,Cloudy
2023-06-01,Bengaluru,26.64,19.5,34.62,19.29,92.64,12.45,999.39,Rainy
2024-04-11,Pune,36.35,31.22,41.31,0.28,58.93,13.36,1015.83,Hot
2022-05-20,Bengaluru,30.16,22.72,36.07,0.21,60.55,9.53,1012.46,Clear
2024-01-20,Mumbai,20.66,15.75,26.96,2.86,90.05,16.67,1008.38,Cloudy
2022-12-17,Bengaluru,18.22,10.86,24.17,0.96,74.48,9.41,1022.77,Clear
2023-02-10,Hyderabad,23.53,16.76,30.55,1.0,66.26,13.1,1014.14,Clear
2022-06-20,Pune,36.24,30.28,42.6,5.83,53.01,13.52,1011.17,Hot
2023-09-06,Hyderabad,29.99,22.45,37.21,5.78,54.63,18.51,1007.76,Clear
2022-12-10,Chennai,30.32,24.52,36.4,2.7,64.98,14.27,1010.21,Clear
2022-11-04,Bengaluru,20.23,14.67,27.55,3.48,73.05,17.22,1017.72,Clear
2024-11-04,Pune,22.24,14.32,27.7,0.88,58.44,16.75,1011.25,Clear
2024-04-01,Bengaluru,26.79,20.69,33.97,2.49,53.29,15.54,1011.28,Clear
2023-05-30,Mumbai,40.04,34.26,44.63,0.15,39.57,16.73,1010.61,Hot
2024-09-29,Chennai,25.49,19.37,32.29,12.71,95.58,8.31,1012.33,Rainy
2023-02-14,Mumbai,29.43,21.26,36.69,0.11,68.18,10.85,1008.08,Clear
2024-02-22,Chennai,28.74,23.87,36.45,0.78,64.17,5.07,1013.17,Clear
2022-11-20,Pune,20.74,12.54,25.23,1.49,73.06,15.34,1013.68,Clear
2024-11-14,Chennai,17.29,12.97,24.36,1.84,78.52,14.92,1013.74,Cold
2022-08-18,Chennai,43.46,34.62,47.78,42.33,89.61,13.4,1007.23,Heavy Rain
2022-07-27,Mumbai,37.35,31.86,45.11,1.87,56.51,11.22,1010.16,Hot
2023-04-04,Mumbai,30.79,23.57,36.31,1.49,54.43,6.83,1009.34,Clear
2024-08-16,Pune,30.65,25.19,36.68,20.77,74.42,2.8,1012.85,Rainy
2022-08-27,Delhi,34.19,27.51,40.79,3.36,49.45,9.2,1007.38,Clear
2022-09-08,Mumbai,32.2,24.55,38.81,16.46,84.81,7.23,1016.6,Rainy
2022-05-27,Chennai,40.49,34.46,45.38,1.35,41.4,,1013.52,Hot
2022-01-12,Pune,28.88,20.62,36.11,2.93,59.94,18.87,1011.05,Clear
2024-08-17,Hyderabad,29.14,21.82,36.36,9.29,72.29,16.69,1011.06,Clear
2023-09-10,Pune,31.03,25.33,38.9,4.18,42.76,11.65,1017.7,Clear
2023-09-16,Bengaluru,22.42,14.97,29.56,2.72,76.87,10.31,1013.93,Clear
2023-12-17,Mumbai,21.45,14.59,29.45,0.34,64.0,9.95,1007.99,Clear
2023-07-07,Mumbai,41.82,36.68,46.05,8.61,43.79,11.61,1006.21,Hot
2022-12-10,Pune,23.94,18.72,28.15,0.7,63.87,10.45,1011.97,Clear
2022-03-20,Delhi,29.88,22.58,36.94,2.13,70.51,8.79,1010.04,Clear
2024-08-10,Delhi,33.02,27.08,39.58,11.53,70.3,9.49,1008.71,Rainy
2024-04-02,Chennai,31.32,23.24,36.39,0.96,49.47,12.01,1010.51,Clear
2024-04-09,Pune,30.15,21.24,36.43,6.0,73.47,7.6,1010.85,Clear
2023-09-27,Mumbai,31.07,22.26,37.15,13.5,71.59,14.08,1014.48,Rainy
2022-11-13,Mumbai,27.23,21.25,31.76,0.28,54.99,16.24,1015.09,Clear
2023-12-17,Chennai,22.8,14.7,27.01,0.23,62.95,7.91,1018.93,Clear
2023-03-04,Mumbai,27.91,22.11,34.6,0.84,60.45,15.57,1021.15,Clear
2023-05-16,Hyderabad,34.68,27.83,41.86,0.68,34.45,14.51,1014.32,Clear
2022-04-16,Mumbai,31.82,23.23,36.37,0.98,47.01,11.1,1017.32,Clear
2024-04-29,Delhi,27.31,21.75,32.16,1.03,68.24,3.17,1012.85,Clear
2024-08-08,Bengaluru,26.57,20.0,31.62,14.23,81.14,16.48,1017.99,Rainy
2024-12-09,Pune,18.53,12.84,25.54,3.03,90.19,14.68,1011.5,Cloudy
2023-09-06,Pune,30.83,22.12,38.82,15.8,69.92,20.77,1006.09,Rainy
2022-03-31,Mumbai,30.47,23.5,34.74,0.48,62.24,9.71,1009.27,Clear
2022-02-19,Delhi,24.18,18.63,29.62,1.06,77.16,13.07,1013.39,Clear
2024-09-09,Delhi,23.01,15.16,27.53,27.22,98.0,4.93,1017.31,Rainy
2023-06-15,Hyderabad,34.89,29.61,38.95,3.16,57.52,9.95,1005.54,Clear
2024-05-03,Pune,35.04,30.77,39.25,1.62,49.26,15.92,1010.95,Hot
2024-01-27,Bengaluru,20.36,12.48,24.81,6.54,84.53,11.91,1016.48,Cloudy
2023-10-19,Delhi,27.29,22.1,33.69,3.7,65.29,5.27,1011.24,Clear
2022-01-02,Mumbai,21.5,16.58,26.71,3.13,71.95,9.03,1008.48,Clear
2024-11-15,Bengaluru,18.21,10.83,25.73,0.63,63.26,13.45,1014.91,Clear
2024-07-24,Mumbai,37.62,32.41,45.13,13.52,70.11,10.08,1011.85,Rainy
2022-06-11,Chennai,39.02,30.47,43.2,16.41,65.93,18.63,1020.62,Rainy
2023-06-13,Delhi,36.72,31.57,40.92,17.15,72.83,13.58,1008.56,Rainy
2023-08-15,Mumbai,34.13,25.27,39.57,0.96,50.39,17.02,1016.73,
2023-07-10,Hyderabad,33.96,25.27,40.76,9.19,61.74,14.34,1012.96,Clear
2024-01-15,Delhi,17.01,9.91,22.63,2.97,77.2,9.5,1007.89,Cold
2022-09-14,Delhi,33.33,25.78,39.91,17.06,70.43,10.08,1008.49,Rainy
2023-04-26,Pune,29.68,20.95,37.36,1.15,53.42,11.72,1012.33,Clear
2022-01-22,Chennai,24.03,15.58,30.96,2.98,78.46,14.13,1021.11,Clear
2022-08-02,Mumbai,36.38,31.39,42.64,3.61,53.9,13.39,1007.96,Hot
2024-02-18,Mumbai,25.15,18.66,31.32,1.16,69.17,14.78,1021.56,Clear
2022-07-28,Bengaluru,31.2,24.58,38.36,5.63,58.12,19.31,1013.84,Clear
2024-02-22,Hyderabad,22.79,14.35,26.85,0.28,67.45,15.55,1007.5,Clear
2024-08-05,Pune,40.1,34.46,47.46,10.99,64.99,8.4,1002.62,Rainy
2024-08-29,Chennai,34.73,28.39,40.4,3.36,62.39,,1004.66,Clear
2023-04-17,Pune,32.98,27.79,39.34,0.05,39.18,12.07,1010.17,Clear
2022-06-15,Mumbai,39.9,34.82,44.28,15.82,74.95,18.49,1004.32,Rainy
2022-11-15,Hyderabad,18.42,13.42,22.52,1.93,88.7,11.72,1017.26,Cloudy
2022-10-06,Bengaluru,23.55,16.06,30.11,6.28,73.7,5.94,1010.84,Clear
2023-10-18,Hyderabad,21.02,13.91,27.3,1.69,73.84,16.05,1014.48,Clear
2024-03-05,Chennai,35.98,28.14,43.96,4.4,57.7,4.99,1007.9,Hot
2024-07-06,Pune,35.12,26.87,39.36,22.49,78.81,6.25,1009.68,Rainy
2022-10-01,Mumbai,25.6,18.4,33.52,0.09,72.65,2.0,1012.92,Clear
2023-07-27,Bengaluru,36.07,29.62,41.03,40.91,98.0,8.42,1009.8,Heavy Rain
2024-05-29,Bengaluru,31.21,23.11,35.78,1.01,63.38,14.31,1012.47,Clear
2022-02-18,Chennai,25.42,18.22,30.86,5.58,68.67,10.06,1012.51,Clear
2023-05-16,Bengaluru,28.82,20.53,34.1,1.57,69.51,9.1,1009.95,Clear
2023-01-30,Mumbai,26.06,17.38,30.8,0.75,56.87,13.19,1011.72,Clear
2023-08-07,Mumbai,34.95,27.07,42.19,8.34,64.57,13.11,1017.98,Clear
2024-08-01,Delhi,28.42,22.59,32.9,9.68,68.71,19.86,1017.56,Clear
2023-09-28,Chennai,34.46,30.32,40.91,13.38,57.02,11.74,1013.53,Rainy
2024-04-12,Chennai,35.88,31.7,41.4,1.26,41.54,5.36,1015.76,Hot
2023-06-05,Mumbai,35.78,27.02,42.73,26.09,86.28,5.32,1015.72,Rainy
2023-10-30,Pune,20.85,12.35,27.72,3.32,63.77,6.94,1021.43,Clear
2024-02-19,Pune,25.22,18.54,30.38,0.19,56.14,14.38,1004.97,Clear
2023-11-09,Bengaluru,18.23,9.68,25.41,1.59,81.02,9.95,1004.23,Cloudy
2022-02-26,Bengaluru,24.37,16.04,29.08,0.86,59.02,18.29,1022.59,Clear
2022-03-03,Delhi,31.08,22.99,38.28,1.32,55.86,12.9,1013.07,Clear
2024-10-29,Delhi,20.87,12.75,25.7,1.64,77.61,19.4,1014.62,Clear
2023-06-11,Mumbai,40.85,34.22,47.68,11.14,50.68,11.41,1015.76,Rainy
2024-01-25,Delhi,21.74,14.66,26.37,1.88,79.75,9.06,1016.99,Clear
2022-03-31,Hyderabad,31.78,26.98,39.46,1.87,56.91,14.46,1015.17,Clear
2023-09-04,Bengaluru,22.64,15.57,27.29,22.48,98.0,9.16,1014.7,Rainy
2023-11-24,Mumbai,22.52,16.85,28.61,0.27,62.96,17.62,1007.04,Clear
2024-01-27,Chennai,25.72,20.76,29.84,1.26,71.24,4.67,999.09,Clear
2022-03-02,Hyderabad,26.88,21.79,34.21,0.26,67.13,9.2,1015.43,Clear
2022-12-12,Bengaluru,14.65,9.48,22.17,1.76,82.93,6.18,1011.63,Cold
2024-11-16,Mumbai,19.62,11.04,25.19,2.42,74.8,8.0,1022.97,Clear
2023-08-14,Mumbai,31.99,25.86,37.87,11.12,61.47,16.16,1008.26,Rainy
2023-06-04,Mumbai,38.37,31.6,44.5,7.91,53.82,7.61,1004.62,Hot
2022-04-03,Bengaluru,30.85,24.67,38.64,0.24,70.25,15.54,1010.15,Clear
2023-01-24,Bengaluru,19.63,14.91,23.87,1.34,85.47,6.65,1004.64,Cloudy
2024-11-12,Hyderabad,18.5,13.15,25.11,0.34,74.47,9.75,1009.65,Clear
2023-05-27,Pune,30.45,23.69,38.36,1.38,52.14,8.75,1008.68,Clear
2022-11-19,Bengaluru,20.9,15.84,27.96,2.4,74.78,8.02,1012.06,Clear
2024-03-30,Chennai,30.73,24.17,36.16,0.73,60.57,11.9,1013.67,Clear
2023-12-15,Pune,14.97,6.17,19.33,1.5,82.69,8.7,1015.8,Cold
2024-03-02,Mumbai,29.89,25.83,37.38,0.03,52.98,11.3,997.5,Clear
2024-03-03,Mumbai,35.01,28.91,42.86,0.4,49.75,12.37,1003.74,Hot
2024-11-02,Hyderabad,21.38,16.44,27.54,0.88,78.76,14.32,1011.38,Clear
2024-01-30,Pune,21.14,13.93,26.72,3.33,77.88,3.05,1013.62,Clear
2024-06-03,Pune,37.46,29.85,43.93,14.79,64.61,3.36,1009.56,Rainy
2024-11-07,Delhi,24.45,15.6,30.45,1.12,75.26,15.15,1011.47,Clear
2022-11-07,Bengaluru,13.21,6.96,18.9,1.64,78.99,9.64,1017.69,Cold
2024-07-22,Mumbai,39.62,35.2,47.59,8.65,60.96,7.92,1003.97,Hot
2023-11-07,Bengaluru,18.63,14.18,25.09,0.66,74.11,10.84,1012.39,Clear
2024-01-28,Chennai,19.31,11.05,24.08,1.28,62.11,22.46,1012.16,Clear
2023-10-08,Chennai,21.89,17.82,28.42,0.47,78.12,19.57,1014.09,Clear
2024-06-10,Bengaluru,34.39,26.98,38.73,4.21,72.57,13.21,1009.19,Clear
2024-01-09,Bengaluru,20.36,13.18,26.2,2.68,88.01,6.64,1006.57,Cloudy
2024-04-08,Bengaluru,27.15,22.45,32.56,0.57,54.04,13.26,1004.89,Clear
2024-09-15,Mumbai,28.15,20.1,34.93,4.24,78.73,10.12,1005.57,Clear
2023-11-25,Hyderabad,17.75,12.54,22.37,0.71,70.63,16.02,1020.71,Cold
2022-06-15,Bengaluru,34.57,25.73,41.36,10.37,75.65,11.76,1006.73,Rainy
2023-06-25,Chennai,41.85,36.33,45.98,14.02,66.64,19.19,1019.73,Rainy
2023-05-06,Bengaluru,34.5,29.18,39.52,0.16,50.18,3.55,1016.86,Clear
2024-07-14,Chennai,39.65,32.28,46.48,6.66,61.63,16.35,1013.29,Hot
2024-06-20,Delhi,39.12,34.07,44.72,14.08,66.16,9.15,1012.41,Rainy
2024-08-21,Delhi,33.48,28.62,40.76,29.6,98.0,11.72,1015.47,Rainy
2024-10-06,Delhi,16.34,10.27,21.67,1.21,87.32,20.12,1007.45,Cold
2023-10-18,Chennai,31.42,25.78,38.27,0.14,44.43,18.28,1025.92,Clear
2022-01-03,Pune,22.97,15.03,29.8,2.34,68.69,10.75,1010.7,Clear
2024-12-26,Hyderabad,17.88,9.38,25.57,2.69,95.93,14.94,1012.68,Cold
2023-10-15,Delhi,21.69,15.29,26.89,1.03,63.77,14.51,1018.03,Clear
2024-06-05,Mumbai,39.2,33.09,45.26,2.85,54.35,13.69,1011.7,Hot
2024-11-01,Chennai,26.76,21.73,32.29,1.92,69.39,13.27,1011.62,Clear
2023-12-24,Hyderabad,20.49,16.47,24.84,1.77,67.61,8.5,1014.96,Clear
2023-05-31,Mumbai,35.92,30.73,41.12,3.75,65.97,16.36,1009.69,Hot
2023-08-29,Chennai,34.28,26.44,38.35,12.93,77.34,5.29,1015.61,Rainy
2023-03-26,Hyderabad,31.13,22.69,36.48,0.39,46.8,17.46,1022.99,Clear
2022-12-24,Pune,17.95,9.21,25.76,0.67,72.43,12.98,1011.51,Cold
2022-09-23,Bengaluru,31.12,24.25,37.6,5.27,59.37,16.13,1018.44,Clear
2022-11-18,Bengaluru,19.02,10.45,25.23,2.19,89.35,8.43,1009.81,Cloudy
2022-10-09,Hyderabad,22.7,14.06,27.56,0.95,83.4,8.52,1008.89,Cloudy
2022-11-11,Delhi,23.1,16.52,28.03,1.84,69.92,20.68,1015.49,Clear
2024-03-13,Delhi,29.33,24.12,36.06,2.18,53.73,13.06,1023.84,Clear
2023-12-13,Bengaluru,13.86,5.12,17.87,0.86,77.79,14.16,1013.44,Cold
2024-02-13,Chennai,25.24,19.85,33.1,0.67,69.0,7.4,1007.42,Clear
2024-06-25,Mumbai,33.52,28.09,38.6,4.99,63.33,11.63,1011.12,Clear
2022-01-29,Mumbai,23.84,15.28,29.89,4.52,73.56,15.82,1015.26,Clear
2022-11-12,Delhi,23.11,14.17,29.15,0.08,63.92,5.28,1016.88,Clear
2022-08-25,Delhi,32.79,24.38,37.31,9.23,68.75,15.38,1003.29,Clear
2024-02-02,Mumbai,26.37,18.54,34.1,1.1,68.16,7.97,1012.24,Clear
2023-04-05,Bengaluru,28.92,24.25,33.37,1.73,65.8,7.27,1026.43,Clear
2023-03-04,Hyderabad,32.5,24.64,40.26,0.12,55.15,12.57,1011.7,Clear
2022-10-12,Mumbai,23.3,14.85,28.45,2.41,58.96,12.48,1004.37,Clear
2023-11-18,Mumbai,22.67,16.55,29.53,2.17,66.61,5.37,1010.37,Clear
2023-09-08,Chennai,32.43,27.7,40.24,0.06,46.92,18.8,1012.15,Clear
2022-06-11,Delhi,33.26,24.65,40.1,20.79,84.92,8.79,1013.36,Rainy
2022-02-10,Chennai,24.78,18.51,30.99,0.24,60.34,13.21,1016.99,Clear
2022-07-01,Chennai,37.76,32.08,42.64,15.0,67.39,16.48,1005.03,Rainy
2022-01-22,Mumbai,28.67,21.41,33.57,2.08,57.36,7.48,1015.85,Clear
2023-07-15,Delhi,38.13,29.39,43.81,7.16,61.98,14.94,1012.15,Hot
2024-06-04,Mumbai,38.81,34.03,44.56,30.63,85.87,7.44,1010.06,Rainy
2024-07-06,Mumbai,34.34,26.79,40.47,8.25,66.07,7.29,1016.64,Clear
2024-11-06,Mumbai,20.9,12.11,27.68,0.37,87.93,17.2,1004.99,Cloudy
2024-04-20,Hyderabad,33.89,27.07,41.64,2.3,47.99,9.93,1011.61,Clear
2022-06-19,Pune,32.81,24.5,38.6,15.47,64.18,11.0,1007.14,Rainy
2022-07-15,Hyderabad,36.79,32.61,43.71,20.45,80.05,17.71,1009.74,Rainy
2022-08-12,Chennai,34.85,27.98,42.38,37.44,98.0,11.35,1003.91,Heavy Rain
2022-10-05,Mumbai,22.9,18.59,30.26,0.43,76.67,6.62,1007.9,Clear
2024-09-15,Pune,28.65,22.6,35.99,6.97,68.82,11.59,1009.4,Clear
2022-05-30,Pune,35.41,30.17,41.14,,44.61,9.16,1012.65,Hot
2022-07-10,Delhi,27.69,18.77,35.03,5.86,67.41,15.33,1008.67,Clear
2023-07-26,Mumbai,35.14,28.51,41.89,22.38,77.07,11.47,1009.38,Rainy
2022-12-06,Pune,16.28,8.48,20.64,0.82,78.03,9.78,1017.87,Cold
2023-09-07,Bengaluru,28.98,23.98,36.0,4.15,54.28,10.57,1004.71,Clear
2022-06-01,Pune,31.03,23.82,38.3,37.92,98.0,11.66,1011.35,Heavy Rain
2022-10-25,Hyderabad,27.83,20.17,35.73,0.98,54.68,10.5,1009.64,Clear
2022-08-27,Bengaluru,28.95,21.15,36.37,14.86,82.7,12.88,1012.0,Rainy
2022-11-19,Delhi,14.68,9.16,19.57,1.4,90.64,13.17,1008.2,Cold
2024-10-04,Mumbai,26.48,19.82,30.78,0.23,54.89,13.87,1020.91,Clear
2023-01-22,Hyderabad,18.09,13.59,25.19,0.25,81.2,11.86,1020.66,Cloudy
2022-06-09,Hyderabad,37.55,33.4,42.81,8.66,67.45,18.54,1010.99,Hot
2023-07-28,Hyderabad,32.65,25.67,38.72,21.61,84.38,10.18,1016.87,Rainy
2022-08-17,Chennai,36.14,29.59,43.53,13.5,57.79,3.92,1005.12,Rainy
2024-08-26,Pune,29.05,23.13,34.48,15.54,94.46,16.63,1017.75,Rainy
2024-03-27,Hyderabad,30.71,24.64,38.03,2.25,62.49,9.59,1013.32,Clear
2023-08-18,Pune,35.41,28.75,41.84,5.61,58.32,13.96,1020.38,Hot
2022-07-27,Chennai,41.5,32.57,48.94,8.43,50.16,20.79,1019.8,Hot
2024-06-08,Pune,30.78,22.2,36.34,8.72,77.76,6.98,1006.65,Clear
2022-10-22,Mumbai,25.46,18.73,31.19,4.31,69.38,7.07,1014.24,Clear
2023-03-28,Pune,21.76,16.38,28.39,1.6,74.29,13.58,1014.98,Clear
2024-07-05,Pune,31.44,24.18,38.88,9.84,62.45,11.43,1011.84,Clear
2023-08-12,Mumbai,31.3,22.64,35.4,4.94,68.31,14.05,1018.65,Clear
2022-02-11,Bengaluru,21.99,13.81,28.18,2.35,69.14,6.43,1016.02,Clear
2022-07-31,Delhi,32.17,25.39,37.64,28.42,91.3,9.12,1016.45,Rainy
2024-10-30,Pune,23.35,15.87,31.16,0.59,83.18,16.42,1014.9,Cloudy
2023-12-12,Bengaluru,18.04,10.6,22.82,0.14,74.98,2.0,1009.02,Clear
2022-10-16,Chennai,25.67,18.5,32.62,2.59,70.47,17.26,1009.4,Clear
2023-03-30,Bengaluru,28.25,22.64,33.98,5.4,77.23,19.12,1003.5,Clear
2022-08-09,Bengaluru,28.64,21.56,36.52,5.39,63.91,12.15,1012.43,Clear
2023-06-12,Delhi,36.62,30.24,42.49,70.07,98.0,11.46,1021.9,Heavy Rain
2022-05-18,Hyderabad,36.58,32.01,40.66,0.98,53.77,8.8,1011.68,Hot
2023-06-08,Chennai,36.11,30.15,42.35,7.51,70.18,16.58,1013.46,Hot
2023-06-15,Chennai,39.96,32.55,47.96,17.12,76.77,6.74,1008.38,Rainy
2023-07-11,Mumbai,38.09,30.61,42.43,10.83,56.25,11.86,1001.01,Rainy
2023-02-16,Hyderabad,25.59,17.4,32.69,1.45,68.14,13.66,1004.74,Clear
2022-10-05,Delhi,19.39,12.16,23.61,0.68,76.48,16.43,1018.53,Clear
2023-03-27,Bengaluru,26.64,21.04,32.87,1.24,,13.54,1017.5,Clear
2024-09-25,Bengaluru,20.68,13.23,28.18,8.63,86.7,12.8,1012.83,Cloudy
2024-11-07,Hyderabad,18.61,13.52,25.22,0.69,69.14,10.87,1011.83,Clear
2023-09-13,Pune,26.97,20.47,33.39,4.95,65.03,3.73,1006.37,Clear
2023-02-17,Delhi,16.76,9.66,24.35,3.01,78.82,12.02,1009.04,Cold
2024-11-18,Hyderabad,25.44,19.87,32.29,6.03,70.38,12.1,1010.93,Clear
2023-09-01,Pune,30.6,22.87,38.32,10.67,62.47,14.01,1012.8,Rainy
2024-11-09,Pune,18.89,10.72,24.35,0.23,84.58,10.78,1013.65,Cloudy
2024-11-13,Delhi,21.05,15.41,28.37,0.17,66.4,12.85,1011.91,Clear
2022-07-11,Delhi,35.99,28.13,41.82,9.06,58.3,11.27,1012.53,Hot
2024-10-20,Bengaluru,20.03,13.23,25.01,0.91,68.65,8.75,999.85,Clear
2022-07-09,Pune,30.7,23.96,35.63,25.44,83.59,13.34,1019.94,Rainy
2022-07-15,Delhi,30.39,24.23,37.36,28.84,98.0,12.17,1011.24,Rainy
2023-02-13,Chennai,26.81,21.22,31.45,1.38,67.31,9.95,1013.66,Clear
2023-10-05,Bengaluru,21.41,13.62,27.36,5.74,80.75,10.59,1008.03,Cloudy
2023-08-21,Hyderabad,25.57,20.32,32.23,28.73,98.0,10.78,1008.51,Rainy
2023-05-11,Pune,35.5,27.47,41.04,2.62,51.52,16.11,1010.04,Hot
2022-12-22,Chennai,19.93,14.51,26.71,0.27,77.07,8.31,1008.77,Clear
2024-12-02,Pune,14.94,6.9,21.32,2.71,84.76,9.64,1012.1,Cold
2022-07-24,Delhi,31.55,26.96,37.37,2.9,61.34,8.98,1021.48,Clear
2022-11-14,Mumbai,25.12,18.26,32.45,0.17,65.56,9.44,1006.99,Clear
2024-08-11,Chennai,34.93,28.89,42.59,10.77,56.49,9.87,1006.99,Rainy
2024-07-08,Delhi,32.83,25.13,38.16,23.84,98.0,16.33,1015.97,Rainy
2023-01-13,Chennai,29.38,24.72,36.85,0.01,68.61,7.96,1020.33,Clear
2024-01-19,Bengaluru,19.22,12.63,23.5,1.8,61.37,10.33,1012.75,Clear
2024-03-06,Mumbai,32.54,27.34,39.69,1.09,51.58,18.69,1014.21,Clear
2024-04-08,Delhi,28.14,20.76,32.59,1.27,62.46,9.96,1009.71,Clear
2023-09-08,Pune,28.8,21.57,35.04,18.42,88.22,14.48,1012.07,Rainy
2022-04-10,Bengaluru,36.77,32.15,42.53,0.65,55.14,16.53,1011.9,Hot
2022-02-06,Mumbai,29.97,25.74,35.47,1.38,76.06,8.07,1014.31,Clear
2022-06-15,Hyderabad,38.65,32.57,43.69,14.9,72.96,4.79,1018.43,Rainy
2024-07-02,Mumbai,43.68,36.66,50.99,5.24,38.2,8.37,1000.25,Hot
2023-11-16,Bengaluru,22.85,16.82,29.31,3.87,79.42,15.3,1017.8,Clear
2024-04-25,Bengaluru,32.86,23.9,38.03,1.19,44.47,11.56,1015.9,Clear
2024-09-01,Mumbai,37.36,28.69,41.66,40.34,98.0,15.33,1012.85,Heavy Rain
2024-09-10,Mumbai,30.26,25.82,37.65,13.32,85.34,13.63,1005.12,Rainy
2024-09-24,Hyderabad,31.67,23.13,37.31,1.72,43.35,9.26,1018.14,Clear
2022-11-19,Pune,29.48,25.25,33.5,0.73,43.86,17.09,1005.38,Clear
2023-04-10,Pune,26.53,22.0,34.49,0.52,59.1,2.48,1019.35,Clear
2024-04-27,Bengaluru,32.1,23.48,38.76,0.82,55.18,11.86,1014.66,Clear
2024-05-17,Hyderabad,39.7,31.48,45.14,1.16,57.93,9.23,1010.93,Hot
2024-09-04,Bengaluru,29.47,22.4,36.98,25.8,95.51,8.25,1009.87,Rainy
2022-09-17,Pune,27.69,18.93,34.99,17.27,81.99,19.46,1008.64,Rainy
2024-02-16,Chennai,26.53,18.79,34.35,1.98,63.66,12.07,1009.25,Clear
2024-09-14,Mumbai,33.54,26.29,40.44,14.66,72.56,6.89,1010.57,Rainy
2023-05-06,Delhi,37.61,30.81,43.46,0.22,51.43,8.67,1013.84,Hot
2023-06-29,Pune,37.37,31.47,43.28,17.86,80.01,9.11,1013.55,Rainy
2022-07-14,Pune,33.4,29.06,37.45,13.39,78.73,14.35,1005.28,Rainy
2023-01-29,Bengaluru,18.39,10.92,23.92,0.08,66.22,12.36,1006.97,Clear
2022-10-12,Pune,25.28,19.06,31.82,6.52,87.71,8.09,1021.44,Cloudy
2024-04-17,Pune,32.41,27.81,37.26,0.4,55.87,10.01,1018.34,Clear
2022-10-19,Hyderabad,21.05,12.42,28.08,0.69,72.17,9.59,1002.5,Clear
2022-03-07,Chennai,31.49,23.11,37.23,3.28,57.92,13.71,1005.69,Clear
2024-08-26,Delhi,30.58,23.24,37.53,13.53,74.82,12.01,1007.7,Rainy
2024-07-23,Pune,32.95,26.18,37.44,42.77,98.0,11.3,1015.36,Heavy Rain
2024-06-11,Mumbai,39.79,33.71,44.51,4.12,56.73,12.8,1013.29,Hot
2023-05-08,Hyderabad,37.23,29.97,43.01,0.74,34.28,10.62,1012.91,Hot
2024-02-21,Bengaluru,25.63,20.84,31.35,0.07,56.83,9.91,1017.47,Clear
2024-08-25,Bengaluru,26.24,17.4,32.57,8.66,79.89,9.9,1005.85,Clear
2022-01-03,Mumbai,16.65,8.73,21.45,9.15,94.01,7.4,1013.88,Cold
2024-10-10,Pune,24.27,17.31,32.09,1.96,67.36,15.63,1007.88,Clear
2024-04-29,Mumbai,32.53,24.39,37.44,0.16,50.18,16.49,1005.59,Clear
2023-06-30,Delhi,41.01,32.37,45.58,8.95,66.94,10.19,1016.49,Hot
2022-10-02,Delhi,23.53,18.91,29.4,2.95,79.04,11.05,1014.3,Clear
2024-03-29,Pune,27.46,21.39,33.23,3.12,60.65,14.58,1017.96,Clear
2023-05-16,Pune,32.78,25.43,38.66,0.4,51.97,13.08,1006.86,Clear
2024-03-28,Pune,29.33,24.64,33.46,2.09,64.86,13.52,1007.82,Clear
2024-01-04,Chennai,20.86,12.65,25.27,1.33,73.5,8.33,1009.9,Clear
2023-06-29,Delhi,36.08,29.6,42.86,2.71,54.0,7.67,1007.24,Hot
2023-12-28,Mumbai,23.6,17.09,27.93,1.43,75.6,10.37,1005.33,Clear
2022-02-23,Mumbai,20.86,12.01,28.23,4.26,60.43,8.39,1011.46,Clear
2023-12-02,Pune,22.78,15.3,30.53,0.6,60.48,14.92,1017.67,Clear
2023-07-12,Bengaluru,30.61,22.44,37.79,34.18,98.0,8.61,1022.28,Rainy
2022-12-28,Delhi,21.35,16.03,26.31,1.34,69.08,12.52,1004.02,Clear
2023-09-01,Delhi,24.47,17.39,31.73,5.53,56.08,10.5,1010.63,Clear
2024-07-25,Mumbai,36.37,31.75,41.22,39.75,98.0,16.66,1018.75,Heavy Rain
2024-11-16,Hyderabad,15.12,6.97,20.16,0.42,84.33,14.12,1014.25,Cold
2024-04-04,Mumbai,33.95,28.24,41.65,2.51,64.63,20.84,1010.18,Clear
2024-10-30,Bengaluru,20.72,16.57,26.73,0.38,71.1,16.07,1015.0,Clear
2022-04-24,Bengaluru,24.68,18.92,31.09,2.67,73.48,13.79,1013.16,Clear
2022-10-21,Pune,24.37,20.04,30.57,1.67,59.76,14.43,1006.63,Clear
2022-10-04,Bengaluru,20.06,14.68,24.07,3.85,81.21,10.29,1009.13,Cloudy
2024-06-03,Mumbai,36.9,30.64,42.97,7.68,68.69,10.96,1007.6,Hot
2023-04-29,Hyderabad,29.58,23.43,34.37,5.29,59.4,10.37,1017.98,Clear
2024-02-12,Pune,26.45,19.84,31.83,4.09,71.73,5.92,1009.92,Clear
2022-01-11,Mumbai,23.13,17.88,28.77,0.48,73.73,8.77,1009.49,Clear
2022-05-08,Bengaluru,28.79,22.28,34.9,2.61,55.4,5.67,1005.33,Clear
2023-01-03,Pune,22.72,17.42,28.67,0.45,71.45,18.21,1003.93,Clear
2024-03-17,Mumbai,29.82,21.52,36.09,2.03,61.77,19.83,1015.95,Clear
2024-09-15,Hyderabad,32.13,23.43,40.11,11.27,67.96,18.92,1018.13,Rainy
2023-10-02,Chennai,29.25,21.64,33.66,2.64,66.23,16.27,1006.58,Clear
2024-02-20,Bengaluru,22.74,17.41,29.31,4.04,74.39,11.22,1019.6,Clear
2024-10-09,Pune,20.58,12.23,28.19,0.58,79.58,4.63,1011.14,Clear
2022-03-25,Chennai,33.44,29.39,40.12,0.36,54.77,6.97,1024.6,Clear
2024-12-02,Chennai,23.0,15.96,28.25,0.63,66.11,17.61,1018.59,Clear
2022-02-12,Delhi,18.67,12.1,25.86,0.74,72.54,15.76,1008.9,Clear
2024-08-21,Mumbai,32.08,24.5,36.63,24.12,92.76,10.56,1015.65,Rainy
2022-04-21,Hyderabad,36.57,28.94,42.86,0.79,48.36,9.88,1011.33,Hot
2023-03-17,Delhi,21.43,14.13,26.71,1.95,70.16,12.03,1017.39,Clear
2023-12-06,Mumbai,20.6,15.34,25.88,0.13,76.09,5.1,1002.13,Clear
2023-03-08,Mumbai,35.07,28.05,41.8,0.07,62.81,9.06,1015.61,Hot
2022-01-05,Hyderabad,16.81,8.54,23.72,0.32,84.56,6.28,1022.69,Cold
2022-05-26,Mumbai,39.92,33.76,44.91,0.73,37.84,14.08,1016.24,Hot
2024-07-26,Pune,35.86,28.48,42.71,11.92,68.83,9.89,1007.1,Rainy
2024-07-13,Chennai,37.05,29.89,43.32,10.2,72.16,13.99,1008.53,Rainy
2022-03-11,Pune,32.14,25.58,38.84,2.15,58.93,12.28,1012.78,Clear
2022-08-01,Bengaluru,26.33,21.07,32.93,17.69,75.32,10.14,1016.8,Rainy
2024-08-12,Pune,29.82,25.62,36.79,23.89,98.0,16.12,1019.57,Rainy
2023-04-18,Bengaluru,26.99,21.25,32.95,1.33,72.31,14.64,1007.59,Clear
2023-03-09,Delhi,21.96,16.05,26.66,2.65,67.07,14.57,1011.26,Clear
2022-04-11,Hyderabad,30.17,21.75,36.94,0.96,47.93,18.32,1006.37,Clear
2022-02-21,Hyderabad,27.49,21.91,33.42,0.93,68.92,13.1,1012.09,Clear
2024-05-12,Hyderabad,36.3,30.85,42.52,0.63,44.38,8.15,1012.49,Hot
2023-12-21,Hyderabad,16.79,9.3,21.87,0.24,68.39,13.22,1009.32,Cold
2024-12-09,Bengaluru,20.55,14.17,27.0,0.33,70.14,13.76,1017.33,Clear
2022-08-21,Delhi,27.71,22.23,31.75,5.56,71.33,14.77,1009.05,Clear
2022-06-16,Pune,37.15,28.19,41.68,12.67,64.02,13.83,1016.44,Rainy
2023-11-07,Pune,21.58,14.9,27.65,1.4,72.92,12.52,1004.48,Clear
2022-08-12,Bengaluru,32.58,25.43,36.61,3.01,54.24,18.88,1006.72,Clear
2022-09-29,Mumbai,29.34,22.84,36.52,10.12,74.25,5.57,1008.19,Rainy
2023-02-13,Hyderabad,24.72,16.87,30.82,0.51,72.41,6.7,1006.63,Clear
2024-12-31,Chennai,22.23,16.64,29.54,1.08,64.71,11.15,1013.89,Clear
2022-09-02,Mumbai,30.81,25.08,36.84,11.5,,9.17,1004.43,Rainy
2024-07-11,Chennai,40.54,34.0,47.13,12.94,53.39,16.56,1004.46,Rainy
2022-07-08,Hyderabad,31.51,22.58,35.87,31.29,98.0,15.19,1003.13,Rainy
2024-07-25,Pune,36.0,27.86,41.09,36.29,98.0,14.25,1005.47,Heavy Rain
2023-08-21,Chennai,35.87,29.85,40.32,20.78,86.38,5.59,1020.76,Rainy
2024-03-31,Hyderabad,29.73,24.92,36.46,6.37,57.63,14.05,1012.89,Clear
2024-03-24,Mumbai,29.88,22.04,36.87,0.28,50.44,14.31,1004.46,Clear
2023-06-07,Bengaluru,40.14,34.99,47.46,5.25,56.85,15.14,1006.29,Hot
2024-08-23,Hyderabad,31.01,24.06,36.33,8.06,72.46,14.59,1010.05,Clear
2023-12-10,Pune,20.43,13.58,28.09,0.46,74.06,7.7,1012.07,Clear
2022-04-29,Chennai,32.4,23.65,37.26,2.18,60.0,9.4,1008.71,Clear
2024-11-24,Bengaluru,14.72,8.97,21.75,1.95,82.47,12.38,1002.0,Cold
2022-09-27,Delhi,22.9,17.05,30.11,8.04,66.58,17.56,1010.42,Clear
2023-06-30,Mumbai,40.43,35.77,45.67,20.02,79.78,14.29,1008.48,Rainy
2024-11-15,Delhi,14.92,10.4,20.69,0.62,87.6,18.05,1014.85,Cold
2024-01-09,Mumbai,21.85,13.71,28.94,2.62,74.09,10.07,1016.21,Clear
2022-11-07,Mumbai,20.58,12.68,26.92,2.17,63.77,15.17,1016.85,Clear
2022-08-22,Bengaluru,33.9,26.16,39.66,5.72,70.79,3.67,1014.76,Clear
2022-02-05,Pune,24.58,15.75,30.5,0.48,76.13,7.08,1010.95,Clear
2024-10-17,Chennai,26.63,21.23,31.31,1.79,63.22,10.99,1007.41,Clear
2024-04-03,Bengaluru,27.91,19.67,34.3,2.83,66.25,3.2,1013.62,Clear
2023-08-01,Delhi,27.66,19.58,32.55,2.41,80.16,12.07,1019.86,Cloudy
2024-07-09,Mumbai,34.66,29.35,40.68,11.87,80.16,15.4,1015.11,Rainy
2022-10-27,Bengaluru,23.86,19.69,30.69,0.3,64.61,13.06,1012.42,Clear
2023-11-03,Bengaluru,18.36,14.34,25.41,0.39,67.09,8.25,1011.47,Clear
2022-02-08,Mumbai,32.33,25.61,40.1,2.02,56.26,13.12,1008.89,Clear
2022-03-17,Hyderabad,27.03,18.45,32.23,1.07,56.13,14.72,1008.77,Clear
2024-09-17,Bengaluru,23.36,15.17,30.81,21.45,90.93,15.48,1013.38,Rainy
2024-03-02,Delhi,24.1,15.93,28.69,0.37,65.67,10.28,1016.66,Clear
2022-11-03,Delhi,19.18,12.52,25.97,2.6,77.7,9.02,1011.77,Clear
2023-04-21,Delhi,33.36,28.21,41.18,5.48,51.47,19.06,1010.76,Clear
2024-10-28,Delhi,23.23,16.88,30.11,3.53,70.56,17.59,1007.19,Clear
2022-03-28,Pune,29.08,22.31,35.48,1.53,59.3,12.33,1014.42,Clear
2023-09-07,Mumbai,28.3,23.95,32.53,20.91,96.49,12.55,1018.14,Rainy
2024-09-28,Chennai,31.19,23.87,37.83,3.5,64.91,18.63,1001.14,Clear
2023-01-06,Pune,20.3,15.65,27.1,0.25,64.26,12.41,1013.24,Clear
2022-04-24,Hyderabad,28.69,21.32,35.08,1.63,59.77,8.93,1012.15,Clear
2024-04-30,Delhi,28.91,19.94,36.77,0.69,65.45,12.86,1004.88,Clear
2024-07-23,Mumbai,34.45,28.4,41.33,3.62,74.92,12.39,1017.58,Clear
2022-08-16,Delhi,33.39,27.6,40.49,2.55,52.33,10.32,1007.94,Clear
2023-12-03,Hyderabad,20.35,12.61,24.97,0.29,64.87,15.68,1009.74,Clear
2023-04-13,Chennai,29.29,22.81,33.39,1.39,65.39,10.31,1012.99,Clear
2024-08-11,Hyderabad,34.59,28.58,41.48,28.31,97.28,17.81,1009.04,Rainy
2023-03-15,Hyderabad,31.15,24.85,36.25,3.24,54.16,19.17,1016.99,Clear
2024-04-06,Mumbai,33.52,28.37,39.59,0.39,39.23,15.56,1005.43,Clear
2023-03-02,Pune,26.62,18.48,33.97,2.15,73.48,12.29,1023.57,Clear
2024-01-09,Delhi,20.52,15.16,25.36,2.38,68.16,15.61,1018.69,Clear
2024-08-02,Bengaluru,29.05,22.49,33.63,13.49,73.9,15.06,1009.83,Rainy
2023-09-21,Mumbai,26.26,22.22,32.98,9.21,78.82,14.04,1018.36,Clear
2022-02-16,Hyderabad,23.75,15.02,28.98,4.28,69.02,13.02,1011.07,Clear
2023-07-20,Bengaluru,28.72,21.55,34.18,6.28,69.28,10.64,1010.61,Clear
2023-01-26,Mumbai,25.13,16.48,30.68,5.97,84.5,12.55,1008.49,Cloudy
2024-11-23,Bengaluru,19.8,11.06,27.13,1.36,79.7,7.59,1007.53,Clear
2024-08-12,Chennai,34.22,27.05,38.77,17.05,70.22,8.94,1011.6,Rainy
2023-12-04,Bengaluru,12.1,7.0,17.8,2.57,80.13,9.33,1017.14,Cold
2023-02-05,Mumbai,28.2,22.2,33.5,1.75,66.09,14.03,1012.89,Clear
2023-02-27,Hyderabad,25.39,20.85,30.0,1.29,53.97,21.35,1009.35,Clear
2024-01-22,Hyderabad,23.79,15.48,31.26,2.15,61.44,12.67,1011.14,Clear
2024-07-26,Hyderabad,32.34,23.65,39.53,16.35,65.52,16.81,1011.64,Rainy
2022-03-13,Bengaluru,27.08,22.64,31.89,1.37,57.25,11.83,1009.41,Clear
2022-02-16,Mumbai,28.62,24.21,32.96,3.67,61.74,9.13,1010.93,Clear
2024-04-30,Chennai,36.85,29.43,44.39,1.04,48.22,9.89,1010.34,Hot
2024-10-22,Chennai,30.29,24.44,36.89,0.87,55.99,11.4,1002.72,Clear
2022-12-21,Bengaluru,19.96,13.36,24.9,0.37,86.38,10.4,1019.27,Cloudy
2023-03-15,Bengaluru,26.41,19.7,33.0,0.88,70.3,9.45,1015.0,Clear
2024-07-15,Chennai,36.16,31.1,41.22,11.38,59.57,12.7,1009.26,Rainy
2022-08-18,Delhi,30.55,24.38,36.99,12.88,83.57,15.7,1008.45,Rainy
2023-10-17,Pune,25.3,21.16,31.1,1.73,78.22,13.01,1012.04,Clear
2024-06-19,Chennai,40.11,32.4,46.2,17.83,74.17,7.78,1010.55,Rainy
2024-10-11,Hyderabad,14.59,7.65,21.56,2.64,88.29,16.22,1008.8,Cold
2024-02-14,Bengaluru,17.4,11.94,25.33,2.01,79.38,2.0,1013.66,Cold
2022-12-05,Mumbai,20.6,12.65,25.83,0.27,62.46,11.08,1007.74,Clear
2022-08-04,Mumbai,35.29,30.95,42.12,19.12,77.67,8.68,1005.67,Rainy
2023-01-11,Bengaluru,17.79,11.94,24.79,0.42,81.76,17.13,1015.87,Cold
2022-09-03,Pune,27.56,19.79,32.73,8.36,67.77,15.27,1016.61,Clear
2023-07-03,Chennai,37.76,31.09,43.96,1.02,39.87,17.32,1015.03,Hot
2023-08-30,Bengaluru,34.2,28.87,38.48,12.58,76.76,10.93,1007.54,Rainy
2022-12-19,Bengaluru,17.99,9.45,22.34,1.33,60.48,6.3,1006.48,Cold
2022-11-26,Mumbai,19.2,11.62,23.56,2.52,80.0,14.27,1008.51,Cloudy
2024-03-07,Hyderabad,32.08,27.93,37.11,2.19,63.62,9.08,1006.71,Clear
2024-03-23,Delhi,25.84,17.08,32.25,2.01,67.67,2.0,1017.78,Clear
2024-04-03,Chennai,38.13,30.4,42.43,2.28,50.12,9.2,1013.86,Hot
2024-07-12,Delhi,36.56,29.0,44.3,12.39,70.99,16.97,1007.25,Rainy
2024-06-22,Chennai,36.02,29.02,41.69,24.89,71.93,11.55,1011.6,Rainy
2022-05-11,Delhi,38.52,31.71,45.94,3.57,51.27,15.36,1017.81,Hot
2024-06-28,Bengaluru,32.63,28.34,37.6,9.08,66.89,12.26,1018.81,Clear
2022-09-19,Bengaluru,21.48,17.44,29.3,4.33,71.95,10.42,1015.81,Clear
2022-12-29,Pune,20.87,12.8,27.95,0.19,81.41,4.2,1015.34,Cloudy
2022-06-21,Mumbai,38.51,34.02,44.31,2.99,58.42,7.14,1009.33,Hot
2024-07-04,Bengaluru,33.51,27.06,38.59,14.12,50.99,16.97,1016.6,Rainy
2022-02-07,Chennai,,16.11,27.74,0.17,73.67,10.36,1008.85,Clear
2022-10-09,Bengaluru,18.06,9.4,22.57,3.06,80.98,16.48,1011.91,Cloudy
2024-07-27,Bengaluru,34.38,27.12,40.2,17.76,76.49,7.53,1014.79,Rainy
2024-02-14,Hyderabad,27.36,19.35,33.35,1.26,66.41,17.89,1008.79,Clear
2024-09-18,Hyderabad,29.04,24.53,36.65,4.45,57.16,16.75,1010.48,Clear
2024-11-11,Hyderabad,14.87,7.36,19.11,0.41,89.39,8.47,1013.51,Cold
2024-07-27,Mumbai,38.1,34.08,45.8,5.63,51.85,9.31,1005.73,Hot
2022-03-02,Mumbai,25.01,16.11,30.98,3.58,60.28,13.47,1007.3,Clear
2022-05-25,Pune,30.98,26.6,37.77,0.45,49.02,11.92,1017.62,Clear
2024-01-23,Hyderabad,22.57,17.76,29.53,0.69,62.62,10.63,1010.92,Clear
2022-01-27,Chennai,24.77,16.57,31.54,0.08,63.6,15.13,1004.88,Clear
2024-10-21,Pune,23.09,15.16,27.54,1.02,64.63,11.27,1013.63,Clear
2023-03-05,Pune,29.64,22.5,36.58,0.19,58.69,14.51,1008.6,Clear
2022-06-03,Mumbai,38.96,32.13,45.92,15.91,56.13,8.27,1017.23,Rainy
2023-04-27,Mumbai,37.0,30.18,43.65,2.09,51.53,8.11,1017.04,Hot
2022-03-18,Hyderabad,27.89,18.93,33.69,2.46,62.65,8.87,1011.37,Clear
2023-09-25,Bengaluru,26.25,17.32,32.6,11.81,85.29,11.4,1012.67,Rainy
2023-10-29,Pune,24.1,17.27,28.12,3.49,62.92,14.62,1013.96,Clear
2024-01-21,Mumbai,21.14,13.9,25.21,0.12,77.61,8.98,1013.91,Clear
2023-11-21,Pune,22.53,17.04,27.38,3.88,82.96,21.33,1014.02,Cloudy
2022-04-28,Hyderabad,34.64,27.18,41.63,0.41,51.56,5.33,1017.76,Clear
2023-04-15,Hyderabad,28.97,24.56,33.07,0.54,54.23,17.0,1012.04,Clear
2023-06-04,Delhi,37.24,32.67,42.5,14.23,73.62,11.28,1015.57,Rainy
2023-08-18,Chennai,35.06,28.22,42.77,6.96,63.84,10.46,1004.58,Hot
2024-06-24,Bengaluru,33.3,26.12,41.21,2.51,62.72,12.76,1004.75,Clear
2022-08-26,Pune,37.49,32.11,43.4,6.95,62.76,12.91,1007.55,Hot
2024-01-11,Chennai,23.07,16.28,29.15,1.36,74.68,19.1,1014.75,Clear
2023-10-25,Delhi,25.36,18.99,32.8,2.31,63.91,10.43,1008.86,Clear
2022-07-06,Mumbai,30.1,22.17,37.67,25.33,87.51,14.71,1009.56,Rainy
2022-02-10,Pune,21.88,15.25,27.69,2.59,71.31,11.87,1021.56,Clear
2024-08-20,Pune,32.85,27.75,37.79,19.77,82.04,9.55,1007.96,Rainy
2022-02-09,Chennai,27.0,21.1,33.74,0.61,72.03,14.39,1013.98,Clear
2022-05-29,Mumbai,38.27,31.74,42.44,1.5,50.51,15.99,997.52,Hot
2024-04-16,Bengaluru,29.83,24.63,34.95,5.33,66.82,18.02,1011.55,Clear
2023-05-21,Hyderabad,38.6,32.76,43.98,1.18,50.47,12.37,1010.35,Hot
2022-03-17,Bengaluru,29.19,20.44,36.57,0.4,58.62,7.22,1009.7,Clear
2023-02-09,Hyderabad,20.9,15.72,28.89,0.28,73.48,4.72,1010.12,Clear
2023-11-06,Delhi,17.95,10.21,22.21,1.07,69.69,,1007.38,Cold
2023-05-04,Bengaluru,31.41,26.62,36.5,2.75,51.99,8.74,1015.83,Clear
2022-10-18,Pune,20.85,16.32,28.48,0.76,69.21,3.99,1008.74,Clear
2024-01-24,Chennai,25.79,21.51,31.28,2.7,69.8,14.77,1010.73,Clear
2024-12-04,Hyderabad,21.0,16.94,25.91,3.22,85.91,15.55,1013.38,Cloudy
2022-12-08,Bengaluru,17.36,10.62,22.32,0.46,66.44,10.48,1006.18,Cold
2023-03-27,Chennai,31.55,23.63,36.95,4.28,68.12,9.59,1023.68,Clear
2023-02-18,Hyderabad,26.98,18.06,33.24,3.68,75.88,5.86,1004.99,Clear
2024-04-16,Delhi,30.81,22.79,35.9,1.96,67.45,7.59,1024.26,Clear
2024-02-17,Delhi,26.89,20.49,34.67,5.12,65.02,18.48,1016.88,Clear
2022-09-03,Chennai,28.2,19.31,33.06,24.29,98.0,11.47,1014.08,Rainy
2023-09-05,Pune,32.51,26.41,39.85,14.66,75.62,10.24,1012.73,Rainy
2024-02-01,Delhi,20.12,15.6,25.57,3.13,67.09,18.54,1010.5,Clear
2023-03-31,Mumbai,27.62,19.08,33.21,0.49,58.72,19.89,1005.07,Clear
2023-09-02,Mumbai,27.68,19.0,35.44,12.9,79.53,11.6,1011.71,Rainy
2024-09-02,Bengaluru,25.62,18.22,31.18,10.33,88.83,14.2,1008.89,Rainy
2023-03-19,Hyderabad,28.79,22.65,34.29,3.37,69.25,13.23,1002.69,Clear
2022-04-17,Chennai,42.18,37.81,49.02,0.39,49.84,15.18,1008.75,Hot
2024-09-05,Pune,26.49,19.02,31.3,12.33,76.45,11.01,1016.17,Rainy
2024-02-04,Bengaluru,23.85,15.55,28.73,1.4,65.8,13.57,1004.98,Clear
2024-08-29,Hyderabad,29.26,20.81,37.01,14.17,84.58,13.11,1014.98,Rainy
2023-06-11,Pune,36.64,30.68,41.73,8.12,65.24,14.08,1018.18,Hot
2022-10-27,Hyderabad,27.0,21.97,34.44,2.82,70.16,19.67,1011.54,Clear
2022-10-18,Chennai,34.06,28.77,41.63,1.15,44.93,10.71,1013.49,Clear
2022-02-10,Mumbai,30.36,21.97,37.3,0.6,64.01,14.99,1015.05,Clear
2024-09-20,Pune,18.08,11.59,23.82,10.35,98.0,11.85,1017.54,Rainy
2023-09-29,Bengaluru,22.43,16.88,28.19,6.49,84.99,13.02,1005.99,Cloudy
2024-12-15,Pune,22.43,16.02,26.61,4.37,70.81,13.21,1012.27,Clear
2022-03-16,Mumbai,32.51,24.71,38.89,0.27,41.76,7.87,1012.85,Clear
2024-06-05,Hyderabad,30.63,24.13,36.83,25.88,95.27,18.8,1008.06,Rainy
2024-10-30,Chennai,22.28,17.17,26.86,0.15,67.49,13.2,1017.89,Clear
2023-04-11,Delhi,31.33,22.45,38.16,1.92,69.29,11.82,1017.73,Clear
2024-09-15,Delhi,26.49,20.36,33.85,9.62,70.68,10.88,1006.41,Clear
2024-09-07,Pune,24.51,19.06,31.7,18.2,97.73,15.49,1008.96,Rainy
2023-03-18,Mumbai,34.26,25.89,42.24,0.66,59.21,18.71,1007.27,Clear
2024-08-13,Pune,32.57,25.66,37.72,17.87,91.33,12.42,1016.58,Rainy
2022-12-16,Delhi,22.46,16.91,27.28,0.83,69.07,15.3,1005.39,Clear
2022-07-25,Pune,37.25,29.85,42.66,30.91,85.66,14.71,1005.58,Rainy
2022-05-23,Bengaluru,33.58,25.14,40.06,1.53,54.63,11.27,1013.84,Clear
2022-07-28,Pune,34.03,29.09,40.03,7.97,66.12,7.38,1005.58,Clear
2022-08-25,Mumbai,36.7,29.73,44.27,19.64,72.37,12.28,1017.81,Rainy
2022-01-12,Chennai,25.87,21.61,32.7,1.34,67.99,17.64,1007.96,Clear
2023-02-12,Delhi,22.87,14.6,28.73,2.17,85.43,8.1,1014.59,Cloudy
2022-08-21,Hyderabad,31.7,22.8,37.83,4.34,70.72,10.92,1011.52,Clear
2023-01-17,Delhi,15.47,9.8,21.7,0.07,88.74,10.5,1013.92,Cold
2024-12-24,Delhi,15.19,7.08,22.36,1.19,81.9,2.01,1012.05,Cold
2024-09-21,Delhi,32.46,24.62,38.36,6.28,58.22,16.36,1014.24,Clear
2023-10-28,Bengaluru,21.06,15.19,28.0,0.31,73.05,14.96,1017.22,Clear
2023-07-31,Delhi,29.93,24.14,36.16,3.88,61.21,16.98,1014.5,Clear
2023-03-24,Hyderabad,29.45,22.61,35.41,3.86,56.68,5.09,1011.47,Clear
2024-07-24,Bengaluru,34.01,27.89,38.75,8.32,60.69,10.57,1014.63,Clear
2024-10-07,Pune,24.98,19.63,31.49,0.71,58.72,9.27,1002.84,Clear
2023-05-03,Delhi,40.36,31.54,45.77,0.42,48.67,4.25,1014.98,Hot
2023-07-24,Delhi,31.46,27.1,36.85,6.33,60.81,3.56,1018.43,Clear
2022-11-01,Hyderabad,19.3,13.57,25.52,3.62,78.9,4.69,1026.7,Clear
2022-10-19,Pune,21.1,16.09,28.19,2.98,85.11,9.96,1008.99,Cloudy
2023-12-12,Chennai,21.32,12.92,25.44,0.15,87.09,11.05,1011.63,Cloudy
2023-04-30,Chennai,29.79,22.74,34.91,1.57,47.41,9.96,1011.36,Clear
2024-06-07,Chennai,39.92,35.82,46.32,3.58,50.44,16.63,1008.8,Hot
2023-09-09,Hyderabad,27.59,21.53,34.69,23.64,94.65,14.37,1011.08,Rainy
2022-07-03,Pune,33.52,25.73,38.71,3.46,55.3,8.17,1016.59,Clear
2023-02-05,Chennai,31.51,23.38,36.71,0.98,52.96,21.61,1002.47,Clear
2024-09-15,Chennai,30.56,24.3,37.32,11.84,77.43,12.41,1016.74,Rainy
2023-04-05,Pune,28.75,23.24,33.28,2.24,66.68,7.35,1023.67,Clear
2024-09-22,Chennai,32.81,25.18,38.55,26.67,98.0,6.48,1016.74,Rainy
2024-09-25,Delhi,24.88,17.42,29.13,12.58,89.8,6.46,1010.2,Rainy
2022-07-02,Hyderabad,36.44,30.82,43.26,22.63,78.53,10.22,1017.02,Rainy
2023-02-23,Hyderabad,27.41,22.71,34.58,0.12,64.61,11.18,1006.43,Clear
2023-12-07,Chennai,20.06,11.69,27.26,0.61,76.7,20.91,1018.63,Clear
2023-04-03,Hyderabad,37.88,29.97,44.16,3.03,55.39,13.87,1018.15,Hot
2022-11-03,Bengaluru,22.3,14.74,29.0,0.25,66.65,11.54,1015.64,Clear
2024-04-04,Pune,33.27,25.19,40.76,0.1,61.79,19.05,1010.71,Clear
2023-05-29,Mumbai,35.94,27.24,43.61,1.73,57.22,11.19,1009.36,Hot
2024-06-08,Bengaluru,34.21,30.14,39.95,8.6,64.23,14.16,1021.23,Clear
2022-08-01,Pune,30.51,26.26,36.1,2.97,55.18,12.92,1021.08,Clear
2024-07-03,Mumbai,41.95,35.75,46.31,5.22,52.28,6.3,1009.72,Hot
2022-06-14,Bengaluru,35.35,29.46,39.99,7.06,67.57,8.37,1012.04,Hot
2023-02-12,Bengaluru,23.35,15.22,28.37,3.88,74.8,6.37,1020.56,Clear
2024-08-12,Bengaluru,27.89,23.86,34.88,2.74,72.69,14.73,1011.72,Clear
2024-08-22,Delhi,34.59,26.21,41.25,24.92,94.99,15.34,1011.02,Rainy
2022-01-07,Delhi,23.36,18.68,27.94,1.67,64.11,9.06,1001.38,Clear
2024-02-14,Mumbai,27.88,22.65,34.01,1.19,59.73,12.73,1009.13,Clear
2022-02-11,Hyderabad,26.41,20.77,32.89,1.78,64.68,17.81,1007.49,Clear
2024-08-01,Mumbai,33.36,26.5,39.47,27.04,98.0,13.6,1013.55,Rainy
2024-04-02,Mumbai,37.52,32.1,43.03,4.71,53.52,19.27,1006.98,Hot
2023-09-14,Hyderabad,30.43,25.03,35.97,6.55,61.91,11.79,1012.34,Clear
2024-09-16,Bengaluru,25.07,16.77,31.09,21.7,86.9,15.17,1016.03,Rainy
2022-06-14,Mumbai,36.32,30.2,42.99,13.97,63.5,7.25,1013.55,Rainy
2022-06-13,Hyderabad,36.8,29.98,43.41,4.15,48.67,11.1,1006.48,Hot
2023-11-27,Bengaluru,19.46,11.87,25.46,1.5,77.7,13.66,1011.15,Clear
2022-12-13,Delhi,14.78,6.4,20.73,0.9,82.35,11.01,1002.9,Cold
2024-04-21,Chennai,32.88,27.28,38.65,2.67,65.64,11.45,1013.57,Clear
2022-08-04,Pune,35.61,30.83,41.75,2.12,,18.71,1004.18,Hot
2024-04-03,Hyderabad,30.01,25.03,36.43,0.15,46.34,9.05,1003.34,Clear
2024-09-12,Chennai,31.31,23.06,38.09,10.07,73.11,6.11,1009.58,Rainy
2022-01-14,Chennai,23.27,18.17,29.58,1.03,66.1,11.39,1005.93,Clear
2023-10-03,Chennai,29.16,23.53,36.98,0.97,62.13,2.0,1009.55,Clear
2022-01-13,Bengaluru,21.74,14.33,26.11,2.97,76.51,8.85,1010.54,Clear
2022-01-23,Bengaluru,18.53,12.39,25.29,0.32,77.27,10.49,1011.36,Clear
2022-11-24,Mumbai,26.44,21.5,33.13,0.89,58.11,11.44,1013.58,Clear
2022-10-26,Delhi,18.55,13.69,24.58,1.29,80.07,6.13,1011.69,Cloudy
2023-11-30,Chennai,24.08,19.06,30.19,3.39,79.65,9.97,1010.53,Clear
2022-01-25,Hyderabad,20.78,15.95,27.97,1.39,86.69,20.62,1008.88,Cloudy
2024-04-12,Mumbai,36.92,30.2,43.54,4.99,46.12,11.75,1008.7,Hot
2024-06-06,Delhi,31.47,24.34,35.63,6.49,72.19,7.39,1013.26,Clear
2022-06-24,Bengaluru,30.04,21.91,34.64,19.48,85.89,15.17,1014.73,Rainy
2024-07-02,Hyderabad,38.05,31.01,43.31,6.95,58.41,18.76,1007.32,Hot
2022-10-19,Chennai,25.38,17.78,31.79,2.45,64.03,8.83,1011.75,Clear
2022-02-24,Mumbai,25.83,17.51,33.09,4.77,73.1,10.2,1015.11,Clear
2024-02-16,Bengaluru,20.59,11.95,25.78,0.09,69.34,10.54,1004.24,Clear
2022-06-13,Bengaluru,32.17,28.08,36.2,28.06,74.59,10.19,1019.15,Rainy
2024-03-16,Pune,30.56,24.71,37.04,0.04,66.16,17.97,1002.61,Clear
2023-01-21,Pune,18.84,13.9,24.29,1.01,83.28,2.0,1011.74,Cloudy
2023-05-05,Hyderabad,40.26,34.21,46.64,0.18,45.75,11.8,1004.76,Hot
2023-05-27,Hyderabad,36.05,28.91,40.19,3.3,53.21,13.67,1008.49,Hot
2024-05-12,Bengaluru,36.32,31.18,44.18,1.83,58.71,15.56,1009.5,Hot
2022-02-17,Bengaluru,22.7,13.98,30.33,4.13,81.06,5.47,1011.9,Cloudy
2023-06-27,Hyderabad,35.53,27.23,43.31,14.05,62.11,8.51,1014.88,Rainy
2024-08-04,Mumbai,32.76,24.85,40.48,16.35,67.23,4.36,1015.85,Rainy
2022-01-06,Bengaluru,19.82,13.09,24.58,0.25,79.12,11.84,1006.69,Clear
2024-12-01,Pune,22.2,15.17,28.21,0.4,74.11,9.55,1007.56,Clear
2024-06-29,Chennai,38.76,34.21,46.24,28.91,97.0,5.28,1008.3,Rainy
2023-12-01,Hyderabad,22.4,13.87,29.89,1.28,65.65,17.81,1012.63,Clear
2022-11-14,Chennai,27.49,22.4,34.17,0.63,70.02,14.4,1005.62,Clear
2024-05-15,Delhi,35.44,28.06,41.33,0.75,40.78,9.74,1016.21,Hot
2024-02-08,Mumbai,27.93,21.16,32.13,0.1,58.16,10.21,1005.93,Clear
2023-12-22,Chennai,17.94,10.46,24.21,0.5,66.7,18.63,1012.38,Cold
2022-07-27,Bengaluru,36.14,31.85,43.67,24.35,75.14,15.07,1024.6,Rainy
2022-10-13,Mumbai,22.6,18.5,27.1,1.02,51.66,21.65,1015.92,Clear
2024-11-10,Chennai,25.63,18.15,32.51,0.4,57.89,6.96,1017.91,Clear
2022-05-21,Hyderabad,37.84,30.99,42.6,1.51,47.48,16.05,1008.12,Hot
2023-01-15,Chennai,23.5,14.77,29.19,0.4,64.31,9.97,1012.64,Clear
2022-05-21,Delhi,36.57,30.43,43.48,1.05,47.83,9.53,1015.49,Hot
2023-06-10,Delhi,41.73,33.21,49.49,13.86,59.17,17.85,1010.8,Rainy
2024-09-10,Pune,23.37,15.92,31.17,61.68,98.0,16.74,1009.76,Heavy Rain
2022-04-12,Bengaluru,29.54,21.14,37.1,3.59,62.59,12.45,1007.34,Clear
2023-12-24,Mumbai,20.24,12.86,25.86,0.61,73.23,8.46,1010.0,Clear
2024-08-09,Mumbai,32.21,25.83,37.39,4.25,60.93,15.46,1009.62,Clear
2022-09-18,Chennai,31.31,26.92,35.61,21.05,86.96,18.99,1017.23,Rainy
2022-03-12,Delhi,33.29,27.34,40.66,1.31,53.29,13.33,1013.63,Clear
2024-09-16,Mumbai,28.48,21.32,36.39,8.46,59.1,16.82,1012.73,Clear
2024-10-17,Delhi,25.54,16.63,30.93,0.71,70.15,12.36,1010.04,Clear
2023-10-26,Pune,23.09,15.42,29.35,10.13,85.27,7.79,1007.39,Rainy
2024-10-24,Hyderabad,21.33,14.81,27.08,2.24,72.66,2.0,1011.15,Clear
2022-02-08,Hyderabad,23.0,16.26,28.63,0.89,71.22,11.94,1015.04,Clear
2023-09-21,Pune,22.57,15.42,30.22,11.76,76.49,8.35,1016.05,Rainy
2024-03-09,Hyderabad,29.84,24.79,35.36,1.01,59.17,4.93,1014.03,Clear
2022-12-08,Mumbai,23.27,17.5,27.7,1.45,59.08,6.49,1009.18,Clear
2023-02-18,Bengaluru,26.5,17.62,33.18,2.36,67.92,14.17,1009.36,Clear
2024-08-13,Bengaluru,32.5,24.04,36.87,15.96,72.84,4.33,1015.11,Rainy
2023-11-20,Mumbai,23.52,15.25,30.25,1.44,73.02,13.7,1012.2,Clear
2022-05-25,Bengaluru,32.87,27.19,40.8,1.58,52.48,14.03,1014.82,Clear
2024-03-30,Hyderabad,25.44,19.05,32.59,0.88,65.32,21.47,1013.84,Clear
2023-07-15,Hyderabad,33.83,28.7,38.16,4.41,58.85,16.91,1006.03,Clear
2024-08-24,Mumbai,34.2,28.97,41.18,1.94,55.21,19.92,1015.21,Clear
2024-01-19,Chennai,26.21,18.66,33.83,2.59,60.96,8.61,1012.57,Clear
2022-01-12,Delhi,15.7,7.07,19.92,1.09,97.25,12.91,1015.27,Cold
2023-06-06,Delhi,35.84,28.8,40.88,4.97,66.01,13.71,1007.88,Hot
2023-01-09,Hyderabad,26.3,17.53,31.5,4.65,62.14,14.71,1009.55,Clear
2023-12-16,Hyderabad,21.76,17.44,27.98,0.06,72.78,7.11,1016.68,Clear
2023-12-01,Chennai,29.34,24.21,34.47,1.29,77.34,16.27,1014.72,Clear
2023-07-05,Chennai,36.97,32.54,44.17,27.06,98.0,10.73,1010.36,Rainy
2024-06-15,Hyderabad,42.7,35.82,49.52,3.03,,14.06,1004.6,Hot
2022-10-12,Bengaluru,21.26,13.36,25.39,1.54,64.28,12.26,1008.1,Clear
2023-02-26,Hyderabad,25.2,19.77,30.29,1.9,69.61,2.0,1007.52,Clear
2024-07-04,Hyderabad,35.95,27.6,41.53,20.55,66.54,15.48,1021.5,Rainy
2024-06-13,Pune,39.95,34.99,44.35,16.91,70.2,11.88,1013.12,Rainy
2024-04-12,Bengaluru,31.2,24.75,37.89,4.28,68.37,13.44,1019.89,Clear
2023-01-11,Hyderabad,20.4,13.6,25.78,0.66,72.06,10.85,1008.31,Clear
2024-10-19,Hyderabad,27.97,20.23,35.67,4.87,73.7,10.29,1016.94,Clear
2024-07-03,Hyderabad,36.31,28.38,41.59,5.36,58.0,6.76,1016.31,Hot
2022-10-03,Chennai,30.19,24.4,37.55,1.97,48.67,9.54,1020.42,Clear
2023-08-11,Hyderabad,31.92,27.56,38.04,34.73,98.0,3.39,1012.48,Rainy
2024-02-10,Chennai,26.41,21.25,33.9,2.07,74.91,9.36,1020.31,Clear
2023-10-13,Hyderabad,28.15,23.2,35.26,3.18,63.26,13.6,1011.98,Clear
2022-11-09,Bengaluru,17.73,9.63,24.22,0.26,75.53,10.01,1021.84,Cold
2024-02-19,Chennai,27.98,19.23,33.79,1.64,57.83,14.1,1023.5,Clear
2024-12-29,Chennai,20.32,13.99,26.23,2.18,73.5,12.66,1008.41,Clear
2022-06-25,Chennai,40.53,34.51,46.82,5.15,49.57,15.52,1005.99,Hot
2023-01-21,Mumbai,20.87,12.33,26.75,5.03,77.29,2.0,1009.5,Clear
2022-09-24,Chennai,30.36,22.18,37.68,3.06,58.79,6.26,1007.89,Clear
2023-06-22,Chennai,40.1,31.98,45.23,12.33,50.65,5.72,1016.68,Rainy
2023-06-21,Mumbai,31.8,24.12,35.95,11.93,76.86,11.07,1012.15,Rainy
2023-11-02,Chennai,24.63,17.23,30.92,0.23,69.87,2.34,1011.35,Clear
2023-10-11,Hyderabad,22.57,15.1,27.21,5.31,74.62,14.68,1001.76,Clear
2024-07-13,Bengaluru,35.46,27.22,42.28,14.98,65.68,8.33,1013.99,Rainy
2022-08-08,Bengaluru,31.78,25.77,38.98,10.06,72.8,7.54,1008.01,Rainy
2022-07-21,Mumbai,32.67,25.2,36.69,1.89,64.49,9.71,1012.91,Clear
2022-08-25,Pune,28.17,22.04,32.47,32.52,98.0,19.21,1022.11,Rainy
2022-08-03,Bengaluru,33.19,24.97,39.4,22.15,93.36,8.59,1015.56,Rainy
2023-06-01,Delhi,39.19,33.57,46.15,28.0,89.47,7.38,1006.2,Rainy
2023-10-10,Hyderabad,23.37,14.85,30.56,5.03,74.92,13.72,1022.94,Clear
2022-10-06,Hyderabad,25.87,21.36,29.87,1.98,67.11,17.04,1002.59,Clear
2024-01-04,Bengaluru,23.29,18.57,31.03,0.91,71.27,13.01,1011.7,Clear
2024-01-29,Pune,18.22,11.24,23.86,0.84,79.29,14.0,1013.37,Clear
2023-02-14,Chennai,27.53,22.44,33.19,0.33,55.59,11.48,1005.77,Clear
2023-11-12,Delhi,21.23,13.99,27.47,0.96,80.83,14.94,1015.5,Cloudy
2024-04-18,Delhi,34.85,29.98,39.16,2.66,57.09,8.36,1013.97,Clear
2022-04-20,Pune,30.67,23.64,37.42,1.1,45.45,11.48,1011.88,Clear
2023-07-04,Pune,33.27,24.68,40.86,2.66,57.6,9.22,1007.72,Clear
2022-05-10,Bengaluru,36.66,30.29,40.87,2.39,52.87,9.25,1006.74,Hot
2022-07-08,Bengaluru,34.65,28.34,41.82,8.56,55.77,8.3,1004.76,Clear
2023-11-01,Delhi,21.8,17.3,29.26,1.42,58.33,12.98,1013.98,Clear
2023-11-28,Pune,20.55,15.31,25.58,0.22,84.33,12.46,1011.49,Cloudy
2023-05-25,Bengaluru,30.37,22.12,34.64,1.53,52.69,6.79,1014.55,Clear
2022-03-22,Bengaluru,24.51,15.57,29.14,1.51,55.05,13.17,1009.86,Clear
2022-03-21,Bengaluru,22.86,16.48,29.81,3.05,63.86,14.3,1012.27,Clear
2022-09-03,Bengaluru,27.27,22.83,32.96,2.84,59.85,18.72,1005.31,Clear
2023-01-19,Chennai,27.71,22.6,33.4,2.19,66.75,8.58,1006.1,Clear
2023-12-27,Hyderabad,23.3,17.65,28.05,1.04,68.81,5.9,1007.08,Clear
2022-06-11,Bengaluru,32.29,25.7,37.13,7.53,62.88,12.13,1008.19,Clear
2023-08-27,Mumbai,28.13,22.87,35.79,16.76,83.38,14.76,1013.33,Rainy
2024-05-14,Delhi,32.67,26.15,39.27,1.43,65.3,15.49,1005.16,Clear
2024-04-17,Chennai,32.88,27.81,39.9,1.43,69.87,12.65,1016.95,Clear
2022-05-07,Mumbai,30.82,22.97,37.56,0.81,48.87,11.29,1015.24,Clear
2023-08-12,Bengaluru,30.88,25.75,38.76,10.68,78.16,8.29,1016.33,Rainy
2024-01-14,Delhi,18.64,11.41,25.18,1.37,83.71,4.85,1012.37,Cloudy
2022-03-09,Hyderabad,23.3,18.09,28.89,1.08,69.19,6.7,1012.48,Clear
2022-09-01,Bengaluru,27.03,18.65,32.39,11.75,92.73,14.14,1017.11,Rainy
2023-06-23,Delhi,34.22,25.67,39.77,4.11,53.25,14.38,1005.86,Clear
2024-04-07,Mumbai,28.68,21.04,34.49,2.57,49.87,10.47,1005.4,Clear
2023-06-28,Pune,35.78,31.49,43.21,12.14,67.93,12.72,1014.42,Rainy
2024-09-11,Mumbai,28.58,22.02,34.77,29.37,98.0,13.21,1011.82,Rainy
2024-12-25,Delhi,13.61,7.18,18.95,2.15,94.68,16.61,1012.36,Cold
2024-12-20,Chennai,26.04,19.04,33.04,0.82,61.25,12.94,1004.13,Clear
2024-12-28,Pune,15.2,6.96,19.8,2.56,81.79,8.07,1009.29,Cold
2023-08-16,Chennai,40.31,32.12,47.4,10.75,50.09,18.99,1008.93,Rainy
2022-09-09,Delhi,24.42,18.46,30.02,11.64,94.48,22.36,1012.72,Rainy
2022-12-29,Mumbai,21.88,13.96,28.15,1.12,62.95,14.77,1018.67,Clear
2022-06-07,Delhi,30.48,23.59,36.57,6.16,60.38,10.35,1014.72,Clear
2022-12-12,Mumbai,22.78,18.69,29.95,1.24,64.83,17.86,1016.98,Clear
2024-03-25,Mumbai,30.55,24.48,37.31,2.04,64.9,17.12,1009.78,Clear
2023-02-28,Hyderabad,22.49,14.1,29.03,0.85,70.13,12.13,1017.12,Clear
2024-10-10,Delhi,25.83,20.96,32.48,1.99,61.74,5.6,1015.7,Clear
2024-12-25,Hyderabad,21.34,16.2,29.25,1.69,72.99,9.4,1013.64,Clear
2024-04-25,Chennai,35.44,29.43,41.22,0.31,55.15,16.09,1016.25,Hot
2022-02-07,Bengaluru,22.1,13.18,28.76,1.28,72.06,5.11,1010.4,Clear
2024-03-29,Bengaluru,27.25,19.16,31.92,1.41,67.13,15.47,1008.32,Clear
2024-10-17,Pune,28.53,24.08,34.5,2.01,59.04,4.73,1014.71,Clear
2024-01-09,Pune,20.01,13.49,27.23,1.42,80.67,9.21,1016.62,Cloudy
2024-03-04,Mumbai,26.88,20.03,34.32,0.82,66.81,17.01,1012.81,Clear
2024-11-19,Chennai,21.5,12.96,26.8,0.51,60.74,9.15,1015.16,Clear
2023-04-28,Delhi,30.4,21.69,36.41,0.34,50.72,13.29,1019.69,Clear
2022-04-05,Mumbai,33.28,25.67,40.7,0.84,65.37,7.97,1008.71,Clear
2024-07-26,Bengaluru,28.99,24.41,33.25,4.35,72.86,15.0,1020.21,Clear
2023-04-14,Bengaluru,33.43,26.21,39.42,1.71,58.88,15.48,1010.98,Clear
2023-12-01,Delhi,20.34,15.9,24.77,2.0,75.93,12.94,1015.01,Clear
2022-06-29,Delhi,35.31,30.57,43.28,21.92,95.99,9.14,1013.26,Rainy
2024-12-10,Hyderabad,20.69,14.52,26.79,1.38,74.34,14.45,1009.51,Clear
2022-12-23,Chennai,20.8,13.96,25.6,4.15,73.86,10.17,1018.41,Clear
2024-11-02,Delhi,22.95,18.65,27.38,0.61,73.13,14.71,1008.6,Clear
2023-01-29,Chennai,25.03,17.81,29.8,1.36,71.55,6.59,1017.05,Clear
2023-10-24,Delhi,20.66,13.13,28.08,1.38,70.88,12.99,1009.5,Clear
2023-09-16,Chennai,29.9,25.48,35.67,11.7,79.36,15.52,1004.77,Rainy
2023-12-22,Delhi,16.08,7.98,21.59,0.18,70.06,11.7,1008.94,Cold
2024-02-09,Pune,28.87,20.12,33.31,0.04,63.08,12.53,1011.95,Clear
2022-08-17,Hyderabad,34.94,30.77,39.27,8.25,61.85,9.38,1008.39,Clear
2024-02-01,Pune,21.27,15.3,28.2,1.03,66.91,6.86,1014.34,Clear
2023-03-30,Delhi,23.72,14.85,30.15,0.76,69.78,15.99,1011.4,Clear
2022-02-21,Delhi,26.2,21.34,30.32,3.16,79.64,14.69,1014.17,Clear
2024-09-16,Hyderabad,29.14,20.65,36.96,14.57,92.66,11.89,1014.92,Rainy
2022-05-25,Delhi,33.39,27.7,40.96,2.21,72.02,14.62,1005.25,Clear
2024-08-08,Mumbai,37.76,30.58,43.98,17.48,70.98,5.95,1014.67,Rainy
2024-05-26,Delhi,42.36,36.24,48.44,3.31,36.76,22.65,1008.3,Hot
2022-01-25,Pune,22.91,15.41,29.1,0.8,68.94,8.44,1009.18,Clear
2023-02-10,Delhi,22.36,15.02,29.82,1.66,78.75,6.72,1017.19,Clear
2022-01-13,Delhi,15.25,6.28,22.78,1.69,82.3,10.27,1005.34,Cold
2023-02-24,Mumbai,25.68,21.48,31.98,0.86,64.7,11.64,1011.81,Clear
2024-07-11,Mumbai,40.02,34.45,47.03,7.53,44.5,9.33,1019.78,Hot
2022-06-08,Pune,40.24,31.31,45.83,24.86,68.92,19.64,1006.81,Rainy
2023-04-23,Mumbai,34.15,30.04,41.6,3.09,57.21,10.81,1018.56,Clear
2024-07-28,Pune,35.69,26.94,39.84,19.9,87.9,7.62,1012.11,Rainy
2023-08-12,Chennai,34.76,27.02,41.07,24.47,87.32,10.98,1006.4,Rainy
2022-04-17,Pune,32.41,25.46,39.49,1.65,51.74,17.31,1016.09,Clear
2023-03-11,Delhi,23.41,19.19,30.21,1.38,83.21,10.25,1022.97,Cloudy
2024-05-22,Chennai,32.04,27.03,38.58,,52.12,10.65,1010.26,Clear
2024-05-24,Pune,32.38,25.04,39.38,0.8,52.51,16.81,1009.25,Clear
2024-07-07,Delhi,30.29,24.35,35.43,29.07,92.76,9.94,1016.98,Rainy
2024-01-01,Bengaluru,18.25,9.5,24.74,2.78,95.09,5.39,1021.97,Cloudy
2024-11-21,Pune,21.13,15.21,28.72,8.73,79.32,10.52,1014.67,Clear
2023-02-04,Bengaluru,21.05,15.47,28.0,0.07,61.53,8.35,1015.6,Clear
2023-06-17,Hyderabad,37.02,31.81,44.62,25.45,81.39,11.98,1003.0,Rainy
2024-06-20,Pune,39.9,35.1,47.81,7.5,42.34,9.92,1008.75,Hot
2024-01-16,Bengaluru,14.4,7.82,21.95,1.62,83.15,14.86,1020.7,Cold
2024-09-19,Chennai,30.14,23.06,36.75,32.65,97.74,12.64,1007.83,Rainy
2024-05-12,Delhi,34.94,27.21,40.06,0.16,57.79,14.99,1010.94,Clear
2022-06-02,Pune,31.39,26.73,36.97,7.96,59.66,13.36,1009.1,Clear
2022-01-01,Delhi,22.87,16.11,27.89,1.4,63.83,12.15,1009.56,Clear
2023-06-05,Delhi,37.71,31.04,45.24,3.99,50.76,11.52,1011.71,Hot
2024-09-19,Mumbai,39.83,31.8,46.99,17.26,64.23,14.3,1011.45,Rainy
2024-12-30,Pune,21.2,12.97,29.13,1.1,62.19,8.77,1016.43,Clear
2022-10-14,Hyderabad,26.09,17.67,32.45,0.09,60.23,6.25,1019.92,Clear
2024-01-29,Hyderabad,24.03,15.62,29.92,0.78,82.12,9.11,1009.55,Cloudy
2023-04-20,Bengaluru,29.59,22.3,34.04,0.78,54.46,8.68,1016.66,Clear
2022-11-06,Bengaluru,17.57,12.08,23.12,1.02,82.52,16.43,1010.8,Cold
2022-11-24,Hyderabad,23.91,17.98,29.61,1.0,54.17,9.88,1016.52,Clear
2022-08-11,Pune,29.56,24.47,34.1,44.22,98.0,7.33,1017.07,Heavy Rain
2024-02-07,Pune,27.53,22.91,33.56,0.2,56.61,11.29,999.19,Clear
2022-06-01,Delhi,34.82,29.36,41.22,13.47,85.53,9.05,1019.54,Rainy
2022-09-15,Delhi,26.23,20.62,32.74,7.15,71.12,12.19,1014.32,Clear
2024-11-06,Pune,22.5,17.33,27.28,2.6,65.89,12.53,1009.25,Clear
2024-12-01,Mumbai,22.27,17.12,26.86,0.73,78.04,15.22,1016.88,Clear
2024-12-06,Chennai,25.53,19.21,32.1,1.4,60.65,11.47,1014.56,Clear
2024-07-28,Bengaluru,32.33,24.54,39.0,6.52,68.37,5.43,1018.22,Clear
2023-03-06,Delhi,21.44,15.42,29.17,1.42,71.06,9.62,1012.2,Clear
2022-03-19,Mumbai,32.84,24.76,38.6,0.57,38.47,12.07,1020.38,Clear
2023-12-08,Delhi,18.45,10.24,23.96,0.55,76.57,20.6,1012.61,Clear
2023-03-13,Hyderabad,27.64,19.36,31.69,1.53,59.91,12.92,1006.96,Clear
2022-08-07,Pune,28.95,23.62,35.54,13.15,85.63,11.91,1015.06,Rainy
2022-09-27,Chennai,27.32,19.54,34.15,6.62,74.96,12.92,1009.95,Clear
2024-05-22,Mumbai,34.16,26.82,39.03,2.76,56.63,16.26,1010.71,Clear
2023-07-17,Bengaluru,32.08,24.83,39.06,17.18,81.71,7.5,1005.48,Rainy
2024-12-20,Hyderabad,28.33,19.4,32.59,1.34,46.83,10.07,1008.8,Clear
2024-04-11,Chennai,34.06,28.74,42.06,0.6,47.12,13.51,999.2,Clear
2024-02-13,Delhi,21.97,15.95,29.76,0.02,66.23,7.5,1018.13,Clear
2022-04-14,Bengaluru,31.61,24.26,39.57,1.42,66.47,15.37,1020.5,Clear
2024-10-28,Hyderabad,23.45,15.04,29.58,0.74,62.15,8.63,1015.22,Clear
2023-01-04,Delhi,18.92,14.49,26.5,2.12,94.13,9.44,1000.41,Cloudy
2024-09-10,Chennai,30.27,21.65,34.75,15.18,70.72,13.25,1010.28,Rainy
2023-03-20,Delhi,26.28,17.77,32.36,0.04,67.45,21.11,1010.93,Clear
2024-05-22,Hyderabad,37.32,29.7,42.81,0.0,55.65,16.81,1018.24,Hot
2022-08-31,Bengaluru,31.67,25.73,36.92,13.35,69.07,18.67,1022.98,Rainy
2023-01-11,Mumbai,22.62,15.8,29.84,1.66,63.61,13.4,1006.98,Clear
2024-03-23,Pune,33.41,25.03,38.5,1.0,54.79,14.87,1014.6,Clear
2022-02-15,Hyderabad,27.44,22.07,35.21,0.59,72.31,13.43,1012.36,Clear
2022-08-07,Chennai,33.51,26.97,40.32,4.1,60.06,9.46,1024.33,Clear
2022-10-06,Chennai,26.91,19.94,34.2,1.43,80.94,6.95,1006.36,Cloudy
2024-01-10,Bengaluru,18.21,13.68,25.91,0.09,72.65,14.51,1015.64,Clear
2023-05-24,Pune,27.27,21.02,33.24,0.45,58.83,13.42,1005.43,Clear
2022-01-23,Pune,17.01,8.48,24.62,1.52,78.06,11.94,1013.3,Cold
2023-01-25,Bengaluru,18.18,13.76,24.2,1.24,72.02,15.59,1010.93,Clear
2022-07-22,Bengaluru,30.29,22.7,37.58,40.93,98.0,16.34,1024.49,Heavy Rain
2024-07-27,Chennai,33.22,25.88,40.84,16.89,69.92,11.25,1014.22,Rainy
2024-02-06,Delhi,24.11,16.58,29.69,0.25,68.44,13.75,1011.88,Clear
2024-06-17,Pune,30.85,22.36,37.56,31.12,98.0,13.31,1016.33,Rainy
2024-12-01,Chennai,18.74,13.82,24.95,0.39,79.4,14.04,1011.08,Clear
2022-09-01,Chennai,31.29,23.97,37.88,26.14,90.0,10.06,1012.29,Rainy
2022-07-04,Delhi,37.67,29.6,43.02,14.71,67.5,12.92,1016.13,Rainy
2022-09-04,Pune,30.55,24.57,35.4,20.8,88.15,14.1,1007.31,Rainy
2022-11-17,Mumbai,24.63,18.54,31.64,0.93,63.25,13.38,1011.76,Clear
2023-06-08,Pune,32.02,24.75,36.32,18.87,83.91,8.6,1014.5,Rainy
2023-03-02,Bengaluru,26.32,19.26,30.68,0.47,74.44,11.52,1015.18,Clear
2023-07-08,Chennai,34.27,27.77,38.47,10.18,64.89,5.51,1008.62,Rainy
2024-08-22,Pune,30.01,22.14,36.87,23.95,95.72,11.03,1016.62,Rainy
2022-01-28,Delhi,17.37,12.86,24.97,0.15,78.81,11.29,1010.15,Cold
2023-08-01,Pune,36.13,31.71,41.22,17.19,61.64,12.65,1010.49,Rainy
2022-09-18,Mumbai,24.53,19.83,30.3,9.91,96.91,16.4,1021.79,Cloudy
2022-12-01,Chennai,25.12,20.33,32.46,0.93,64.77,2.0,1002.86,Clear
2024-08-01,Pune,33.4,27.36,38.68,3.99,57.54,10.88,1010.7,Clear
2023-02-06,Hyderabad,23.71,19.24,29.8,8.75,81.16,11.32,1013.59,Cloudy
2024-06-20,Mumbai,40.05,32.88,47.69,24.25,88.84,13.14,1002.18,Rainy
2023-04-02,Bengaluru,32.71,24.19,40.32,0.74,46.01,12.09,1019.73,Clear
2024-07-19,Pune,35.96,27.32,41.74,25.93,80.35,8.82,1005.39,Rainy
2024-08-04,Bengaluru,30.24,25.71,36.96,7.51,66.9,10.13,1013.08,Clear
2024-04-01,Pune,32.2,27.56,37.61,2.0,53.47,12.15,1006.67,Clear
2024-01-03,Pune,22.4,16.8,28.1,0.06,69.52,16.63,1005.47,Clear
2023-04-23,Pune,32.6,25.15,39.53,1.45,53.89,11.14,1006.98,Clear
2022-02-01,Hyderabad,21.73,16.83,26.71,0.59,73.62,13.59,1014.25,Clear
2023-01-01,Hyderabad,24.83,20.22,28.99,0.56,73.93,7.61,1022.1,Clear
2024-02-01,Chennai,29.14,23.12,35.2,0.82,48.37,13.49,1009.71,Clear
2022-09-28,Hyderabad,30.0,23.53,35.7,9.8,83.48,18.21,1016.71,Cloudy
2024-07-09,Bengaluru,33.76,29.18,39.22,23.57,89.01,14.3,1019.3,Rainy
2022-09-01,Hyderabad,25.63,16.67,33.24,20.81,89.99,9.24,1016.77,Rainy
2022-08-13,Mumbai,33.86,26.53,40.4,3.88,55.74,16.75,1024.95,Clear
2023-12-25,Mumbai,18.91,11.81,23.55,0.86,66.33,9.2,1012.81,Clear
2023-03-07,Chennai,28.04,23.61,33.08,1.82,53.27,13.45,1009.52,Clear
2022-02-15,Pune,24.7,19.6,28.73,0.39,75.06,16.13,1009.39,Clear
2022-02-19,Chennai,22.29,16.62,28.25,1.34,65.17,5.45,1007.89,Clear
2022-03-16,Chennai,32.12,26.49,39.39,1.54,48.54,12.84,1005.13,Clear
2024-02-18,Chennai,28.11,19.53,35.38,2.35,61.99,12.0,1019.76,Clear
2023-07-25,Delhi,37.9,29.15,45.33,17.75,62.91,12.9,1012.29,Rainy
2024-04-26,Mumbai,32.35,24.91,36.73,1.48,61.65,8.76,1016.28,Clear
2024-09-28,Bengaluru,27.91,21.78,33.31,10.88,72.99,3.45,1010.82,Rainy
2022-03-22,Chennai,25.06,18.37,32.96,0.85,51.96,13.36,1011.23,Clear
2023-10-21,Hyderabad,22.03,17.08,26.94,0.52,70.23,17.55,1019.09,Clear
2022-12-26,Delhi,17.35,9.61,22.01,0.52,79.11,11.77,1007.91,Cold
2024-01-07,Delhi,25.2,20.84,30.96,0.96,67.04,7.28,1009.5,Clear
2022-04-28,Mumbai,32.16,23.72,39.98,0.83,59.31,16.33,1007.75,Clear
2023-10-08,Mumbai,29.96,24.37,37.58,0.42,57.99,6.69,1015.4,Clear
2022-01-04,Mumbai,21.27,13.85,27.03,0.93,68.26,11.98,1010.85,Clear
2024-06-01,Bengaluru,34.37,25.77,39.31,0.89,46.61,7.63,1020.47,Clear
2023-04-13,Mumbai,37.4,31.44,42.35,2.37,57.24,15.26,1011.76,Hot
2022-01-06,Mumbai,22.72,16.78,27.81,0.92,60.37,8.48,1006.35,Clear
2024-08-16,Hyderabad,36.78,31.08,41.37,27.6,89.19,11.45,1013.82,Rainy
2024-07-08,Mumbai,36.96,29.94,44.82,9.1,,8.03,1006.4,Hot
2023-02-08,Delhi,19.03,10.73,26.78,2.06,74.56,12.32,1013.95,Clear
2024-11-02,Bengaluru,18.58,13.08,23.78,2.21,74.48,19.25,1001.59,Clear
2024-11-29,Mumbai,21.92,15.13,28.98,0.72,69.48,17.44,1011.05,Clear
2023-02-03,Delhi,22.78,15.82,26.96,0.4,72.42,9.91,1006.3,Clear
2022-08-31,Mumbai,30.28,24.88,35.11,9.91,71.99,10.76,1008.24,Clear
2023-05-09,Chennai,39.09,34.27,43.18,1.77,50.29,11.11,1013.59,Hot
2022-03-06,Pune,27.22,20.34,33.85,0.98,67.08,11.45,1015.9,Clear
2023-11-10,Delhi,18.79,13.5,26.57,1.79,80.16,13.4,1009.41,Cloudy
2023-03-24,Bengaluru,21.7,17.31,26.18,1.06,86.63,7.89,1010.97,Cloudy
2022-07-25,Delhi,33.79,27.21,41.21,6.38,56.39,10.6,1013.66,Clear
2022-08-18,Bengaluru,31.04,24.99,35.53,6.16,73.27,14.18,1012.57,Clear
2022-05-14,Bengaluru,32.06,27.16,37.38,0.45,53.29,19.24,1019.01,Clear
2023-01-07,Delhi,17.51,8.7,23.24,1.1,73.18,12.19,1011.0,Cold
2023-05-25,Pune,33.27,28.72,40.26,2.09,55.86,12.15,1005.99,Clear
2024-06-03,Chennai,37.91,30.29,43.96,51.09,98.0,16.16,1012.29,Heavy Rain
2022-05-13,Delhi,34.66,29.45,41.1,2.25,52.62,12.92,1010.63,Clear
2023-06-02,Delhi,35.09,29.68,40.87,1.17,56.21,17.97,1006.26,Hot
2022-11-02,Chennai,23.55,16.21,30.83,1.3,65.53,13.05,1015.97,Clear
2022-08-05,Pune,30.2,21.2,34.48,20.79,90.74,17.71,1013.86,Rainy
2022-06-10,Bengaluru,31.38,22.41,38.24,34.68,98.0,9.41,1013.47,Rainy
2023-06-09,Bengaluru,32.74,28.54,39.72,13.12,66.05,7.33,1019.45,Rainy
2023-10-16,Chennai,25.39,19.08,32.83,0.17,60.68,13.81,1006.38,Clear
2022-06-20,Delhi,39.97,32.89,45.98,39.14,98.0,7.15,1010.52,Heavy Rain
2024-05-29,Pune,34.18,26.47,41.03,2.19,69.3,15.37,1018.49,Clear
2022-08-15,Bengaluru,32.03,26.24,39.67,1.64,78.9,8.4,1013.63,Clear
2023-10-28,Pune,21.04,12.15,28.83,0.38,68.9,14.44,1011.28,Clear
2024-10-14,Hyderabad,18.35,14.29,24.79,1.17,96.93,17.15,1009.65,Cloudy
2023-07-02,Delhi,33.64,26.93,40.71,2.19,65.21,2.29,1015.83,Clear
2023-10-24,Chennai,24.69,16.13,28.83,0.99,64.09,14.38,1004.8,Clear
2022-10-08,Delhi,26.7,19.98,32.75,0.88,70.01,12.66,1015.37,Clear
2023-12-21,Bengaluru,22.85,14.52,30.34,3.14,69.69,9.42,1000.76,Clear
2022-12-01,Hyderabad,19.19,10.82,24.36,0.2,65.96,4.44,1003.37,Clear
2023-02-02,Pune,25.18,17.1,29.63,1.87,75.67,4.91,1013.71,Clear
2024-07-07,Bengaluru,31.19,26.28,37.15,10.46,73.94,13.1,1016.16,Rainy
2024-11-28,Pune,20.94,14.06,28.62,1.12,70.12,14.68,1009.9,Clear
2022-03-15,Pune,28.44,23.6,35.31,0.91,62.56,12.47,1001.5,Clear
2023-04-17,Chennai,31.14,26.59,37.75,1.58,56.95,13.14,1013.12,Clear
2022-08-21,Mumbai,34.45,28.22,40.29,12.99,78.01,9.86,1011.55,Rainy
2022-03-08,Mumbai,27.29,21.4,31.37,0.31,57.45,18.75,1016.41,Clear
2023-05-23,Pune,34.99,27.59,39.98,0.13,44.44,7.2,1018.37,Clear
2024-12-27,Delhi,16.79,10.54,21.4,2.89,75.9,17.42,1008.56,Cold
2022-11-05,Bengaluru,25.01,16.4,31.95,1.18,76.63,2.0,1011.21,Clear
2022-09-06,Hyderabad,28.35,22.58,34.03,18.94,85.22,4.19,1006.5,Rainy
2022-05-06,Mumbai,37.33,31.6,43.81,0.55,49.9,9.9,1011.34,Hot
2024-08-24,Hyderabad,31.1,22.44,38.81,35.28,98.0,14.28,1006.24,Heavy Rain
2022-07-20,Pune,35.61,27.73,41.09,10.67,62.41,7.99,1018.1,Rainy
2024-05-30,Pune,34.7,26.54,42.11,1.22,62.16,11.85,1018.41,Clear
2023-04-18,Chennai,32.06,25.98,36.09,0.56,56.4,5.03,1018.23,Clear
2023-03-02,Chennai,26.84,20.98,33.21,0.01,53.97,14.18,1015.83,Clear
2024-09-06,Pune,30.55,26.28,34.86,33.62,98.0,9.15,1013.88,Rainy
2022-07-16,Hyderabad,36.31,32.16,40.96,28.15,71.42,12.31,1007.77,Rainy
2024-01-20,Chennai,28.58,23.32,33.13,1.8,66.93,12.13,1005.37,Clear
2024-06-13,Delhi,33.2,26.08,37.97,8.0,59.26,8.54,1016.36,Clear
2022-08-21,Chennai,37.82,30.96,44.18,22.07,78.1,11.91,1003.86,Rainy
2022-02-27,Bengaluru,23.28,19.02,28.45,0.08,65.69,15.03,1005.76,Clear
2023-02-09,Chennai,32.32,23.59,38.32,0.19,59.4,15.13,1008.29,Clear
2023-08-29,Delhi,31.52,24.33,37.69,1.08,56.22,2.0,1019.27,Clear
2024-07-07,Mumbai,31.62,26.04,35.96,6.81,61.33,7.01,1016.18,Clear
2023-07-05,Pune,35.19,29.59,39.81,2.42,54.69,16.11,1010.92,Hot
2024-01-09,Hyderabad,18.22,10.47,23.47,2.59,87.52,11.22,1013.03,Cloudy
2024-01-13,Hyderabad,20.13,11.26,26.96,3.01,89.76,9.71,1017.39,Cloudy
2023-08-18,Hyderabad,31.21,24.1,36.56,5.78,62.42,16.88,1015.67,Clear
2024-11-13,Hyderabad,22.89,15.6,30.24,1.24,59.0,12.98,1013.02,Clear
2022-08-26,Hyderabad,29.01,20.22,36.29,3.97,67.36,14.54,1011.95,Clear
2022-12-31,Mumbai,22.43,14.65,28.2,1.33,61.37,9.79,1015.52,Clear
2024-12-31,Delhi,22.38,17.72,28.13,0.13,78.28,6.26,1014.25,Clear
2024-10-26,Pune,22.77,16.71,29.56,0.1,68.8,12.2,1007.73,Clear
2024-04-15,Bengaluru,27.95,21.68,35.13,0.27,64.55,14.09,1012.42,Clear
2022-07-05,Hyderabad,36.09,27.72,42.84,7.26,55.36,13.36,1008.48,Hot
2023-06-10,Mumbai,42.86,37.84,48.03,10.65,65.83,11.65,1014.74,Rainy
2023-03-14,Hyderabad,24.33,15.77,30.49,0.03,68.57,15.08,1016.31,Clear
2022-02-25,Mumbai,22.8,14.03,29.22,1.11,77.39,18.17,1007.86,Clear
2023-10-01,Mumbai,29.07,24.43,34.78,2.12,56.2,12.06,1007.13,Clear
2022-10-30,Mumbai,22.37,17.41,30.04,2.61,62.18,12.13,1013.07,Clear
2023-07-29,Delhi,30.57,22.3,36.56,18.38,69.62,18.2,1015.85,Rainy
2022-06-30,Pune,37.35,30.22,41.56,30.68,91.08,10.38,1017.15,Rainy
2022-12-03,Hyderabad,20.71,15.74,25.19,6.91,83.63,16.06,1013.41,Cloudy
2024-08-17,Pune,24.71,19.29,32.32,24.52,98.0,12.89,1017.25,Rainy
2024-09-19,Hyderabad,32.29,25.67,40.04,7.43,67.15,11.68,1016.29,Clear
2024-02-01,Hyderabad,25.12,20.35,32.36,2.94,68.71,8.09,1011.55,Clear
2022-02-18,Hyderabad,27.35,23.12,34.55,1.22,52.93,11.48,1026.45,Clear
2022-12-23,Bengaluru,16.37,8.12,23.88,0.88,69.46,14.83,1006.37,Cold
2024-05-05,Bengaluru,31.46,26.03,35.65,0.41,58.28,9.64,1019.98,Clear
2023-11-18,Delhi,23.9,17.19,31.43,0.77,65.58,7.75,1005.74,Clear
2024-07-03,Bengaluru,32.71,27.93,39.24,29.94,96.6,12.65,1010.22,Rainy
2024-03-02,Hyderabad,24.09,18.85,28.63,3.67,76.56,12.16,1011.06,Clear
2022-04-05,Delhi,29.73,25.66,35.64,1.12,62.51,10.52,1021.65,Clear
2022-03-11,Delhi,33.1,28.05,40.09,2.82,55.08,12.69,1020.33,Clear
2024-05-06,Hyderabad,33.75,28.22,40.37,5.4,59.69,11.01,1013.22,Clear
2022-04-15,Delhi,34.33,26.43,39.9,1.16,48.08,8.34,997.01,Clear
2023-10-20,Pune,20.88,15.96,28.46,0.24,76.44,13.84,1012.03,Clear
2024-03-24,Hyderabad,28.73,20.56,34.4,1.03,54.9,11.99,1009.4,Clear
2024-05-22,Pune,35.0,29.35,39.55,0.51,54.25,10.4,1021.45,Hot
2022-08-28,Chennai,40.36,34.67,44.97,18.37,68.14,14.22,1002.16,Rainy
2024-07-14,Delhi,31.76,25.19,36.02,17.76,81.59,17.61,1026.71,Rainy
2022-07-21,Delhi,39.5,31.63,43.5,11.96,64.54,10.65,1014.21,Rainy
2023-06-08,Mumbai,36.33,27.63,42.83,20.29,82.79,9.78,1011.35,Rainy
2022-02-14,Chennai,26.39,20.71,32.78,1.08,65.94,11.47,1010.28,Clear
2023-09-05,Bengaluru,25.21,19.64,31.4,8.42,82.05,2.0,1013.22,Cloudy
2023-10-29,Chennai,34.21,27.57,40.59,1.35,55.71,20.18,1017.01,Clear
2022-11-12,Hyderabad,18.39,11.18,25.06,0.91,87.77,13.12,1009.98,Cloudy
2022-04-16,Chennai,35.78,30.53,40.73,0.61,49.11,8.93,1018.2,Hot
2022-11-27,Chennai,28.77,20.81,36.41,1.95,67.47,14.17,1010.47,Clear
2024-07-19,Delhi,39.49,34.1,44.53,2.57,39.06,13.41,1013.71,Hot
2024-05-18,Bengaluru,31.19,24.75,38.2,0.62,51.23,2.43,1010.08,Clear
2024-05-23,Pune,33.71,28.11,40.51,0.47,56.27,14.62,1014.96,Clear
2023-11-03,Mumbai,24.64,19.69,30.48,0.35,60.27,16.19,1014.44,Clear
2024-06-19,Bengaluru,36.38,30.55,42.19,15.18,65.57,6.74,1015.93,Rainy
2023-10-29,Mumbai,24.03,16.41,29.28,1.0,62.86,2.0,1009.23,Clear
2022-08-13,Chennai,35.23,29.26,41.92,20.03,72.96,9.03,1005.68,Rainy
2024-03-02,Pune,26.34,21.17,33.05,0.36,62.3,9.65,1009.43,Clear
2024-12-10,Delhi,16.73,9.1,23.46,0.54,73.5,14.16,1006.75,Cold
2022-10-08,Mumbai,24.15,16.24,30.72,0.91,70.49,11.5,997.84,Clear
2023-09-16,Pune,33.27,27.58,38.8,20.16,84.19,14.57,1009.27,Rainy
2024-01-26,Delhi,19.45,13.15,27.07,0.89,83.67,7.52,1013.34,Cloudy
2022-03-13,Hyderabad,32.2,27.14,39.13,0.82,60.69,13.86,1017.87,Clear
2024-06-18,Mumbai,35.39,28.13,42.24,7.12,52.19,8.7,1017.96,Hot
2023-09-04,Mumbai,29.09,23.91,35.69,33.45,97.79,15.17,1009.15,Rainy
2024-01-31,Mumbai,23.1,17.05,30.22,0.53,73.72,5.08,1018.67,Clear
2024-03-21,Pune,25.5,17.81,31.42,2.32,70.93,15.09,1020.59,Clear
2024-01-25,Bengaluru,15.42,10.69,20.05,2.15,85.85,13.51,1011.11,Cold
2023-06-20,Bengaluru,37.97,29.35,44.5,0.8,44.39,12.99,1014.88,Hot
2024-04-30,Bengaluru,26.38,19.42,30.55,4.21,51.54,9.33,1009.6,Clear
2023-06-15,Bengaluru,32.17,23.65,37.3,12.6,75.82,10.9,1009.81,Rainy
2024-10-09,Bengaluru,26.95,21.97,31.0,0.14,59.74,13.78,1001.99,Clear
2022-03-31,Chennai,27.23,22.29,34.75,3.56,62.1,12.16,1015.53,Clear
2023-02-06,Delhi,16.72,10.78,23.52,0.49,79.24,7.97,1019.3,Cold
2024-05-26,Bengaluru,30.12,26.06,35.75,0.38,47.22,17.93,1020.91,Clear
2024-04-19,Delhi,30.2,21.92,38.05,0.55,60.98,18.0,1012.23,Clear
2022-10-19,Bengaluru,18.31,12.86,24.74,0.13,75.39,18.14,1017.29,Clear
2023-10-03,Delhi,24.13,17.21,30.0,1.42,71.54,16.87,1013.06,Clear
2024-12-01,Hyderabad,20.98,12.67,26.9,2.79,71.35,15.26,1013.26,Clear
2022-07-04,Bengaluru,34.81,27.76,39.17,5.98,70.9,12.73,1013.25,Clear
2022-05-18,Mumbai,43.15,36.52,50.08,0.56,31.38,9.88,1015.09,Hot
2023-05-24,Hyderabad,38.42,30.11,43.06,0.42,43.6,15.48,1010.84,Hot
2024-12-20,Pune,20.76,15.87,26.38,2.19,74.61,10.21,1016.26,Clear
2024-10-29,Pune,23.79,15.63,29.78,2.29,82.55,10.2,1001.95,Cloudy
2024-09-12,Delhi,27.42,21.42,34.76,25.26,98.0,11.83,1015.7,Rainy
2023-04-16,Hyderabad,30.58,23.9,36.29,1.75,56.13,5.58,1004.91,Clear
2022-09-11,Hyderabad,29.31,24.68,34.73,13.09,80.18,3.68,1018.03,Rainy
2024-01-02,Hyderabad,23.12,16.78,30.4,6.96,97.34,14.67,1016.08,Cloudy
2022-09-19,Chennai,32.16,27.96,39.86,8.85,66.64,13.24,1013.27,Clear
2024-08-31,Bengaluru,30.43,26.06,34.79,25.46,93.79,16.1,1017.75,Rainy
2024-11-22,Bengaluru,20.65,15.45,27.7,0.97,81.63,19.8,1008.73,Cloudy
2022-08-24,Pune,33.64,28.56,38.7,18.67,74.98,14.51,1013.79,Rainy
2024-07-10,Pune,34.28,28.65,39.89,17.39,82.51,12.47,1006.98,Rainy
2022-06-08,Hyderabad,32.33,25.26,39.05,12.78,65.32,6.99,1006.04,Rainy
2022-10-18,Delhi,21.82,17.5,28.43,0.45,71.39,12.53,1015.12,Clear
2022-09-20,Pune,24.55,19.83,31.0,5.52,72.03,10.27,1006.44,Clear
2022-08-22,Pune,30.38,22.76,34.62,4.62,65.44,11.76,1012.24,Clear
2024-10-20,Chennai,26.74,20.78,33.05,5.11,75.0,2.03,1017.35,Clear
2024-11-20,Pune,23.89,18.63,29.0,1.11,71.61,14.81,1016.97,Clear
2022-05-27,Hyderabad,31.32,24.47,36.13,0.07,49.97,18.81,1013.12,Clear
2024-10-23,Pune,26.66,22.44,33.73,1.35,75.51,10.08,1008.52,Clear
2022-10-17,Hyderabad,28.93,24.84,35.11,1.35,62.07,15.8,1010.46,Clear
2023-11-25,Bengaluru,22.29,14.47,26.56,3.3,71.21,11.23,1020.88,Clear
2022-06-06,Pune,35.51,27.08,42.2,18.08,74.03,13.52,1019.73,Rainy
2024-12-22,Delhi,21.41,14.13,29.4,5.89,76.72,8.98,1001.07,Clear
2022-03-28,Bengaluru,30.35,23.94,37.87,1.25,52.49,5.56,1015.61,Clear
2023-09-15,Delhi,18.1,9.47,25.18,28.25,98.0,10.41,1010.07,Rainy
2022-12-02,Hyderabad,22.34,16.64,26.46,1.08,75.16,18.35,1012.51,Clear
2024-01-23,Pune,17.07,12.74,22.93,0.19,90.22,9.25,1017.49,Cold
2023-04-20,Hyderabad,30.52,24.58,34.72,4.48,71.35,8.89,1011.05,Clear
2024-04-25,Delhi,35.68,27.09,42.82,2.95,52.94,12.23,1016.45,Hot
2023-01-24,Mumbai,22.21,18.08,28.01,1.74,73.55,8.43,1007.93,Clear
2022-08-24,Mumbai,33.94,28.44,40.34,9.14,72.64,8.54,1014.14,Clear
2024-12-13,Mumbai,21.59,14.99,26.15,0.1,70.84,19.7,1006.48,Clear
2024-06-07,Pune,35.45,28.93,42.84,14.8,78.51,16.01,1012.0,Rainy
2024-12-11,Bengaluru,15.04,6.88,21.06,5.24,98.0,16.79,1008.94,Cold
2023-11-06,Bengaluru,18.67,13.58,24.88,2.25,78.07,17.25,1015.48,Clear
2024-02-10,Mumbai,28.15,23.68,35.18,4.07,80.03,13.35,1007.04,Cloudy
2024-12-05,Pune,22.47,14.17,30.35,1.32,78.22,17.98,1006.9,Clear
2022-05-30,Hyderabad,38.17,31.6,43.28,1.37,57.38,12.34,1012.66,Hot
2023-11-05,Mumbai,23.46,14.62,29.62,2.47,70.58,11.77,1008.32,Clear
2022-09-07,Mumbai,26.57,22.51,32.26,12.68,98.0,10.06,1002.2,Rainy
2023-04-24,Pune,30.92,25.0,37.88,0.2,54.39,12.26,1012.99,Clear
2022-05-12,Bengaluru,30.18,22.98,36.16,0.69,61.31,13.54,1017.67,Clear
2024-09-12,Pune,27.74,18.88,32.04,24.56,98.0,5.42,1009.93,Rainy
2023-12-29,Pune,18.48,12.57,23.01,1.79,84.47,12.16,1009.55,Cloudy
2023-09-13,Chennai,34.0,27.5,39.86,6.93,65.11,11.09,1010.0,Clear
2024-12-09,Chennai,20.26,15.59,24.47,3.69,68.1,9.6,1016.53,Clear
2022-06-10,Hyderabad,33.32,28.29,38.07,11.28,58.07,16.79,1007.96,Rainy
2022-03-27,Chennai,31.9,24.41,38.15,0.41,52.63,8.15,1014.67,Clear
2023-12-18,Mumbai,20.96,16.39,28.44,2.7,73.35,7.18,1017.0,Clear
2023-01-31,Chennai,29.2,24.17,35.64,1.13,69.3,8.86,1014.33,Clear
2023-11-05,Chennai,23.76,16.19,29.48,0.73,74.71,11.12,1002.05,Clear
2024-08-10,Pune,33.69,26.44,38.49,20.79,91.53,10.49,1014.4,Rainy
2024-05-30,Hyderabad,32.09,25.28,36.49,4.11,63.35,15.6,1009.5,Clear
2024-06-09,Bengaluru,36.42,28.43,42.85,9.13,72.45,12.95,1013.04,Hot
2023-03-02,Hyderabad,25.52,20.03,33.14,2.46,79.84,21.6,1015.25,Clear
2023-06-17,Delhi,29.64,23.89,34.0,5.29,63.17,7.73,1011.24,Clear
2023-04-22,Chennai,33.19,25.63,38.35,1.91,52.0,11.02,1015.13,Clear
2022-12-31,Pune,20.6,13.14,25.61,0.87,82.12,14.59,1012.41,Cloudy
2023-07-27,Pune,34.39,25.9,42.31,9.43,66.68,14.69,1013.47,Clear
2023-07-19,Delhi,34.45,27.68,41.16,12.32,58.36,7.09,1012.22,Rainy
2024-06-23,Pune,34.57,26.99,39.97,12.42,69.58,10.57,1002.53,Rainy
2022-07-07,Hyderabad,31.42,26.1,37.46,18.32,80.69,9.18,1011.26,Rainy
2022-08-18,Hyderabad,33.44,29.44,39.2,6.9,48.65,14.73,1011.81,Clear
2023-02-09,Mumbai,29.25,21.14,35.16,0.75,67.82,9.93,1006.61,Clear
2023-01-20,Mumbai,21.16,14.87,26.56,2.05,79.64,11.89,1008.72,Clear
2023-05-17,Chennai,41.49,33.83,46.76,1.07,40.49,19.69,1020.66,Hot
2024-11-22,Pune,25.41,18.36,30.28,3.86,75.03,9.75,1017.61,Clear
2023-06-22,Pune,37.11,30.82,42.48,1.47,46.72,15.67,1002.23,Hot
2023-07-15,Chennai,43.03,37.82,47.78,5.79,42.86,11.12,1009.05,Hot
2022-04-11,Chennai,34.46,28.58,40.34,2.1,63.52,13.74,1016.34,Clear
2023-02-05,Hyderabad,20.44,12.47,27.97,2.26,78.98,13.66,1013.75,Clear
2023-09-30,Bengaluru,32.46,24.47,39.45,27.56,83.67,9.23,1005.42,Rainy
2024-08-10,Hyderabad,32.28,25.3,39.89,3.92,52.09,5.57,1012.17,Clear
2024-05-20,Bengaluru,31.47,22.53,38.94,1.31,66.42,13.72,1003.73,Clear
2023-07-19,Hyderabad,32.1,27.99,39.73,10.15,81.02,16.05,1006.02,Rainy
2024-09-01,Hyderabad,24.45,17.11,29.3,18.2,98.0,16.3,1013.12,Rainy
2022-08-12,Mumbai,40.19,35.77,47.72,4.43,52.52,12.02,1013.33,Hot
2022-01-02,Delhi,20.98,14.96,28.2,3.86,76.0,8.77,1015.79,Clear
2024-08-02,Delhi,37.22,28.44,43.58,8.63,61.3,11.99,1019.09,Hot
2022-03-27,Hyderabad,25.12,17.28,31.21,0.53,66.97,4.7,1011.95,Clear
2023-12-30,Pune,20.5,11.64,25.05,2.62,76.53,17.71,1012.84,Clear
2023-07-31,Chennai,34.87,28.27,41.77,22.48,86.72,8.64,1013.82,Rainy
2024-01-11,Hyderabad,18.39,14.06,23.74,0.59,73.14,12.13,1006.63,Clear
2023-08-12,Hyderabad,38.67,33.91,46.4,3.28,57.09,15.02,1021.78,Hot
2024-03-08,Mumbai,28.79,22.29,36.15,3.18,68.83,5.33,1004.53,Clear
2023-11-11,Delhi,21.09,14.51,26.87,2.99,71.81,11.6,1011.02,Clear
2022-01-10,Mumbai,15.21,11.09,19.64,2.82,73.98,16.17,1016.52,Cold
2024-04-28,Pune,33.12,24.49,37.37,0.35,55.85,8.84,1010.59,Clear
2024-01-13,Pune,22.64,15.81,27.54,3.66,77.88,9.7,1008.76,Clear
2023-02-25,Hyderabad,21.09,15.96,28.38,0.62,70.53,15.24,1011.29,Clear
2022-09-13,Mumbai,27.57,21.14,31.68,15.93,84.33,13.64,1006.51,Rainy
2022-08-22,Chennai,31.34,26.85,38.36,2.69,61.55,7.82,1014.84,Clear
2022-04-12,Hyderabad,34.24,25.68,40.91,0.26,38.84,14.08,1008.43,Clear
2023-04-04,Chennai,34.8,26.96,40.29,1.16,51.5,12.01,1012.65,Clear
2023-05-01,Pune,43.61,37.92,47.9,1.47,43.35,13.87,1018.51,Hot
2024-02-04,Delhi,22.15,13.25,27.01,3.52,79.07,11.27,1010.77,Clear
2024-07-13,Mumbai,36.8,30.84,41.12,13.37,61.66,5.6,1002.46,Rainy
2022-12-20,Chennai,26.7,20.73,32.17,2.68,65.26,10.67,1014.16,Clear
2022-11-13,Delhi,17.87,13.62,23.78,0.4,70.45,17.69,1013.04,Cold
2023-10-03,Hyderabad,27.1,22.29,34.68,0.13,65.37,8.19,1006.29,Clear
2024-07-25,Hyderabad,34.24,25.69,40.62,20.2,84.88,13.62,1017.04,Rainy
2023-05-03,Bengaluru,31.16,23.8,38.96,0.14,49.24,12.06,1003.3,Clear
2023-03-28,Hyderabad,28.14,21.04,33.95,0.17,66.76,15.25,1005.22,Clear
2024-04-28,Bengaluru,30.76,23.12,34.76,1.45,65.53,8.6,1014.02,Clear
2023-08-04,Hyderabad,29.86,23.41,37.66,7.51,73.04,5.27,1012.21,Clear
2023-08-11,Delhi,29.16,23.37,34.5,24.12,98.0,14.98,1020.1,Rainy
2023-06-24,Mumbai,37.36,32.05,43.05,11.12,59.28,4.59,1015.92,Rainy
2023-07-08,Delhi,31.2,23.09,38.32,15.1,82.34,7.11,1010.14,Rainy
2023-03-21,Chennai,34.6,29.51,38.65,2.46,45.26,6.7,1012.82,Clear
2024-08-22,Chennai,29.02,20.42,33.55,23.3,97.99,18.83,1007.65,Rainy
2024-12-19,Hyderabad,17.3,11.5,21.57,1.27,78.34,11.14,1013.75,Cold
2022-02-19,Pune,19.91,13.44,24.13,1.39,88.19,5.79,1012.7,Cloudy
2024-01-14,Hyderabad,19.7,14.96,27.33,0.46,70.36,14.46,1009.67,Clear
2022-03-26,Hyderabad,29.85,22.37,37.8,0.85,60.11,12.96,1019.67,Clear
2023-10-30,Mumbai,29.93,23.71,35.43,2.01,44.92,13.56,1000.9,Clear
2024-04-07,Delhi,28.69,22.72,35.65,1.8,54.34,13.16,1012.28,Clear
2022-12-24,Mumbai,23.79,18.43,30.56,1.44,68.61,7.3,1007.52,Clear
2023-11-11,Hyderabad,24.84,20.05,29.62,3.68,65.37,18.87,1007.17,Clear
2023-10-02,Delhi,22.09,14.8,29.76,2.73,69.27,19.16,1010.01,Clear
2023-08-15,Delhi,32.49,26.78,39.13,15.26,69.9,8.25,1006.02,Rainy
2022-09-15,Pune,24.27,15.65,31.32,9.07,84.41,13.22,1010.0,Cloudy
2024-01-18,Hyderabad,16.38,10.11,21.93,3.48,77.47,8.98,1009.83,Cold
2023-04-16,Mumbai,35.3,26.97,39.54,2.08,50.92,7.72,1000.95,Hot
2023-05-27,Delhi,28.2,21.16,35.01,0.48,48.74,17.68,1012.59,Clear
2022-02-12,Bengaluru,21.23,14.71,27.02,1.71,86.87,5.87,1011.96,Cloudy
2022-12-16,Bengaluru,18.07,12.24,22.81,0.67,78.02,12.74,1008.09,Clear
2022-10-28,Pune,22.42,18.39,28.45,4.01,76.41,12.87,1015.55,Clear
2022-10-24,Bengaluru,22.33,16.56,28.49,,79.36,16.57,1008.47,Clear
2023-03-08,Chennai,30.07,21.49,34.11,0.86,53.77,8.34,1008.04,Clear
2024-05-28,Hyderabad,36.28,28.78,41.21,4.88,47.81,9.21,1015.68,Hot
2022-06-15,Chennai,36.69,28.63,42.34,2.6,58.67,8.2,1023.87,Hot
2022-03-30,Bengaluru,28.1,19.47,32.47,0.47,61.38,14.99,1011.42,Clear
2022-06-10,Pune,32.92,26.12,38.51,8.41,66.84,3.53,1011.95,Clear
2022-08-13,Bengaluru,32.64,24.96,37.8,19.8,98.0,16.44,1011.1,Rainy
2022-06-21,Chennai,40.1,34.66,46.93,6.68,51.31,9.01,1009.34,Hot
2022-10-26,Chennai,21.03,16.39,25.75,1.1,81.4,6.98,1010.72,Cloudy
2022-06-04,Pune,37.82,31.64,44.98,7.21,62.68,11.77,1009.13,Hot
2022-11-12,Chennai,20.77,12.83,26.5,0.5,66.29,6.95,1014.75,Clear
2024-08-22,Hyderabad,34.5,27.46,40.8,1.93,49.92,13.03,1014.99,Clear
2024-05-10,Chennai,44.48,39.85,51.79,1.17,28.11,12.71,1007.12,Hot
2024-10-07,Bengaluru,24.0,19.75,28.8,2.61,59.14,7.37,1009.74,Clear
2024-12-28,Delhi,21.26,13.8,28.18,0.98,69.1,10.03,1007.09,Clear
2024-01-12,Delhi,14.9,9.35,19.4,2.9,82.87,12.27,1008.79,Cold
2024-06-06,Bengaluru,33.15,24.79,39.59,12.26,,4.3,1011.69,Rainy
2024-06-03,Hyderabad,35.52,29.62,42.8,30.5,98.0,11.7,1016.7,Rainy
2023-06-11,Hyderabad,36.08,31.38,41.61,2.64,58.3,16.2,1015.35,Hot
2024-01-27,Pune,18.94,11.54,24.97,0.41,78.43,10.85,1006.79,Clear
2023-11-20,Chennai,31.14,25.49,38.67,5.53,54.54,12.29,1011.84,
2024-08-02,Chennai,33.75,26.47,38.51,19.09,81.51,16.87,1013.07,Rainy
2024-10-06,Pune,20.49,13.84,28.42,2.08,85.74,9.52,1013.47,Cloudy
2022-05-14,Mumbai,34.03,28.82,41.97,1.23,70.13,11.91,1014.62,Clear
2024-05-02,Hyderabad,31.56,22.88,38.9,5.88,77.02,6.65,1017.82,Clear
2023-10-08,Hyderabad,28.75,20.32,36.42,0.12,56.92,12.51,1014.37,Clear
2024-07-17,Mumbai,35.85,30.58,40.91,28.44,86.57,16.65,1017.34,Rainy
2024-04-03,Mumbai,36.5,30.88,41.84,1.34,49.91,10.06,1011.77,Hot
2023-05-23,Chennai,42.67,37.76,47.82,0.76,43.28,13.41,1013.04,Hot
2023-03-12,Pune,26.64,21.0,34.12,2.18,60.41,18.08,1010.43,Clear
2022-04-29,Pune,35.45,28.09,39.58,1.94,46.72,19.0,1009.11,Hot
2023-05-20,Mumbai,37.89,30.12,42.89,1.28,49.6,9.75,1004.89,Hot
2024-09-24,Bengaluru,28.34,23.2,34.17,5.49,69.84,13.72,1021.02,Clear
2024-06-19,Pune,38.55,30.2,45.65,12.23,63.14,11.4,1006.42,Rainy
2024-05-30,Delhi,38.48,29.95,44.35,0.93,45.79,13.95,1012.46,Hot
2024-05-12,Pune,34.44,28.92,41.54,3.29,54.92,20.83,1012.63,Clear
2022-10-16,Pune,25.88,18.76,33.15,1.39,60.34,9.87,1021.48,Clear
2024-06-13,Mumbai,39.4,33.75,47.25,10.61,65.15,9.48,1016.32,Rainy
2023-06-25,Hyderabad,35.18,31.03,40.99,16.61,82.81,6.67,1012.31,Rainy
2023-04-01,Mumbai,35.52,27.37,39.84,4.69,63.92,13.73,1008.47,Hot
2022-10-27,Chennai,27.29,21.49,33.19,0.1,59.17,7.7,1016.45,Clear
2023-09-21,Chennai,34.03,27.14,40.12,18.08,79.98,13.29,1022.58,Rainy
2023-02-26,Bengaluru,22.2,13.21,30.02,3.17,79.96,3.48,1005.07,Clear
2023-08-27,Chennai,35.26,27.13,39.33,14.77,77.89,11.63,1018.42,Rainy
2023-04-11,Hyderabad,29.34,23.64,33.59,0.57,60.71,14.49,1015.67,Clear
2022-12-31,Hyderabad,22.21,17.75,29.03,0.65,69.85,5.5,1010.97,Clear
2024-09-07,Bengaluru,22.78,15.71,29.53,18.72,94.37,14.62,1012.1,Rainy
2022-08-23,Bengaluru,27.35,20.38,33.68,8.69,70.0,8.32,1010.56,Clear
2024-04-26,Bengaluru,35.29,30.88,42.32,0.22,54.11,11.86,1020.61,Hot
2022-11-11,Bengaluru,21.0,16.5,28.19,1.31,83.25,8.55,1012.89,Cloudy
2023-12-15,Mumbai,20.65,13.83,28.42,1.56,67.11,12.79,1011.95,Clear
2024-06-17,Bengaluru,36.84,28.27,43.69,12.65,71.8,13.95,1010.03,Rainy
2022-01-23,Delhi,22.84,18.65,27.04,2.88,62.61,17.59,1016.3,Clear
2024-07-06,Hyderabad,37.81,31.87,44.57,19.58,77.79,16.54,1011.36,Rainy
2024-01-02,Delhi,25.57,20.19,31.85,2.13,66.13,16.9,1007.79,Clear
2023-12-16,Pune,19.33,11.17,26.73,1.19,70.92,11.13,1016.15,Clear
2022-07-18,Bengaluru,32.31,24.6,36.85,9.45,60.47,6.6,1009.43,Clear
2024-08-07,Delhi,33.18,26.48,38.81,36.85,98.0,17.34,1010.24,Heavy Rain
2024-01-02,Pune,26.74,21.07,33.0,2.81,72.14,9.47,1019.03,Clear
2022-03-01,Pune,27.5,19.2,31.81,1.28,56.33,15.8,1007.06,Clear
2022-08-17,Pune,33.29,27.27,37.36,23.15,78.9,13.79,1014.72,Rainy
2024-10-21,Bengaluru,22.26,17.88,28.4,1.87,81.69,25.64,1016.49,Cloudy
2023-05-26,Mumbai,37.03,29.05,43.99,0.03,48.15,7.22,1010.9,Hot
2023-08-08,Pune,27.22,21.23,33.94,18.32,81.32,9.07,1007.7,Rainy
2023-05-15,Mumbai,41.88,36.28,48.27,1.3,41.77,10.17,1011.2,Hot
2023-05-12,Chennai,41.9,35.84,49.57,3.71,39.63,14.23,1018.59,Hot
2024-01-31,Pune,25.45,16.48,31.27,3.04,73.58,12.59,1017.69,Clear
2022-10-20,Pune,21.33,15.14,27.65,1.38,76.08,4.04,1010.19,Clear
2022-05-16,Chennai,35.84,29.79,40.79,0.08,50.45,8.41,1016.17,Hot
2023-03-08,Bengaluru,31.32,25.86,38.43,1.23,68.16,12.96,1014.97,Clear
2022-07-14,Delhi,37.41,29.29,44.98,10.4,75.95,9.3,1003.96,Rainy
2022-03-03,Chennai,30.93,24.06,38.22,2.79,56.75,11.05,1005.02,Clear
2024-11-10,Delhi,13.6,6.88,21.39,1.66,97.42,10.68,1011.15,Cold
2023-03-21,Pune,27.52,18.59,35.07,0.75,72.32,12.2,1015.48,Clear
2022-05-02,Pune,32.89,24.95,39.07,0.09,52.38,9.69,1015.49,Clear
2023-05-05,Delhi,33.65,28.46,40.76,0.2,55.59,9.9,1014.86,Clear
2024-03-12,Delhi,26.55,18.77,31.95,1.59,72.21,7.65,1009.59,Clear
2022-02-02,Chennai,31.31,26.42,37.85,0.29,61.29,17.71,1003.88,Clear
2022-04-06,Pune,30.84,24.07,37.71,1.83,58.09,15.31,1010.71,Clear
2022-10-20,Chennai,30.03,21.46,34.22,2.99,66.9,10.49,1009.93,Clear
2024-06-28,Hyderabad,31.89,25.0,37.76,42.66,98.0,18.72,1018.14,Heavy Rain
2023-03-23,Pune,27.93,21.62,33.61,0.61,69.97,13.4,1005.84,Clear
2022-01-14,Bengaluru,18.57,12.16,23.66,1.38,76.89,11.57,1004.42,Clear
2022-02-06,Bengaluru,24.0,18.5,30.96,1.59,68.0,16.01,1008.37,Clear
2022-12-14,Delhi,19.87,12.58,24.97,0.67,80.19,16.38,1013.67,Cloudy
2024-08-11,Mumbai,31.9,27.64,36.91,9.76,70.01,10.81,1015.17,Clear
2023-04-08,Hyderabad,33.07,26.38,40.72,2.26,55.16,13.54,1008.24,Clear
2024-11-08,Bengaluru,17.53,11.06,24.66,0.5,90.36,15.49,1005.35,Cold
2024-01-03,Mumbai,21.75,15.73,28.34,1.46,62.2,16.34,1011.23,Clear
2023-06-15,Chennai,39.96,32.55,47.96,17.12,76.77,6.74,1008.38,Rainy
2022-03-02,Pune,22.94,18.81,29.94,3.04,70.66,16.76,1017.11,Clear
2023-09-20,Chennai,32.34,25.48,39.72,2.63,50.99,6.38,1014.12,Clear
2022-01-07,Bengaluru,19.73,12.99,24.45,0.39,59.72,15.64,1008.68,
2024-03-01,Delhi,32.29,27.63,36.71,0.39,60.17,17.67,1011.99,Clear
2024-07-10,Hyderabad,36.45,31.64,43.04,18.67,75.62,12.6,1011.8,Rainy
2024-02-17,Hyderabad,24.06,18.41,28.92,3.97,53.71,10.66,1018.57,Clear
2024-11-26,Pune,20.24,14.16,27.4,0.04,59.99,16.36,1013.25,Clear
2024-11-28,Mumbai,26.59,22.56,34.52,0.22,71.97,14.1,1003.27,Clear
2023-03-01,Delhi,25.61,20.64,30.87,2.48,70.7,14.08,1009.71,Clear
2022-03-13,Pune,29.91,21.29,37.02,5.57,70.63,8.49,1019.08,Clear
2024-10-27,Delhi,19.79,15.26,24.58,2.67,82.0,10.92,1017.81,Cloudy
2022-12-15,Bengaluru,20.55,14.0,27.14,0.88,81.25,11.36,1012.1,Cloudy
2022-04-19,Chennai,39.42,32.49,43.7,7.21,53.95,8.99,1010.87,Hot
2024-01-17,Delhi,20.62,12.5,24.94,0.77,70.15,12.35,1017.63,Clear
2022-04-18,Hyderabad,34.65,30.18,39.97,0.89,67.99,11.52,1020.01,Clear
2024-08-06,Delhi,35.7,28.54,42.51,69.17,98.0,8.45,1001.59,Heavy Rain
2023-08-20,Hyderabad,34.75,26.51,39.32,3.36,46.42,3.18,1001.98,Clear
2022-05-24,Mumbai,36.78,28.42,42.56,1.66,52.44,11.65,1016.04,Hot
2024-11-27,Chennai,29.58,22.13,35.74,2.73,56.58,11.39,1010.16,Clear
2022-10-17,Bengaluru,19.07,10.07,24.38,1.56,76.04,16.35,1009.78,Clear
2023-07-17,Hyderabad,37.81,30.89,45.18,8.44,55.82,13.5,1013.99,Hot
2023-08-14,Delhi,30.68,23.31,38.56,3.93,67.02,3.8,1018.34,Clear
2023-12-19,Mumbai,19.31,13.04,27.26,1.09,71.77,4.0,1012.17,Clear
2023-12-25,Pune,24.98,19.42,32.03,0.65,80.95,9.27,1008.7,Cloudy
2022-11-07,Delhi,26.46,19.76,31.06,0.51,67.96,12.25,1012.56,Clear
2024-12-08,Bengaluru,16.08,8.94,23.06,1.07,78.66,5.06,1002.69,Cold
2024-06-02,Bengaluru,29.51,23.96,34.92,30.77,98.0,12.29,1011.73,Rainy
2023-01-31,Mumbai,24.53,18.02,29.51,6.89,73.43,13.87,1019.61,Clear
2022-09-09,Chennai,31.37,27.07,36.91,2.02,62.11,8.35,1015.48,Clear
2024-06-18,Chennai,37.78,28.91,42.78,17.46,67.03,11.73,1022.06,Rainy
2022-04-19,Hyderabad,31.83,26.33,36.57,1.16,52.23,11.59,1011.87,Clear
2022-09-27,Pune,24.75,15.98,31.88,13.91,98.0,11.79,1013.02,Rainy
2023-06-10,Chennai,32.02,24.42,39.72,23.53,88.82,12.99,1012.46,Rainy
2023-08-19,Mumbai,27.93,23.47,34.96,3.53,68.24,16.6,1013.48,Clear
2023-10-27,Bengaluru,22.9,15.58,28.72,0.19,76.52,18.28,1001.83,Clear
2024-10-05,Hyderabad,27.76,20.66,33.51,0.05,55.2,14.01,1016.24,Clear
2023-03-14,Chennai,31.33,23.13,35.68,0.42,51.71,8.44,1002.01,Clear
2023-08-08,Hyderabad,31.98,26.49,38.57,8.66,65.4,17.55,1009.06,Clear
2023-12-24,Delhi,20.08,11.31,26.46,0.32,86.74,13.91,1005.4,Cloudy
2022-05-15,Delhi,37.71,31.8,43.37,0.23,41.39,16.45,1016.28,Hot
2022-06-14,Chennai,36.64,28.3,44.6,7.54,57.77,14.47,1017.72,Hot
2023-04-24,Bengaluru,30.47,22.84,37.47,0.38,45.8,10.57,1010.82,Clear
2022-06-02,Bengaluru,33.93,29.7,38.35,4.44,39.65,8.47,1014.29,Clear
2023-07-18,Bengaluru,31.32,24.89,38.66,8.4,69.31,11.22,1010.01,Clear
2024-04-24,Bengaluru,27.15,18.71,34.94,3.53,67.8,10.16,1005.18,Clear
2023-07-20,Chennai,40.45,35.57,48.05,4.39,52.77,19.02,1012.53,Hot
2024-11-13,Pune,19.53,13.33,25.99,3.26,78.79,14.45,1018.22,Clear
2023-08-24,Chennai,36.61,30.09,44.14,22.16,87.46,17.71,1009.23,Rainy
2023-11-21,Hyderabad,16.53,12.35,22.93,2.27,70.87,9.66,1015.34,Cold
2023-04-21,Pune,35.66,26.72,42.04,3.64,52.07,8.97,1015.11,Hot
2024-03-02,Bengaluru,25.92,18.88,32.35,2.98,59.16,15.07,1010.49,Clear
2022-01-27,Pune,21.4,13.64,25.96,3.49,77.39,2.24,1011.08,Clear
2023-08-18,Delhi,33.16,26.27,38.12,18.27,84.9,16.65,1017.17,Rainy
2024-02-15,Delhi,25.75,19.96,31.68,1.13,61.2,14.94,1006.31,Clear
2022-11-09,Delhi,18.66,12.3,23.81,1.8,76.01,6.73,1014.07,Clear
2023-05-24,Chennai,43.17,38.68,50.48,0.94,32.59,12.12,1021.32,Hot
2022-06-27,Bengaluru,29.83,22.39,35.68,3.46,55.37,10.74,1015.14,Clear
2023-11-07,Mumbai,26.04,20.35,33.78,1.65,72.23,20.74,1008.57,Clear
2023-09-09,Delhi,27.5,19.16,34.24,6.22,71.96,11.07,1011.25,Clear
2022-03-02,Bengaluru,29.35,20.88,36.36,2.27,64.23,5.81,1006.91,Clear
2023-12-30,Mumbai,20.29,15.54,26.33,0.25,71.25,2.38,1004.72,Clear
2023-02-17,Mumbai,22.19,14.43,28.32,5.42,88.73,9.99,1010.51,Cloudy
2024-08-12,Delhi,32.53,23.93,37.97,11.88,70.29,13.24,1009.34,Rainy
2023-02-25,Pune,18.11,13.2,22.69,0.74,74.72,7.48,1009.55,Clear
2022-09-23,Chennai,36.83,29.52,43.44,25.9,87.69,14.31,1015.07,Rainy
2024-04-05,Mumbai,29.7,22.44,36.61,0.73,54.73,14.9,1014.24,Clear
2024-12-11,Delhi,11.71,6.21,19.5,1.09,90.9,12.34,1013.76,Cold
2023-11-18,Bengaluru,20.25,15.97,26.49,0.46,62.99,12.07,1019.74,Clear
2023-09-09,Mumbai,31.64,22.66,37.54,29.02,96.37,11.14,1016.69,Rainy
2022-04-25,Mumbai,32.01,27.17,39.97,3.71,71.39,9.45,1009.35,Clear
2023-02-22,Mumbai,29.78,24.98,34.47,4.71,61.55,11.22,1008.22,Clear
2024-05-27,Delhi,28.47,23.98,36.05,2.25,60.78,19.51,1014.46,Clear
2023-06-14,Pune,32.5,25.1,38.45,12.7,70.51,15.2,1014.67,Rainy
2024-11-24,Chennai,23.63,14.71,31.58,0.24,68.74,14.64,1015.07,Clear
2024-06-16,Bengaluru,35.28,28.81,42.29,5.28,63.38,10.85,1014.8,Hot
2023-12-06,Delhi,20.51,13.15,24.56,0.57,63.93,18.21,1013.07,Clear
2023-11-08,Chennai,25.08,18.91,29.37,3.67,74.93,9.61,1002.53,Clear
2024-09-13,Pune,34.82,30.2,39.51,25.9,97.85,10.68,1005.18,Rainy
2024-01-24,Mumbai,25.05,16.51,29.54,5.66,71.8,15.88,1008.12,Clear
2022-12-21,Delhi,18.69,11.42,23.0,1.27,71.46,4.42,1007.16,Clear
2023-11-13,Bengaluru,21.96,13.54,28.99,2.38,64.08,6.91,1001.45,Clear
2022-03-27,Bengaluru,26.02,20.43,32.08,0.4,67.65,17.22,1018.38,Clear
2022-09-04,Chennai,28.4,22.99,36.11,27.19,90.37,12.77,1019.91,Rainy
2024-03-30,Bengaluru,31.87,24.66,38.82,0.86,52.11,13.9,1016.5,Clear
2022-09-10,Delhi,28.73,21.65,35.89,29.44,98.0,4.46,1010.82,Rainy
2024-12-28,Bengaluru,12.51,7.0,19.03,0.82,82.11,11.89,1009.08,Cold
2024-12-02,Mumbai,22.03,13.34,29.26,3.2,72.37,6.44,1018.76,Clear
2023-09-18,Bengaluru,27.58,19.96,32.79,6.35,60.18,12.14,1014.47,Clear
2024-06-22,Hyderabad,39.93,33.0,47.54,12.43,73.19,16.23,1000.87,Rainy
2022-02-26,Chennai,25.53,18.96,31.62,1.91,85.18,6.09,1016.69,Cloudy
2024-09-30,Hyderabad,30.41,25.49,35.21,16.47,78.11,8.59,1008.45,Rainy
2022-09-10,Chennai,33.79,25.92,41.04,6.98,62.02,9.03,1007.08,Clear
2022-07-30,Bengaluru,36.21,30.62,40.65,3.15,52.24,15.35,1018.85,Hot
2023-07-01,Delhi,32.54,25.86,40.31,11.92,65.79,10.74,1012.33,Rainy
2023-10-31,Hyderabad,24.64,17.87,29.81,0.3,75.44,10.93,1015.61,Clear
2023-12-14,Bengaluru,17.95,10.73,22.46,0.99,73.24,12.03,1012.29,Cold
2023-04-18,Pune,28.69,22.72,33.21,0.37,66.89,17.8,1010.91,Clear
2022-08-24,Delhi,28.99,24.14,34.97,1.68,76.25,11.87,1012.8,Clear
2023-04-04,Bengaluru,33.73,26.07,37.8,0.65,43.98,13.22,1015.05,Clear
2023-09-24,Chennai,27.81,19.67,34.06,16.48,78.63,15.79,1013.2,Rainy
2023-08-15,Pune,32.81,25.94,37.87,4.0,69.13,2.48,1010.75,Clear
2024-05-01,Mumbai,34.15,26.61,38.28,1.15,59.81,14.5,1003.73,Clear
2022-09-16,Bengaluru,26.57,20.48,32.76,7.57,68.82,18.62,1003.75,Clear
2024-06-14,Mumbai,29.88,24.4,33.94,6.29,60.66,12.43,1011.53,Clear
2022-07-28,Hyderabad,36.44,30.92,41.6,25.46,87.73,14.77,1004.55,Rainy
2023-02-03,Chennai,27.33,22.27,33.45,1.26,53.32,5.15,1012.56,Clear
2022-12-02,Mumbai,21.96,13.32,26.38,0.56,82.64,7.93,1008.5,Cloudy
2023-10-10,Delhi,20.76,13.46,25.39,3.56,69.35,12.64,1007.79,Clear
2024-06-14,Delhi,36.13,27.92,40.21,6.35,56.82,14.24,1011.47,Hot
2022-08-16,Hyderabad,32.59,27.32,37.49,10.15,69.76,11.56,1008.92,Rainy
2022-09-10,Pune,24.71,17.57,29.4,9.77,68.31,14.99,1012.78,Clear
2024-10-12,Mumbai,22.57,17.9,30.35,1.53,68.42,7.1,1017.88,Clear
2023-09-17,Delhi,29.79,23.51,37.03,14.71,80.1,2.0,1013.29,Rainy
2023-06-20,Pune,32.63,27.55,39.47,12.65,77.49,15.21,1004.52,Rainy
2022-10-25,Delhi,22.63,13.98,29.56,2.28,84.65,11.49,1009.78,Cloudy
2023-03-19,Bengaluru,29.71,22.0,37.13,1.7,67.54,13.42,1010.41,Clear
2024-11-25,Delhi,22.85,14.28,27.4,0.67,64.22,14.81,1003.2,Clear
2023-09-18,Chennai,28.52,24.49,36.03,4.26,56.87,17.87,1013.94,Clear
2023-02-02,Chennai,30.5,26.07,38.03,0.71,80.38,12.1,1010.94,Cloudy
2023-02-06,Chennai,26.11,20.56,32.3,0.51,78.07,11.75,1012.08,Clear
2024-09-01,Pune,24.96,16.5,30.43,8.35,79.12,13.68,1011.92,Clear
2022-03-10,Hyderabad,29.7,23.65,34.67,2.26,53.73,16.37,1001.1,Clear
2024-08-21,Chennai,33.32,27.91,38.0,10.65,73.12,14.36,1016.89,Rainy
2024-10-21,Hyderabad,18.86,14.08,24.15,2.48,80.63,12.88,1009.38,Cloudy
2023-06-24,Pune,34.72,28.88,39.9,16.26,82.32,17.47,1015.69,Rainy
2022-09-20,Hyderabad,28.23,21.4,34.9,12.99,82.82,8.93,1023.44,Rainy
2022-10-15,Delhi,19.51,11.52,24.79,0.37,76.55,18.87,1015.2,Clear
2022-03-15,Delhi,29.74,25.65,35.18,3.0,72.5,12.85,1011.64,Clear
2024-02-07,Delhi,,13.55,23.05,6.81,98.0,9.1,1016.98,Cold
2024-07-28,Hyderabad,30.16,21.34,35.11,10.72,70.92,17.68,1015.38,Rainy
2024-01-25,Chennai,27.03,21.1,31.04,2.11,54.03,18.7,1002.31,Clear
2024-05-17,Delhi,28.95,23.53,33.29,,63.0,4.29,1009.4,Clear
2023-11-01,Hyderabad,21.37,14.78,28.92,10.05,92.27,14.68,1011.23,Rainy
2023-01-25,Chennai,26.53,20.57,32.1,3.02,68.69,12.48,1024.49,Clear
2024-11-11,Pune,18.51,10.37,25.58,3.74,73.04,8.01,1014.54,Clear
2023-12-22,Hyderabad,19.51,10.75,24.78,1.45,83.69,14.43,1007.23,Cloudy
2024-07-15,Delhi,32.85,28.84,38.25,2.0,59.04,18.44,1003.54,Clear
2024-03-15,Hyderabad,27.76,20.6,32.45,1.41,64.83,13.38,1018.59,Clear
2024-01-17,Chennai,20.3,13.85,27.35,3.32,67.96,7.34,1016.41,Clear
2024-01-28,Bengaluru,17.15,8.9,24.86,0.14,79.8,17.71,1019.01,Cold
2022-03-10,Bengaluru,24.71,15.85,32.57,1.3,60.37,14.34,1015.93,Clear
2023-07-07,Delhi,28.5,20.79,32.56,9.68,80.04,7.44,1005.45,Cloudy
2023-12-10,Hyderabad,18.39,14.15,25.37,3.14,75.01,3.59,1014.53,Clear
2022-08-07,Bengaluru,29.39,23.29,33.92,3.44,72.95,15.83,1023.33,Clear
2023-08-07,Pune,30.34,22.59,35.16,4.42,72.95,16.69,1012.0,Clear
2024-08-19,Bengaluru,31.52,22.66,36.43,11.4,74.04,13.7,1015.44,Rainy
2024-08-13,Delhi,33.27,27.55,38.07,26.62,92.7,10.59,1009.32,Rainy
2022-04-13,Delhi,31.36,25.94,36.88,1.62,58.02,13.94,1010.54,Clear
2023-08-04,Mumbai,36.26,31.48,43.27,13.56,67.05,4.93,1016.3,Rainy
2023-01-10,Pune,21.16,15.43,27.84,0.51,50.71,6.94,1008.26,Clear
2023-02-20,Hyderabad,20.63,14.1,26.0,3.67,68.62,13.33,1010.15,Clear
2024-02-22,Bengaluru,22.86,15.62,28.55,0.31,74.33,14.81,1019.34,Clear
2024-07-13,Hyderabad,31.49,25.74,38.85,45.51,98.0,14.59,1020.22,Heavy Rain
2022-02-25,Bengaluru,24.3,17.68,29.92,2.06,60.54,15.23,1001.62,Clear
2023-09-01,Hyderabad,30.28,21.46,34.84,21.1,97.54,6.45,1003.64,Rainy
2022-07-19,Hyderabad,32.56,25.82,38.39,23.52,98.0,14.47,1012.9,Rainy
2023-01-20,Bengaluru,20.5,15.22,26.99,1.51,71.86,12.43,1017.65,Clear
2023-07-14,Mumbai,41.45,36.32,46.12,16.33,63.6,11.96,1013.53,Rainy
2024-05-03,Hyderabad,38.22,33.99,44.65,1.87,52.05,7.35,1019.62,Hot
2024-04-11,Hyderabad,33.24,28.81,39.04,0.9,40.94,13.4,1013.24,Clear
2023-10-20,Delhi,25.53,18.38,29.67,0.59,73.45,9.19,1014.63,Clear
2023-05-28,Mumbai,35.73,26.82,41.25,1.71,59.86,6.1,1010.1,Hot
2022-12-12,Hyderabad,21.71,17.47,27.63,0.97,69.2,7.78,1007.84,Clear
2024-12-17,Mumbai,21.14,12.26,26.46,1.57,66.22,14.2,1018.36,Clear
2023-07-23,Pune,32.6,26.46,38.22,26.42,94.91,14.42,1019.56,Rainy
2024-10-09,Mumbai,30.05,22.82,37.35,,52.54,16.74,1013.54,Clear
2024-04-15,Pune,29.97,25.01,36.33,2.56,56.62,10.75,1007.07,Clear
2022-02-24,Pune,24.49,18.64,28.75,5.18,62.21,14.52,1010.67,Clear
2023-10-09,Delhi,,13.14,26.23,0.05,72.9,9.83,1010.18,Clear
2023-04-15,Chennai,38.02,33.12,44.84,1.68,50.57,7.57,1009.39,Hot
2022-04-27,Mumbai,37.15,32.38,44.41,0.54,42.67,18.19,1020.98,Hot
2024-01-11,Mumbai,24.98,19.26,31.47,1.7,70.66,10.33,1008.57,Clear
2024-05-08,Chennai,39.01,34.69,46.13,1.12,41.25,11.01,1012.23,Hot
2023-08-14,Chennai,35.92,28.5,42.82,23.72,87.88,12.64,1016.57,Rainy
2024-03-04,Hyderabad,24.38,20.37,31.44,0.09,77.58,15.87,1019.84,Clear
2023-01-23,Bengaluru,18.72,13.4,23.32,0.81,84.89,8.65,1015.93,Cloudy
2023-03-03,Chennai,33.1,26.21,38.58,1.98,61.44,12.07,1012.58,Clear
2024-04-10,Mumbai,37.25,29.3,42.43,0.3,34.51,5.67,1009.45,Hot
2022-04-30,Mumbai,33.95,27.55,40.32,3.77,66.49,7.47,1003.8,Clear
2023-01-04,Hyderabad,20.05,14.23,25.17,0.28,66.95,16.08,1007.46,Clear
2024-03-31,Chennai,27.03,21.1,32.43,4.96,60.52,9.9,1018.82,Clear
2024-02-06,Chennai,26.86,19.1,33.49,0.86,64.81,13.98,1015.96,Clear
2024-11-12,Chennai,28.66,19.85,33.84,5.75,66.57,12.46,1004.83,Clear
2023-09-28,Mumbai,30.0,23.73,37.02,15.83,95.23,20.11,1011.17,Rainy
2022-03-23,Hyderabad,27.33,19.03,32.27,1.08,56.19,13.63,1017.66,Clear
2024-12-12,Bengaluru,14.09,9.84,20.45,4.99,87.11,6.86,1010.73,Cold
2024-05-04,Bengaluru,35.53,27.6,39.89,0.05,57.76,14.46,1008.75,Hot
2024-09-18,Mumbai,30.94,22.67,37.69,27.52,97.92,9.52,1007.59,Rainy
2024-05-26,Mumbai,40.43,36.34,44.73,2.13,45.13,14.32,1014.3,Hot
2023-05-01,Hyderabad,39.14,33.12,47.01,0.46,43.6,10.65,1006.45,Hot
2024-07-20,Hyderabad,34.73,27.25,39.77,10.06,61.97,10.96,1008.66,Rainy
2024-04-18,Hyderabad,33.42,28.7,39.55,0.88,66.98,12.86,1014.35,Clear
2022-01-05,Mumbai,24.24,16.93,29.49,10.32,89.97,14.95,1012.86,Rainy
2024-05-09,Delhi,34.01,28.14,38.91,8.32,65.5,15.66,1010.88,Clear
2022-07-31,Chennai,46.49,39.02,51.26,4.54,26.93,13.11,1015.11,Hot
2024-07-21,Delhi,35.08,27.71,39.68,4.73,56.44,3.38,1013.96,Hot
2023-04-14,Delhi,32.42,28.02,38.75,1.5,41.18,10.6,1009.41,Clear
2022-10-27,Delhi,25.81,17.52,33.52,8.93,72.4,16.53,1005.04,Clear
2024-02-29,Hyderabad,21.71,15.78,28.39,3.88,87.24,8.5,1018.63,Cloudy
2023-07-21,Bengaluru,31.82,24.24,37.08,14.3,67.93,15.04,1004.84,Rainy
2023-07-04,Hyderabad,34.12,28.72,39.87,11.47,59.77,17.61,1018.74,Rainy
2023-01-29,Hyderabad,21.03,16.91,25.79,3.57,83.91,11.71,1014.01,Cloudy
2023-09-12,Pune,26.99,22.8,33.87,14.71,87.21,18.99,1020.41,Rainy
2022-02-22,Pune,24.0,18.13,30.51,0.57,70.47,5.11,1008.4,Clear
2024-12-05,Delhi,14.82,9.69,20.79,0.63,73.48,17.81,1009.85,Cold
2023-07-29,Mumbai,41.46,36.4,48.82,18.04,66.4,16.82,1009.79,Rainy
2023-04-27,Bengaluru,31.49,22.85,36.69,0.1,44.59,5.97,1014.52,Clear
2023-03-25,Bengaluru,24.19,15.22,29.86,0.44,71.36,17.07,1011.76,Clear
2024-05-08,Bengaluru,32.89,26.22,39.36,2.36,54.0,3.66,1017.14,Clear
2024-05-03,Mumbai,43.37,37.19,49.03,0.12,43.98,14.03,1015.12,Hot
2024-06-05,Pune,33.49,25.77,38.93,8.06,70.7,11.51,1009.55,Clear
2023-08-06,Delhi,29.5,22.03,35.12,19.31,93.91,18.43,1014.08,Rainy
2023-03-16,Chennai,36.59,29.78,43.5,0.78,57.05,9.25,1012.57,Hot
2023-06-30,Hyderabad,33.96,26.46,38.73,54.98,98.0,10.0,1018.51,Heavy Rain
2024-04-07,Hyderabad,33.53,27.03,41.25,4.68,66.92,11.8,1013.04,Clear
2022-03-12,Pune,19.23,12.4,23.83,0.27,85.2,9.65,1004.78,Cloudy
2023-06-07,Chennai,35.4,30.2,40.19,2.74,53.85,11.39,1015.15,Hot
2024-08-29,Mumbai,33.44,28.44,38.36,8.76,64.66,12.06,1002.41,Clear
2023-05-25,Delhi,35.97,27.3,42.04,0.15,43.49,11.49,1022.75,Hot
2022-04-22,Hyderabad,36.45,28.08,43.79,0.17,42.34,10.21,1010.67,Hot
2023-07-14,Bengaluru,32.21,23.48,38.06,8.74,73.75,18.92,1007.28,Clear
2022-06-26,Delhi,33.18,25.88,38.16,7.29,38.87,17.79,1011.9,Clear
2024-04-07,Bengaluru,31.17,24.75,36.46,6.44,64.53,17.89,1001.96,Clear
2023-02-01,Hyderabad,26.78,20.06,32.54,0.91,67.7,10.37,1016.65,Clear
2024-04-23,Bengaluru,22.9,17.77,28.1,1.13,63.39,12.49,1013.1,Clear
2024-01-29,Delhi,21.22,13.2,27.68,0.82,68.57,2.0,1000.62,Clear
2022-05-26,Chennai,39.21,32.82,44.32,0.32,34.36,5.48,1013.07,Hot
2023-06-09,Mumbai,43.01,36.76,50.0,5.05,37.62,13.95,1013.49,Hot
2022-09-21,Delhi,26.13,21.24,30.44,23.94,98.0,11.71,1008.31,Rainy
2023-09-25,Hyderabad,26.25,21.53,33.51,32.03,98.0,5.34,1008.68,Rainy
2024-01-16,Pune,20.68,15.51,27.7,0.77,82.21,18.05,1005.44,Cloudy
2023-05-22,Chennai,37.85,29.84,43.1,0.9,57.16,11.68,1010.71,Hot
2023-06-22,Mumbai,37.19,29.49,43.13,49.35,98.0,2.0,1008.85,Heavy Rain
2023-09-07,Delhi,24.57,17.35,32.26,19.77,90.82,13.23,1014.72,Rainy
2022-11-18,Chennai,26.01,20.83,30.13,0.18,73.84,16.3,1014.24,Clear
2022-04-27,Chennai,27.94,21.18,34.33,0.19,72.72,6.55,1014.11,Clear
2024-11-19,Bengaluru,22.11,14.66,28.69,2.73,74.6,11.97,1008.75,Clear
2024-09-10,Delhi,25.07,16.61,32.04,7.34,70.33,14.69,1011.52,Clear
2024-02-24,Mumbai,21.52,16.25,28.82,0.02,57.17,13.66,1007.55,Clear
2024-02-09,Bengaluru,20.59,13.02,26.75,3.29,75.88,16.58,1010.0,Clear
2022-11-10,Pune,20.89,14.49,28.44,1.19,65.05,17.09,1004.2,Clear
2022-12-12,Delhi,13.13,6.62,19.58,2.19,78.6,6.58,1015.12,Cold
2022-06-04,Mumbai,39.71,31.9,46.9,27.63,82.56,11.31,1012.08,Rainy
2024-03-28,Delhi,21.69,13.11,25.86,0.53,73.94,13.67,1006.53,Clear
2023-08-14,Pune,29.38,21.33,36.42,8.04,65.6,12.24,1019.1,Clear
2023-12-11,Delhi,22.12,17.24,28.12,1.47,77.21,11.78,1011.22,Clear
2024-11-23,Chennai,18.65,9.69,26.48,2.13,80.1,14.85,1007.98,Cloudy
2022-12-04,Hyderabad,22.67,14.72,27.08,3.89,73.83,12.43,1018.34,Clear
2023-07-30,Bengaluru,29.62,21.25,35.84,36.74,98.0,12.37,1005.76,Heavy Rain
2023-06-26,Delhi,32.3,27.3,39.53,24.76,98.0,10.77,1012.46,Rainy
2024-03-10,Pune,28.46,21.33,33.05,0.56,62.83,2.43,1013.73,Clear
2024-11-24,Hyderabad,20.81,16.13,27.03,0.33,80.22,12.22,1007.18,Cloudy
2023-07-24,Mumbai,34.76,28.24,39.81,17.87,84.56,12.8,1020.16,Rainy
2023-01-10,Chennai,21.95,17.72,27.66,0.73,71.03,12.09,1016.49,Clear
2023-12-22,Pune,17.34,11.49,21.93,2.71,81.14,,1018.5,Cold
2024-08-27,Pune,34.0,25.53,40.75,4.15,67.06,8.89,1015.24,Clear
2022-05-08,Mumbai,39.89,34.79,44.22,3.58,57.21,14.6,1011.5,Hot
2022-04-17,Bengaluru,29.01,24.88,36.14,0.59,64.55,10.06,1011.46,Clear
2022-02-09,Bengaluru,23.36,15.44,27.88,2.1,81.59,15.07,1011.66,Cloudy
2024-06-21,Delhi,37.85,33.17,42.06,10.97,54.92,8.15,1013.91,Rainy
2023-09-15,Chennai,33.08,25.52,37.63,34.53,98.0,8.89,1016.02,Rainy
2024-02-23,Delhi,23.46,18.09,28.35,0.24,60.8,10.61,1000.53,Clear
2024-09-07,Mumbai,28.46,20.58,32.97,16.29,62.95,16.6,1014.47,Rainy
2022-04-19,Delhi,29.5,24.99,34.55,0.07,69.42,13.5,1009.45,Clear
2022-07-10,Mumbai,34.8,26.98,39.86,18.06,86.56,10.71,1010.75,Rainy
2022-02-13,Pune,27.19,20.78,33.58,6.15,69.09,9.57,1008.85,Clear
2023-12-06,Hyderabad,16.24,11.83,23.46,0.23,78.13,8.96,1010.33,Cold
2023-12-01,Mumbai,24.43,20.25,28.84,0.44,71.01,19.14,1012.07,Clear
2024-04-01,Chennai,34.34,26.05,40.0,0.82,49.81,10.25,1011.96,Clear
2023-08-30,Mumbai,35.49,28.1,42.22,42.26,98.0,11.56,1018.09,Heavy Rain
2024-09-15,Bengaluru,21.71,16.98,28.6,1.64,65.53,2.5,1012.59,Clear
2022-10-29,Mumbai,26.45,17.7,32.76,3.78,64.34,4.12,1016.46,Clear
2022-05-13,Bengaluru,31.49,24.64,37.89,0.56,51.45,14.49,1022.04,Clear
2024-05-24,Chennai,37.63,32.18,42.91,3.33,47.19,23.04,1013.63,Hot
2024-11-26,Mumbai,24.77,16.13,30.1,0.88,66.69,10.52,1010.8,
2024-07-17,Chennai,39.08,31.88,44.8,5.5,47.99,20.59,1018.98,Hot
2023-01-09,Delhi,17.27,8.82,23.56,2.86,82.54,11.13,1011.24,Cold
2022-05-10,Pune,32.39,26.96,39.52,1.15,60.24,12.93,1016.98,Clear
2024-12-05,Mumbai,23.93,18.73,28.61,1.41,70.97,17.06,1006.95,Clear
2022-11-29,Delhi,22.17,16.62,28.91,0.09,75.57,11.3,1009.43,Clear
2022-01-14,Delhi,16.42,8.62,22.76,0.2,75.57,14.76,1012.88,Cold
2022-05-28,Pune,29.5,20.57,36.75,0.64,55.98,10.77,1017.72,Clear
2022-01-17,Mumbai,25.39,17.75,30.86,4.42,80.78,8.04,1009.17,Cloudy
2024-07-17,Delhi,37.11,32.86,42.81,12.67,67.23,14.23,1013.0,Rainy
2024-12-03,Pune,19.47,13.13,26.85,2.76,66.6,15.33,1010.31,Clear
2022-09-16,Hyderabad,27.53,21.52,32.95,13.18,85.37,5.61,1016.59,Rainy
2023-01-06,Hyderabad,19.36,10.59,25.64,3.51,81.1,19.4,1012.34,Cloudy
2024-03-26,Mumbai,29.57,25.42,35.79,1.64,71.66,11.62,1010.33,Clear
2024-05-25,Delhi,27.27,18.61,31.49,1.28,76.44,6.79,1008.34,Clear
2024-04-06,Chennai,37.53,29.54,44.28,3.54,49.99,16.31,1016.0,Hot
2022-05-01,Chennai,33.19,28.53,39.78,3.82,58.29,6.47,1005.51,Clear
2024-08-17,Mumbai,32.5,27.84,40.04,11.72,75.46,2.0,1018.83,Rainy
2023-05-25,Hyderabad,29.16,21.43,33.24,2.43,72.72,19.15,1005.48,Clear
2022-08-14,Mumbai,35.74,31.34,42.66,14.87,73.09,13.22,1021.04,Rainy
2023-11-22,Chennai,24.31,19.3,30.99,2.95,74.33,17.74,1019.64,Clear
2022-03-08,Bengaluru,31.31,24.13,37.11,1.56,52.21,10.68,1005.71,Clear
2023-02-20,Chennai,28.57,22.19,35.08,0.01,58.0,17.38,1015.52,Clear
2022-10-21,Delhi,22.17,16.91,27.98,2.95,75.92,15.81,1010.36,Clear
2023-07-17,Mumbai,40.22,31.59,48.07,2.47,33.68,10.51,1003.77,Hot
2022-05-29,Bengaluru,29.86,24.51,35.26,1.65,62.16,10.02,1015.97,Clear
2023-12-03,Chennai,15.22,9.83,19.68,2.53,80.1,13.82,1015.24,Cold
2023-08-21,Pune,31.69,27.14,37.46,11.88,82.5,8.59,1016.25,Rainy
2024-11-11,Mumbai,23.65,17.05,31.39,1.05,59.21,10.72,1012.72,Clear
2022-06-08,Bengaluru,37.73,29.77,44.26,1.71,39.0,14.83,1015.78,Hot
2022-07-01,Hyderabad,34.79,29.31,40.33,8.51,50.99,12.78,1014.27,Clear
2024-08-12,Mumbai,32.84,26.41,38.06,0.69,56.75,4.52,1007.41,Clear
2022-04-15,Chennai,40.2,31.49,47.32,2.0,43.09,18.28,1013.8,Hot
2023-06-28,Delhi,31.3,23.04,36.87,5.35,66.64,9.59,1003.54,Clear
2024-09-20,Chennai,29.84,22.49,35.44,10.45,75.0,16.15,1009.89,Rainy
2022-12-18,Hyderabad,20.69,15.77,27.51,2.96,80.41,4.3,1009.69,Cloudy
2024-05-27,Chennai,37.95,30.53,43.07,0.17,33.85,11.13,1010.95,Hot
2022-05-03,Pune,33.89,26.5,39.25,3.85,58.53,10.17,1007.16,Clear
2024-05-20,Hyderabad,36.4,31.31,40.89,7.51,62.99,15.73,1009.15,Hot
2022-02-01,Chennai,26.57,21.46,30.9,0.49,64.31,18.95,1015.29,Clear
2024-03-07,Chennai,38.11,33.94,44.84,0.71,61.88,8.32,1014.74,Hot
2023-03-08,Pune,30.65,24.16,36.82,1.01,61.4,11.89,1004.85,Clear
2023-12-01,Bengaluru,16.86,8.43,22.93,0.44,92.8,10.49,1004.64,Cold
2024-11-02,Chennai,29.46,25.0,36.79,1.61,57.78,7.44,1011.66,Clear
2022-07-24,Pune,32.54,23.82,38.9,26.27,82.68,12.16,1003.09,Rainy
2024-09-03,Chennai,28.44,22.39,33.13,7.73,72.28,11.26,1016.55,Clear
2022-08-08,Chennai,33.24,26.69,39.04,10.48,58.27,11.49,1009.71,Rainy
2022-06-10,Mumbai,40.32,34.96,45.97,10.49,56.65,12.42,1005.33,Rainy
2024-02-19,Bengaluru,21.49,17.29,28.17,1.06,77.68,13.03,1013.72,Clear
2022-11-17,Chennai,20.49,12.35,26.7,2.45,59.31,14.36,1008.28,Clear
2024-08-14,Mumbai,31.48,22.6,36.5,7.86,66.76,14.32,1012.46,Clear
2023-05-19,Bengaluru,35.03,31.0,42.51,1.32,39.09,16.18,1006.32,Hot
2024-11-08,Delhi,23.92,17.12,30.77,0.85,78.84,9.27,1017.86,Clear
2023-11-09,Delhi,15.86,11.71,21.61,1.98,82.29,12.24,1002.93,Cold
2023-05-05,Bengaluru,33.48,26.94,37.5,1.24,52.67,11.67,1018.22,Clear
2022-02-19,Hyderabad,22.61,14.22,29.82,1.18,82.65,14.6,1016.67,Cloudy
2023-08-13,Hyderabad,30.21,23.39,35.5,6.5,70.38,14.81,1016.48,Clear
2023-06-20,Chennai,43.4,37.21,50.03,15.82,65.14,11.36,1003.44,Rainy
2024-02-09,Delhi,21.58,16.67,27.92,0.32,75.39,15.1,1004.04,Clear
2023-05-16,Chennai,39.02,33.42,45.32,1.94,39.78,9.73,1006.99,Hot
2022-01-09,Delhi,16.73,8.83,21.61,2.2,89.8,15.63,1015.55,Cold
2022-04-09,Mumbai,36.02,30.73,40.57,0.2,49.49,12.78,1007.11,Hot
2024-07-26,Chennai,42.57,36.58,47.63,21.4,67.96,12.69,1013.88,Rainy
2023-01-01,Delhi,20.92,16.43,27.85,1.18,76.5,5.41,1018.98,Clear
2024-09-18,Delhi,25.2,16.44,32.19,11.17,79.58,9.48,1022.7,Rainy
2022-09-11,Mumbai,29.08,24.3,33.18,20.23,79.34,16.85,1011.25,Rainy
2023-09-28,Bengaluru,23.39,16.29,30.37,26.97,98.0,16.93,1009.5,Rainy
2024-06-30,Bengaluru,32.68,25.71,39.06,39.62,98.0,12.56,1005.22,Heavy Rain
2022-12-16,Pune,24.05,17.45,30.77,0.11,64.44,20.24,1018.82,Clear
2022-03-01,Chennai,28.13,19.66,35.15,0.36,61.27,10.82,1008.18,Clear
2023-07-07,Pune,32.0,26.56,36.83,12.86,81.67,18.41,1016.89,Rainy
2022-10-26,Hyderabad,19.47,14.77,25.43,1.53,77.47,10.21,1018.19,Clear
2022-12-06,Hyderabad,14.85,5.86,21.95,0.91,87.85,14.72,1014.96,Cold
2023-12-05,Bengaluru,12.87,4.2,18.96,1.36,82.45,11.13,1012.13,Cold
2023-08-24,Pune,34.31,27.68,40.81,20.35,84.88,14.47,1010.0,Rainy
2024-09-26,Delhi,24.06,15.88,29.93,18.47,81.04,5.3,1007.06,Rainy
2023-12-19,Chennai,28.02,23.19,35.03,0.83,63.89,17.95,1004.76,Clear
2024-03-26,Chennai,28.66,21.07,33.84,2.75,60.72,15.58,1014.52,Clear
2022-04-26,Hyderabad,31.93,22.95,39.7,0.39,61.77,10.75,1018.43,Clear
2022-02-28,Pune,27.37,21.31,33.26,5.1,65.89,14.33,1013.09,Clear
2022-03-05,Delhi,24.82,20.14,30.08,3.85,74.53,12.13,1012.14,Clear
2023-08-10,Pune,27.4,20.52,34.69,7.08,68.98,6.02,1012.04,Clear
2024-09-05,Delhi,27.62,22.91,32.8,11.31,88.08,11.52,1015.43,Rainy
2024-08-18,Pune,32.32,27.7,38.3,9.76,68.52,17.83,1006.38,Clear
2024-03-13,Bengaluru,23.47,17.09,27.86,3.44,73.12,9.23,1015.59,Clear
2024-08-15,Chennai,36.47,30.81,43.86,3.4,57.71,14.93,1015.8,Hot
2024-07-05,Delhi,33.23,27.38,39.36,12.31,86.27,12.43,1009.78,Rainy
2022-06-14,Hyderabad,37.42,30.65,42.05,32.35,92.37,12.25,1010.21,Rainy
2023-03-12,Bengaluru,26.36,18.62,32.27,2.89,71.56,9.39,1009.85,Clear
2024-11-05,Hyderabad,17.33,10.87,23.16,2.6,81.43,6.64,1005.04,Cold
2024-08-11,Pune,34.09,25.61,39.39,16.28,80.64,7.41,1004.35,Rainy
2023-08-16,Hyderabad,34.28,26.49,38.78,11.38,61.43,15.93,1007.7,Rainy
2022-12-22,Bengaluru,19.88,11.43,25.64,0.52,71.43,10.6,1018.5,Clear
2024-10-28,Chennai,26.2,19.49,32.66,1.4,66.6,13.53,1006.53,Clear
2023-09-16,Mumbai,30.14,22.98,36.31,18.26,79.08,11.01,1007.45,Rainy
2024-11-21,Chennai,17.16,11.09,22.98,1.76,78.82,9.67,1019.72,Cold
2023-02-08,Chennai,26.48,20.85,33.3,2.1,66.54,16.96,1006.65,Clear
2022-09-20,Mumbai,35.31,26.96,39.83,8.69,64.54,14.49,1010.15,Hot
2022-09-08,Chennai,25.9,18.04,31.89,1.12,74.68,17.3,1011.5,Clear
2022-03-23,Bengaluru,24.71,16.42,32.2,0.37,65.4,2.0,1009.01,Clear
2024-02-13,Bengaluru,17.91,9.33,25.81,1.94,83.61,11.73,1003.91,Cold
2022-02-24,Chennai,27.06,22.17,33.82,2.5,80.7,4.5,1000.6,Cloudy
2024-03-25,Chennai,32.23,26.87,38.45,0.22,46.55,13.46,1012.38,Clear
2023-08-09,Chennai,37.12,32.01,42.82,17.99,72.16,10.69,1020.6,Rainy
2023-12-08,Pune,21.04,13.74,26.34,1.95,60.12,9.31,1011.72,Clear
2022-12-19,Hyderabad,19.32,13.32,26.32,0.34,80.82,5.72,1014.23,Cloudy
2024-01-08,Delhi,20.46,15.02,27.28,2.52,73.01,9.93,1009.64,Clear
2022-07-13,Delhi,38.48,30.8,43.82,,71.79,10.69,1014.15,Rainy
2022-10-07,Chennai,25.43,21.09,31.87,2.99,66.87,4.06,1015.65,Clear
2024-05-13,Pune,37.92,28.97,42.39,1.36,50.37,8.83,1018.98,Hot
2024-02-24,Delhi,25.12,17.45,29.53,0.31,79.4,10.21,1016.49,Clear
2023-05-04,Mumbai,34.5,26.45,42.0,0.28,47.23,13.69,1013.66,Clear
2024-01-18,Pune,20.99,14.63,25.97,0.34,68.38,2.49,1015.5,Clear
2023-10-01,Pune,25.12,18.97,30.93,0.53,61.24,10.82,1015.33,Clear
2023-12-21,Delhi,16.66,12.02,23.93,0.42,79.6,2.16,1012.47,Cold
2024-10-24,Delhi,29.81,23.54,37.38,0.09,58.05,15.26,1007.28,Clear
2022-05-27,Mumbai,40.6,34.22,47.97,1.88,53.51,10.96,1011.02,Hot
2022-05-31,Chennai,37.9,29.9,44.37,2.1,50.75,22.07,1012.38,Hot
2024-06-09,Pune,34.69,26.9,38.89,1.81,56.46,9.16,1015.42,Clear
2022-10-01,Pune,21.1,14.9,27.18,3.76,80.14,12.57,1018.66,Cloudy
2023-07-26,Chennai,36.7,31.11,42.26,17.0,73.17,16.1,1011.42,Rainy
2023-09-12,Delhi,30.92,22.06,38.57,24.65,98.0,12.89,1007.05,Rainy
2023-10-22,Mumbai,28.48,21.71,33.18,1.53,65.02,16.01,1016.45,Clear
2023-11-30,Pune,21.0,16.18,25.81,1.97,75.38,15.11,1015.86,Clear
2022-11-16,Delhi,20.75,13.99,27.52,0.53,65.07,7.65,1014.46,Clear
2022-04-20,Bengaluru,27.93,19.38,35.29,6.62,71.41,6.85,1015.91,Clear
2024-09-21,Bengaluru,23.13,16.14,27.72,30.43,98.0,10.95,1020.56,Rainy
2022-02-21,Pune,30.44,22.17,36.33,0.82,63.02,13.07,1017.43,Clear
2024-12-16,Delhi,15.12,10.46,21.42,4.06,77.84,5.58,1015.04,Cold
2023-09-01,Mumbai,30.65,22.1,36.18,9.13,58.17,4.27,1017.35,Clear
2024-03-18,Chennai,28.92,20.89,34.15,3.12,68.5,12.2,1014.34,Clear
2022-10-22,Bengaluru,23.73,18.73,30.19,0.49,71.35,20.22,1021.02,Clear
2024-04-14,Pune,36.29,28.93,43.62,0.96,51.51,15.48,1015.72,Hot
2022-07-17,Mumbai,38.62,31.18,46.12,1.89,43.04,13.91,1010.75,Hot
2024-01-10,Delhi,19.15,13.29,24.83,0.25,74.36,7.24,1011.14,Clear
2022-05-16,Delhi,32.2,24.38,36.23,4.03,64.01,16.86,1022.89,Clear
2022-01-06,Hyderabad,20.2,12.93,26.06,3.27,76.77,9.73,1010.12,Clear
2024-02-06,Mumbai,24.34,16.0,30.99,4.03,70.18,12.35,1006.82,Clear
2022-04-23,Hyderabad,33.22,25.73,40.05,1.18,52.34,13.65,1003.71,Clear
2024-07-19,Bengaluru,35.07,30.07,39.44,10.61,52.6,10.92,1014.58,Rainy
2024-11-29,Delhi,17.98,9.09,25.66,2.37,92.07,19.85,1013.57,Cold
2022-07-22,Mumbai,34.42,28.02,40.99,12.85,65.32,,1018.04,Rainy
2022-08-11,Bengaluru,30.42,25.94,36.71,5.0,71.87,12.44,1008.81,Clear
2023-07-02,Hyderabad,36.76,30.36,43.93,2.76,46.18,15.86,1016.05,Hot
2022-02-25,Chennai,24.24,16.54,30.87,2.79,72.33,4.32,1016.25,Clear
2023-09-30,Pune,30.81,25.95,36.46,2.58,63.27,11.85,1018.73,Clear
2022-11-08,Chennai,21.71,15.37,27.48,0.21,74.12,13.75,1005.55,Clear
2023-08-09,Delhi,35.33,26.72,40.32,32.26,98.0,12.35,1022.38,Rainy
2023-09-04,Pune,22.61,18.27,27.62,7.38,95.58,15.76,1004.25,Cloudy
2024-02-28,Hyderabad,25.39,20.28,30.22,4.72,59.52,4.49,1015.83,Clear
2024-05-15,Hyderabad,29.55,23.77,37.15,1.89,56.65,12.76,1018.87,Clear
2022-10-05,Chennai,30.32,26.31,37.25,1.24,66.27,12.83,1012.82,Clear
2022-07-06,Bengaluru,38.82,29.98,44.68,3.36,59.56,15.25,1019.18,Hot
2023-01-11,Chennai,25.25,20.48,32.88,1.22,66.74,11.51,1012.93,Clear
2024-05-04,Mumbai,32.65,25.73,38.13,,52.53,10.96,1011.06,Clear
2022-07-25,Chennai,34.52,28.04,41.86,38.29,93.66,4.37,1016.35,Heavy Rain
2024-06-02,Chennai,37.73,31.09,42.25,5.89,58.08,9.17,1009.39,Hot
2022-12-20,Hyderabad,16.72,10.47,23.82,0.74,82.22,11.01,1010.98,Cold
2024-03-20,Bengaluru,22.82,15.36,29.09,0.11,69.0,12.58,1019.58,Clear
2024-11-30,Pune,20.59,13.04,26.27,2.75,74.77,9.31,1020.35,Clear
2023-11-30,Mumbai,19.99,15.35,26.14,1.39,79.91,10.42,1008.13,Clear
2024-11-20,Chennai,26.49,17.74,34.06,2.69,79.59,10.36,1011.32,Clear
2024-03-18,Delhi,27.15,20.21,32.67,0.97,75.95,9.04,1003.74,Clear
2023-02-13,Bengaluru,15.96,11.28,21.4,2.49,95.76,14.76,1012.08,Cold
2023-06-25,Pune,37.64,33.29,43.68,28.25,90.73,18.72,1005.45,Rainy
2022-06-19,Bengaluru,33.38,26.5,38.68,2.78,61.21,22.77,1017.29,Clear
2022-10-21,Bengaluru,21.96,15.35,26.04,1.17,83.67,9.89,1006.22,Cloudy
2022-07-15,Pune,35.71,26.79,42.25,11.71,80.54,11.61,1010.51,Rainy
2022-10-03,Hyderabad,24.71,19.18,29.75,0.37,56.29,11.54,1015.2,Clear
2022-05-17,Chennai,37.29,30.97,43.3,1.3,54.04,17.57,1007.47,Hot
2024-01-28,Pune,21.32,13.98,29.09,0.48,76.45,12.28,1025.48,Clear
2024-04-28,Hyderabad,30.12,24.09,36.06,1.2,56.53,8.23,1007.74,Clear
2023-04-21,Bengaluru,28.73,22.31,34.8,1.6,51.73,3.46,1013.49,Clear
2022-01-17,Bengaluru,15.05,8.58,22.12,0.43,85.11,11.76,1010.61,Cold
2024-10-07,Chennai,17.26,8.75,21.69,0.63,74.57,15.59,1010.11,Cold
2022-09-05,Chennai,32.31,23.72,40.16,16.74,81.99,16.92,1009.84,Rainy
2023-04-01,Bengaluru,26.9,22.53,31.09,2.36,62.64,12.88,1012.24,Clear
2022-06-07,Bengaluru,34.53,27.91,39.76,9.32,74.48,8.49,1019.34,Clear
2024-06-21,Pune,36.35,31.6,43.33,7.21,54.03,11.46,1007.64,Hot
2023-10-26,Mumbai,28.95,23.2,36.66,0.16,74.76,16.8,1005.7,Clear
2023-01-31,Hyderabad,16.34,11.98,24.11,0.73,75.5,15.8,1016.49,Cold
2024-08-27,Hyderabad,32.47,23.98,37.19,27.11,97.71,12.76,1008.41,Rainy
2023-04-06,Bengaluru,33.15,28.18,39.69,3.12,53.95,10.51,1011.89,Clear
2022-01-30,Hyderabad,18.42,13.0,26.17,0.71,72.79,14.21,1013.64,Clear
2022-12-27,Hyderabad,19.73,13.2,26.19,0.44,73.02,10.19,1014.95,Clear
2022-02-20,Chennai,25.41,17.58,30.99,0.63,75.46,13.77,1007.27,Clear
2022-04-06,Chennai,36.21,31.94,43.86,1.17,49.6,9.74,1012.54,Hot
2023-12-11,Mumbai,16.83,9.1,22.34,0.83,65.44,12.32,1015.79,Cold
2022-07-06,Pune,38.59,31.55,43.0,6.37,57.45,12.41,1007.07,Hot
2023-01-20,Chennai,19.38,10.91,27.29,2.5,81.1,15.95,1007.63,Cloudy
2023-11-16,Hyderabad,17.35,10.04,25.09,0.25,82.28,10.84,1007.21,Cold
2023-04-29,Delhi,28.55,19.69,33.22,0.44,59.03,14.91,1000.97,Clear
2024-01-12,Bengaluru,17.34,11.3,24.39,1.01,64.13,7.78,1009.06,Cold
2022-07-30,Pune,31.43,24.75,36.28,17.64,86.37,18.09,1011.0,Rainy
2022-01-17,Chennai,23.84,16.33,29.41,0.18,75.61,2.97,1009.23,Clear
2022-01-25,Chennai,27.46,20.35,32.76,2.74,81.12,8.61,1013.36,Cloudy
2022-02-15,Delhi,27.79,19.92,35.69,3.08,58.1,16.51,1017.8,Clear
2022-01-15,Bengaluru,20.1,12.86,27.63,2.73,72.77,11.61,1010.18,Clear
2022-04-23,Chennai,32.76,28.46,38.34,0.55,53.06,11.9,1008.79,Clear
2024-07-31,Pune,31.53,22.95,39.24,12.41,74.02,10.55,1018.23,Rainy
2023-03-10,Pune,24.15,15.62,30.49,0.3,70.39,2.45,1007.83,Clear
2023-07-22,Pune,33.42,25.63,40.56,9.95,72.07,6.67,1008.25,Clear
2024-12-02,Hyderabad,18.86,10.47,24.36,2.13,85.24,6.6,1006.92,Cloudy
2024-11-05,Chennai,22.67,14.6,27.13,3.29,77.93,13.13,1016.29,Clear
2024-11-29,Chennai,27.87,22.99,34.89,7.04,66.38,8.98,1005.24,Clear
2022-12-06,Bengaluru,17.74,9.73,23.97,1.23,74.59,17.55,1013.8,Cold
2022-09-17,Chennai,35.96,31.02,41.2,42.77,98.0,3.59,1007.6,Heavy Rain
2024-02-03,Hyderabad,23.98,18.21,31.53,0.59,74.79,8.22,1014.37,Clear
2023-05-23,Hyderabad,42.36,36.84,49.53,0.76,30.51,15.4,1014.3,Hot
2023-05-17,Delhi,33.62,25.14,39.67,0.71,54.31,8.26,1018.88,Clear
2024-05-18,Delhi,38.03,29.3,45.34,4.41,63.73,14.78,1019.72,Hot
2023-05-17,Pune,31.4,24.21,37.23,0.57,54.55,22.32,1014.72,Clear
2023-06-22,Delhi,31.51,23.42,37.92,7.79,75.77,11.13,1008.7,Clear
2023-03-10,Delhi,27.68,21.96,32.8,5.17,64.12,14.24,1007.23,Clear
2023-03-12,Chennai,26.68,19.63,31.86,5.02,70.49,14.02,1009.54,Clear
2024-08-23,Delhi,29.01,22.52,35.47,10.73,77.11,5.98,1012.84,Rainy
2022-01-27,Bengaluru,20.97,14.72,25.96,1.46,66.82,6.21,1012.59,Clear
2023-09-19,Pune,29.07,23.78,34.38,14.4,79.22,8.12,1020.95,Rainy
2024-06-14,Hyderabad,25.72,19.72,30.97,19.65,91.95,17.19,1019.12,Rainy
2024-11-25,Mumbai,21.5,13.17,25.63,8.39,88.24,15.13,1013.68,Cloudy
2022-09-10,Hyderabad,29.86,25.64,35.71,4.91,53.7,21.33,1013.16,Clear
2024-11-16,Delhi,22.46,14.83,26.7,3.16,72.38,12.47,1008.63,Clear
2023-08-06,Pune,32.28,25.6,38.12,9.28,68.03,9.9,1007.25,Clear
2024-06-13,Chennai,40.78,36.59,45.37,21.32,70.1,11.61,1010.73,Rainy
2023-10-24,Pune,17.59,10.96,22.52,1.8,65.86,15.27,1009.27,Cold
2023-06-24,Chennai,37.19,29.22,45.02,19.84,80.37,7.42,1019.53,Rainy
2024-06-22,Bengaluru,35.88,27.72,42.7,13.85,74.25,11.97,1008.31,Rainy
2024-01-03,Hyderabad,18.83,10.89,24.26,0.29,67.38,10.33,1017.45,Clear
2023-07-18,Mumbai,,33.35,44.36,5.86,54.23,13.98,997.73,Hot
2023-08-22,Delhi,28.34,21.32,33.22,12.76,68.2,11.02,1011.43,Rainy
2024-05-13,Mumbai,35.04,29.16,40.49,0.0,45.53,19.32,1014.59,Hot
2023-01-24,Pune,18.45,13.37,24.8,0.19,84.01,10.69,1010.51,Cloudy
2023-05-13,Chennai,40.26,36.04,45.99,0.99,39.85,14.23,1006.52,Hot
2024-01-21,Hyderabad,17.16,11.48,23.22,0.74,88.58,10.4,1020.87,Cold
2022-07-26,Mumbai,37.71,31.66,45.07,26.2,71.66,10.04,1006.4,Rainy
2022-04-15,Hyderabad,30.13,25.28,35.33,2.9,70.42,19.23,1005.76,Clear
2024-05-20,Mumbai,39.19,34.56,45.55,0.15,44.79,13.61,1018.6,Hot
2022-04-20,Hyderabad,30.14,24.47,37.88,1.62,54.51,11.12,1004.02,Clear
2023-05-18,Mumbai,35.17,30.99,43.15,1.82,51.72,10.18,1009.13,Hot
2024-10-25,Mumbai,19.59,14.44,26.57,4.31,80.57,14.8,1007.38,Cloudy
2023-07-07,Bengaluru,32.79,24.29,37.57,52.45,98.0,13.12,1016.37,Heavy Rain
2023-05-14,Delhi,38.06,31.99,44.42,1.9,51.05,15.02,1010.56,Hot
2022-04-12,Chennai,32.4,25.04,38.5,2.76,55.43,17.91,1005.46,Clear
2023-11-04,Hyderabad,21.75,14.83,29.68,1.76,74.99,13.52,1004.96,Clear
2023-04-20,Pune,30.49,25.37,35.93,0.34,66.67,13.43,1009.12,Clear
2023-08-05,Delhi,27.43,18.8,32.59,5.45,64.84,11.03,1009.52,Clear
2023-05-27,Chennai,37.31,32.89,44.32,0.8,46.61,14.34,1014.1,Hot
2023-06-24,Delhi,34.03,26.74,39.51,26.14,87.91,13.55,1017.89,Rainy
2024-02-02,Chennai,28.51,22.71,32.89,2.4,64.21,11.79,1010.37,Clear
2024-03-15,Mumbai,32.59,26.99,39.27,1.55,45.46,16.57,1008.68,Clear
2023-01-03,Chennai,22.58,14.8,27.03,2.46,62.96,10.2,1008.42,Clear
2022-12-24,Bengaluru,18.75,14.68,23.16,3.56,71.13,10.65,1015.1,Clear
2022-09-20,Delhi,25.46,18.05,30.67,21.98,98.0,8.45,1006.17,Rainy
2022-08-03,Hyderabad,30.43,25.28,36.62,5.13,52.71,10.6,1006.59,Clear
2024-07-01,Delhi,36.48,29.11,43.06,2.88,57.16,13.64,1006.06,Hot
2023-05-07,Hyderabad,32.92,26.69,38.8,4.17,65.21,13.34,1007.79,Clear
2023-04-25,Chennai,36.62,28.73,42.96,2.86,54.71,18.63,1013.0,Hot
2022-07-20,Mumbai,34.47,26.08,42.45,5.73,44.74,12.9,1016.66,Clear
2024-03-09,Chennai,35.47,29.61,40.73,0.6,61.68,8.57,1012.08,Hot
2024-06-26,Delhi,39.91,35.35,47.08,14.04,78.38,6.54,1012.44,Rainy
2023-12-06,Chennai,19.84,10.93,25.45,2.88,79.63,14.73,1014.42,Clear
2022-03-28,Delhi,26.74,18.44,31.22,5.7,74.27,15.16,1012.91,Clear
2022-10-01,Bengaluru,18.85,11.84,26.66,1.75,77.7,12.62,1009.52,Clear
2023-02-17,Chennai,25.84,20.88,30.75,2.63,84.93,14.22,1011.71,Cloudy
2022-04-01,Hyderabad,29.77,21.2,36.43,8.45,86.24,13.28,1010.52,Cloudy
2024-08-10,Chennai,32.41,25.47,39.52,12.57,66.51,10.15,1011.58,Rainy
2022-05-11,Hyderabad,34.46,26.02,39.41,0.9,58.23,8.47,1006.72,Clear
2022-11-11,Chennai,23.68,15.84,29.02,0.23,68.64,8.5,1019.26,Clear
2023-01-27,Mumbai,19.46,15.31,27.3,2.14,77.9,18.31,1016.93,Clear
2022-05-19,Chennai,38.54,30.84,45.26,0.81,41.21,11.83,1018.75,Hot
2024-05-24,Hyderabad,33.17,25.15,38.82,2.69,64.21,11.15,1014.35,Clear
2023-02-04,Pune,28.04,20.67,34.96,0.55,63.67,5.91,1002.24,Clear
2023-05-19,Delhi,29.83,21.19,36.1,1.09,56.06,10.6,1011.64,Clear
2024-07-20,Pune,39.42,32.29,44.64,2.82,52.97,14.4,1021.31,Hot
2024-05-14,Hyderabad,30.46,26.2,37.51,0.55,50.91,16.79,1010.99,Clear
2024-12-15,Hyderabad,22.41,18.21,27.54,3.87,74.52,12.28,1015.61,Clear
2023-01-12,Delhi,26.33,19.99,31.97,0.65,54.47,18.37,1012.85,Clear
2022-03-06,Mumbai,31.74,26.69,37.22,8.23,65.07,18.58,1010.75,Clear
2023-08-20,Bengaluru,27.75,19.38,34.54,12.75,82.7,13.94,1009.59,Rainy
2024-08-24,Pune,34.59,29.97,41.18,12.09,59.45,9.73,1016.83,Rainy
2024-06-11,Hyderabad,38.27,31.75,45.27,3.04,49.56,11.12,1006.96,Hot
2023-05-08,Mumbai,37.15,30.77,44.54,1.1,50.8,10.66,1005.28,Hot
2023-01-15,Mumbai,26.24,20.59,32.05,0.73,66.65,19.62,1020.13,Clear
2024-05-01,Chennai,41.51,33.09,46.45,0.36,55.06,9.9,1016.86,Hot
2023-04-21,Hyderabad,28.93,24.84,36.04,1.51,75.95,13.28,1009.17,Clear
2024-05-30,Chennai,39.85,31.68,44.99,0.72,45.7,16.28,1007.52,Hot
2023-12-07,Bengaluru,15.38,11.06,22.05,1.61,78.58,13.18,1012.38,Cold
2023-05-19,Hyderabad,35.9,31.85,40.33,2.35,42.91,12.81,1008.62,Hot
2024-12-12,Mumbai,20.45,14.49,28.11,8.07,71.25,8.2,996.31,Clear
2024-05-28,Mumbai,35.45,29.76,41.13,3.79,55.58,10.52,1004.1,Hot
2022-12-04,Mumbai,21.01,15.46,26.01,0.62,56.91,14.13,1017.24,Clear
2024-08-17,Chennai,34.14,27.46,40.83,4.9,42.75,14.39,1009.12,Clear
2024-10-13,Mumbai,24.25,17.7,28.76,0.6,77.41,11.83,1000.21,Clear
2022-06-29,Pune,34.79,28.71,39.38,,82.99,10.33,1012.21,Rainy
2023-05-26,Bengaluru,33.29,24.98,40.03,0.34,56.91,10.67,1017.1,Clear
2022-06-17,Hyderabad,36.34,30.64,41.95,17.78,86.18,19.26,1020.15,Rainy
2022-02-24,Bengaluru,24.23,19.41,29.61,1.57,68.97,10.07,1008.63,Clear
2023-06-12,Hyderabad,40.25,33.86,44.96,12.36,74.34,13.47,1000.22,Rainy
2024-07-22,Chennai,42.51,36.15,50.4,23.37,76.81,19.83,1015.3,Rainy
2024-09-22,Mumbai,27.27,21.37,31.3,11.49,77.1,14.05,1003.17,Rainy
2024-06-04,Pune,41.39,33.97,47.45,16.11,71.76,10.84,1006.04,Rainy
2024-10-06,Bengaluru,28.44,22.41,33.03,0.42,54.56,15.16,1014.33,Clear
2022-06-11,Mumbai,36.2,29.36,41.22,14.8,80.19,11.7,1009.11,Rainy
2022-07-15,Chennai,33.93,27.01,39.21,34.74,98.0,13.93,1003.35,Rainy
2023-02-19,Hyderabad,23.28,16.33,29.55,0.41,68.57,5.86,1015.0,Clear
2023-02-09,Pune,23.63,17.87,30.73,1.5,76.33,14.19,1016.13,Clear
2023-07-10,Bengaluru,38.46,31.16,44.67,17.69,60.8,8.01,1016.11,Rainy
2024-04-21,Hyderabad,28.59,21.83,34.13,2.2,62.73,15.04,1012.41,Clear
2023-02-26,Delhi,21.75,14.67,28.0,0.81,70.9,12.67,1013.64,Clear
2022-06-23,Bengaluru,36.76,31.67,43.31,15.31,85.92,17.08,1009.48,Rainy
2024-10-18,Mumbai,22.27,17.27,30.01,3.15,71.19,11.8,1013.18,Clear
2024-05-31,Delhi,37.01,31.75,44.26,3.91,51.2,9.53,1012.59,Hot
2023-10-18,Bengaluru,20.84,13.43,25.51,4.07,78.06,7.73,1010.53,Clear
2023-05-05,Pune,30.52,25.71,34.69,1.25,48.64,12.86,1017.37,Clear
2024-05-09,Pune,35.67,28.58,40.21,0.92,52.41,17.26,1010.64,Hot
2024-08-18,Delhi,32.34,27.5,36.86,51.37,98.0,14.46,1012.78,Heavy Rain
2024-05-19,Chennai,39.6,32.8,47.25,0.74,42.58,14.17,1008.11,Hot
2022-02-04,Mumbai,30.95,23.9,36.63,0.52,47.89,13.78,1015.87,Clear
2023-12-28,Bengaluru,17.89,13.24,24.83,1.08,80.32,12.92,1008.61,Cold
2024-02-15,Mumbai,24.15,16.46,28.91,0.16,69.06,12.12,1015.49,Clear
2022-12-31,Delhi,23.43,16.44,28.06,0.34,81.44,13.08,1012.11,Cloudy
2023-01-18,Pune,26.16,20.41,31.26,0.27,69.01,15.69,1012.62,Clear
2022-01-07,Chennai,19.57,14.62,26.31,0.25,73.88,15.62,1009.46,Clear
2024-01-26,Chennai,19.94,15.6,24.43,1.68,71.4,15.29,1005.75,Clear
2022-09-25,Pune,26.46,19.54,33.12,18.46,92.99,20.0,1006.73,Rainy
2023-02-25,Delhi,18.32,12.51,25.69,0.68,78.11,10.73,1009.5,Clear
2023-09-25,Delhi,28.13,22.75,35.05,15.52,73.61,11.49,1013.65,Rainy
2024-08-03,Pune,31.71,24.91,35.89,1.93,67.58,15.55,1015.18,Clear
2022-08-30,Mumbai,32.16,27.46,37.27,11.34,69.71,3.73,1014.26,Rainy
2024-08-23,Pune,27.29,22.8,35.19,2.22,55.92,7.48,1010.11,Clear
2022-06-21,Delhi,37.73,31.75,43.57,3.61,57.06,11.26,1006.44,Hot
2023-08-24,Mumbai,30.42,22.86,35.12,14.44,84.59,11.95,1009.7,Rainy
2022-09-01,Delhi,22.15,17.23,27.27,35.34,98.0,13.71,1010.98,Heavy Rain
2024-10-06,Hyderabad,23.07,16.95,30.89,3.62,73.07,19.06,1009.1,Clear
2024-04-10,Chennai,33.15,28.17,39.64,1.98,55.35,10.66,1016.23,Clear
2023-11-28,Delhi,21.86,16.04,26.55,4.59,71.66,16.19,1011.12,Clear
2023-11-16,Chennai,22.22,15.18,29.08,0.94,74.3,9.63,1013.13,Clear
2023-10-09,Mumbai,25.4,18.68,30.48,3.27,78.28,15.48,1006.07,Clear
2023-08-26,Bengaluru,34.29,29.05,40.46,9.41,56.03,11.42,1009.18,Clear
2022-09-26,Bengaluru,26.47,21.47,33.42,11.19,66.92,3.32,1012.49,Rainy
2024-10-07,Delhi,22.75,14.76,27.45,1.73,64.84,11.31,1009.38,Clear
2023-03-09,Pune,23.74,18.76,28.19,2.89,76.53,9.06,1015.91,Clear
2022-06-21,Pune,39.32,34.92,44.29,3.37,54.05,12.21,1017.23,Hot
2024-03-14,Pune,32.33,24.42,37.0,1.13,51.92,12.44,1020.18,Clear
2022-10-02,Hyderabad,21.49,15.66,25.83,1.46,67.79,6.23,1010.78,Clear
2024-03-24,Delhi,26.78,21.34,31.88,0.54,54.84,6.59,1012.61,Clear
2023-06-27,Delhi,40.8,34.71,48.77,14.45,55.37,14.91,1013.79,Rainy
2022-07-09,Mumbai,32.89,27.14,39.99,4.9,57.37,10.26,1013.41,Clear
2023-12-12,Pune,20.78,14.05,28.61,4.14,74.71,15.88,1022.57,Clear
2024-09-02,Mumbai,29.03,23.38,35.17,11.08,76.86,8.66,1003.41,Rainy
2023-07-10,Delhi,32.98,25.81,37.36,9.88,77.53,3.1,1007.23,Clear
2024-08-09,Pune,38.77,31.89,44.71,13.18,72.13,14.2,1008.96,Rainy
2023-01-02,Delhi,21.48,14.41,27.86,1.17,78.02,10.66,1006.33,Clear
2024-12-18,Mumbai,23.3,18.85,30.02,1.35,67.03,9.61,1014.83,Clear
2023-04-20,Mumbai,38.13,30.45,44.57,1.79,45.2,9.55,1021.05,Hot
2023-12-14,Delhi,21.95,17.27,28.66,0.19,76.35,10.23,1015.23,Clear
2023-04-05,Hyderabad,28.31,22.4,33.96,2.14,67.06,10.3,1021.67,Clear
2024-07-05,Chennai,40.97,33.79,46.16,16.98,77.67,6.68,1011.54,Rainy
2024-04-09,Bengaluru,27.73,20.58,35.13,2.51,79.72,12.9,1003.55,Clear
2022-04-08,Bengaluru,32.11,25.87,40.01,1.86,59.43,17.61,1015.44,Clear
2022-06-21,Hyderabad,38.66,32.85,46.46,2.17,40.58,19.06,1021.83,Hot
2022-03-30,Pune,26.8,19.69,31.31,0.74,60.02,15.77,1015.53,Clear
2024-07-29,Chennai,38.64,31.81,43.27,13.27,75.58,11.86,1018.3,Rainy
2023-10-30,Hyderabad,20.5,14.63,25.48,5.24,89.23,3.07,1012.74,Cloudy
2024-07-16,Hyderabad,31.4,24.56,36.0,19.29,84.76,12.73,1008.95,Rainy
2022-08-30,Delhi,33.71,25.61,41.32,,67.47,16.84,1010.13,Clear
2022-05-12,Chennai,37.91,30.18,45.15,0.21,33.26,11.55,1010.89,Hot
2022-07-19,Delhi,34.46,28.01,39.34,11.66,72.32,15.25,1018.71,Rainy
2024-02-09,Mumbai,19.38,13.77,27.23,1.0,74.55,10.47,1010.1,Clear
2023-08-13,Pune,32.8,27.5,38.99,19.96,75.45,10.66,1008.12,Rainy
2022-05-11,Mumbai,38.75,31.62,43.28,3.94,53.73,9.29,1021.0,Hot
2023-12-29,Delhi,26.01,19.91,33.52,1.87,79.16,10.16,1013.76,Clear
2024-09-06,Delhi,26.19,19.47,32.05,9.82,79.03,8.75,1007.24,Clear
2022-06-06,Bengaluru,32.72,26.3,36.77,14.95,71.28,10.38,1015.92,Rainy
2024-01-22,Chennai,26.0,17.61,33.59,0.44,52.62,7.66,1006.06,Clear
2022-04-09,Chennai,38.27,29.81,44.62,1.28,50.62,14.24,1015.04,Hot
2022-02-12,Hyderabad,18.56,14.11,26.03,1.26,80.66,9.7,1021.94,Cloudy
2024-08-08,Hyderabad,31.21,22.75,38.81,19.56,79.47,16.81,1014.02,Rainy
2023-04-12,Mumbai,37.46,31.41,43.42,4.36,53.62,14.03,1007.42,Hot
2024-02-25,Chennai,30.78,22.16,36.67,0.67,57.61,9.41,1008.09,Clear
2022-09-12,Chennai,31.36,24.46,37.88,2.05,55.14,21.36,1003.31,Clear
2024-06-19,Delhi,36.96,31.12,41.32,6.65,64.56,9.85,1001.26,Hot
2023-04-30,Bengaluru,29.69,23.77,36.21,0.04,62.49,10.29,1014.75,Clear
2024-03-18,Hyderabad,27.36,20.62,33.25,1.56,72.54,9.39,1012.98,Clear
2024-04-22,Hyderabad,30.59,24.96,37.71,5.36,63.18,13.6,1007.12,Clear
2024-10-03,Hyderabad,29.49,25.18,35.95,3.24,71.28,17.0,1018.52,Clear
2024-05-10,Mumbai,37.18,31.31,43.9,1.1,43.9,4.78,1013.66,Hot
